Date,Time,Hour,Year,Month,Day,DayOfWeek,Crash Latitude,Crash Longitude,KABCO Severity,# of Fatalities per Crash,# Serious Injuries,# Visible Injuries,Geolocated City,Geolocated County,Roadway (From Crash Report),Intersection Name (from Crash Report),Manner of Collision (Crash Level),Location at Impact (Crash Level),Light Conditions (Crash Level),Weather Conditions (Crash Level),Surface Condition (Crash Level),Agency Name (Crash Level),Safety Equipment (Crash Level),First Harmful Event (Unit Order),Most Harmful Event (Crash Level),"Operator/Pedestrian Contrib Factor (excl None, Other, No Contrib Factors)",join_id,Crash_to_TMAS_m
2022-01-01,16:30:00,16,2022,1,1,Saturday,33.759656,-84.378486,(O) No Injury,0.0,0.0,0.0,Atlanta,FULTON,John Lewis Freedom Pkwy Ne,Fort St Ne and John Lewis Freedom Pkwy Ne,Sideswipe-Same Direction,On Roadway - Roadway Intersection,Daylight,Clear,Dry,Atlanta Police Department,"[""Unknown"",""Unknown"",""Unknown"",""Booster Seat (Properly Used)"",""Unknown""]","[""Motor Vehicle in Motion"",""Motor Vehicle in Motion""]","[""Motor Vehicle in Motion"",""Motor Vehicle in Motion""]",Improper Turn,9,102.87467074062756
2022-01-01,18:37:00,18,2022,1,1,Saturday,33.807408,-84.379604,(O) No Injury,0.0,0.0,0.0,Atlanta,FULTON,I-85,None and I-85,Sideswipe-Same Direction,On Roadway - Non-Intersection,Dark-Lighted,Clear,Dry,Atlanta Police Department,"[""Motorcycle Helmet"",""Lap and Shoulder Belt Used"",""Lap and Shoulder Belt Used""]","[""Motor Vehicle in Motion"",""Motor Vehicle in Motion""]","[""Motor Vehicle in Motion"",""Motor Vehicle in Motion""]","[""Changed Lanes Improperly"",""Changed Lanes Improperly""]",322,37.46487019345638
2022-01-02,23:45:00,23,2022,1,2,Sunday,33.74299,-84.403274,(O) No Injury,0.0,0.0,0.0,Atlanta,FULTON,I-20,None and I-20,Sideswipe-Same Direction,Entrance/Exit Ramp,Dark-Lighted,Cloudy,Water (standing or moving),Atlanta Police Department,"[""Unknown"",""Unknown""]","[""Motor Vehicle in Motion"",""Motor Vehicle in Motion""]","[""Motor Vehicle in Motion"",""Motor Vehicle in Motion""]",Changed Lanes Improperly,315,66.77409168625246
2022-01-02,18:25:00,18,2022,1,2,Sunday,33.742505,-84.403767,(O) No Injury,0.0,0.0,0.0,Atlanta,FULTON,I-20,None and I-20,Rear End,On Roadway - Non-Intersection,Dark-Lighted,Clear,Wet,Atlanta Police Department,"[""Unknown"",""Unknown""]","[""Motor Vehicle in Motion"",""Motor Vehicle in Motion""]","[""Motor Vehicle in Motion"",""Motor Vehicle in Motion""]",Following Too Close,315,120.56549022978815
2022-01-02,05:30:00,5,2022,1,2,Sunday,33.677303,-84.397734,(O) No Injury,0.0,0.0,0.0,Atlanta,FULTON,I-75,I-75 and Exit 241,Not a Collision with Motor Vehicle,On Roadway - Non-Intersection,Dark-Lighted,Cloudy,Water (standing or moving),Atlanta Police Department,"[""Lap and Shoulder Belt Used"",""Lap and Shoulder Belt Used""]","[""Motor Vehicle in Motion"",""Motor Vehicle in Motion""]","[""Motor Vehicle in Motion"",""Motor Vehicle in Motion""]",Exceeding Speed Limit,309,112.0617160979082
2022-01-02,11:19:00,11,2022,1,2,Sunday,33.762101,-84.492659,(B) Suspected Minor/Visible Injury,0.0,0.0,1.0,Atlanta,FULTON,I-285,None and I-285,Not a Collision with Motor Vehicle,Off Roadway,Daylight,Rain,Wet,Atlanta Police Department,"[""Lap and Shoulder Belt Used"",""Lap and Shoulder Belt Used""]",Motor Vehicle in Motion,Motor Vehicle in Motion,"[""Too Fast for Conditions"",""Inattentive or Other Distraction (Distracted)""]",R376,191.19617303588885
2022-01-02,10:44:00,10,2022,1,2,Sunday,33.764869,-84.493524,(O) No Injury,0.0,0.0,0.0,Atlanta,FULTON,I-20,I-20 and I-285 N,Rear End,On Roadway - Non-Intersection,Daylight,Cloudy,Water (standing or moving),Atlanta Police Department,"[""Unknown"",""Unknown""]","[""Motor Vehicle in Motion"",""Motor Vehicle in Motion""]","[""Motor Vehicle in Motion"",""Motor Vehicle in Motion""]",Inattentive or Other Distraction (Distracted),R376,228.55596283969948
2022-01-02,07:00:00,7,2022,1,2,Sunday,33.8737,-84.445721,(O) No Injury,0.0,0.0,0.0,Atlanta,FULTON,I-75,None and I-75,Not a Collision with Motor Vehicle,Off Roadway,Dawn,Rain,Wet,Atlanta Police Department,Lap and Shoulder Belt Used,Median Barrier,Median Barrier,Too Fast for Conditions,308,77.04168004681986
2022-01-03,08:20:00,8,2022,1,3,Monday,33.795913,-84.392859,(B) Suspected Minor/Visible Injury,0.0,0.0,1.0,Atlanta,FULTON,I-75 Nb,17Th St and I-75 Nb,Not a Collision with Motor Vehicle,On Roadway - Non-Intersection,Daylight,Cloudy,Wet,Gsp Post 00,Lap and Shoulder Belt Used,Other Non-Collision,Median Barrier,,R378,125.3569516780632
2022-01-03,16:00:00,16,2022,1,3,Monday,33.792893,-84.391747,(O) No Injury,0.0,0.0,0.0,Atlanta,FULTON,I-75I-85Nb,14Th St and I-75I-85Nb,Sideswipe-Same Direction,On Roadway - Non-Intersection,Daylight,Clear,Dry,Gsp Post 00,"[""Lap and Shoulder Belt Used"",""Lap and Shoulder Belt Used""]","[""Motor Vehicle in Motion"",""Motor Vehicle in Motion""]","[""Motor Vehicle in Motion"",""Motor Vehicle in Motion""]",Changed Lanes Improperly,R378,239.368468785806
2022-01-03,01:00:00,1,2022,1,3,Monday,33.743255,-84.402193,(O) No Injury,0.0,0.0,0.0,Atlanta,FULTON,I-20,None and I-20,Sideswipe-Same Direction,On Roadway - Non-Intersection,Dark-Lighted,Rain,Water (standing or moving),Atlanta Police Department,"[""Unknown"",""Unknown""]","[""Motor Vehicle in Motion"",""Motor Vehicle in Motion""]",Median Barrier,Changed Lanes Improperly,315,51.20989085711707
2022-01-03,14:00:00,14,2022,1,3,Monday,33.764167,-84.492793,(O) No Injury,0.0,0.0,0.0,Atlanta,FULTON,Donald Lee Hollowell Pkwy Nw,Harwell Rd Nw and Donald Lee Hollowell Pkwy Nw,Sideswipe-Same Direction,On Roadway - Non-Intersection,Daylight,Clear,Dry,Atlanta Police Department,"[""Unknown"",""Unknown""]","[""Motor Vehicle in Motion"",""Motor Vehicle in Motion""]","[""Motor Vehicle in Motion"",""Motor Vehicle in Motion""]",,R376,128.30574067796442
2022-01-03,14:00:00,14,2022,1,3,Monday,33.79678,-84.395155,(B) Suspected Minor/Visible Injury,0.0,0.0,1.0,Atlanta,FULTON,I-75Sb,I-75Sb and Deering Rd,Rear End,On Roadway - Non-Intersection,Daylight,Clear,Dry,Gsp Post 00,"[""Lap and Shoulder Belt Used"",""Lap and Shoulder Belt Used"",""Lap and Shoulder Belt Used"",""Lap and Shoulder Belt Used""]","[""Motor Vehicle in Motion"",""Motor Vehicle in Motion""]","[""Motor Vehicle in Motion"",""Motor Vehicle in Motion""]","[""Following Too Close"",""Disregard Other Traffic Control""]",R356,82.9625639871835
2022-01-03,14:00:00,14,2022,1,3,Monday,33.797143,-84.395388,(O) No Injury,0.0,0.0,0.0,Atlanta,FULTON,Interstate 75 Southbound,Deering Road and Interstate 75 Southbound,Rear End,On Roadway - Non-Intersection,Daylight,Clear,Dry,Gsp Post 00,"[""Lap and Shoulder Belt Used"",""Lap and Shoulder Belt Used"",""Lap and Shoulder Belt Used""]","[""Motor Vehicle in Motion"",""Motor Vehicle in Motion""]","[""Motor Vehicle in Motion"",""Motor Vehicle in Motion""]",Changed Lanes Improperly,R356,122.47620829998708
2022-01-04,18:00:00,18,2022,1,4,Tuesday,33.806382,-84.379532,(O) No Injury,0.0,0.0,0.0,Atlanta,FULTON,Ga-13 S,Ga-13 S and Armour Dr,Rear End,On Roadway - Non-Intersection,Dark-Lighted,Clear,Dry,Gsp Post 00,"[""Lap and Shoulder Belt Used"",""Lap and Shoulder Belt Used"",""Lap and Shoulder Belt Used""]","[""Motor Vehicle in Motion"",""Motor Vehicle in Motion""]","[""Motor Vehicle in Motion"",""Motor Vehicle in Motion""]",Following Too Close,322,80.88407715094134
2022-01-04,15:16:00,15,2022,1,4,Tuesday,33.742266,-84.404771,(O) No Injury,0.0,0.0,0.0,Atlanta,FULTON,Interstate 20 West,Interstate 20 West and Lee Street Overpass,Rear End,On Roadway - Non-Intersection,Daylight,Clear,Dry,Gsp Post 00,"[""Lap and Shoulder Belt Used"",""Lap and Shoulder Belt Used"",""Lap and Shoulder Belt Used""]","[""Motor Vehicle in Motion"",""Motor Vehicle in Motion""]","[""Motor Vehicle in Motion"",""Motor Vehicle in Motion""]",Following Too Close,315,217.04009490173107
2022-01-04,10:20:00,10,2022,1,4,Tuesday,33.796761,-84.393373,(O) No Injury,0.0,0.0,0.0,Atlanta,FULTON,I-85Nb,I-85Nb and 17Th St,Rear End,On Roadway - Non-Intersection,Daylight,Clear,Dry,Gsp Post 00,"[""Lap and Shoulder Belt Used"",""Lap and Shoulder Belt Used"",""Lap and Shoulder Belt Used""]","[""Motor Vehicle in Motion"",""Motor Vehicle in Motion""]","[""Motor Vehicle in Motion"",""Motor Vehicle in Motion""]",Changed Lanes Improperly,R356,95.21821273596365
2022-01-04,08:30:00,8,2022,1,4,Tuesday,33.796696,-84.395101,(O) No Injury,0.0,0.0,0.0,Atlanta,FULTON,I-75,None and I-75,Rear End,On Roadway - Non-Intersection,Daylight,Clear,Dry,Atlanta Police Department,"[""Lap and Shoulder Belt Used"",""Lap and Shoulder Belt Used""]","[""Motor Vehicle in Motion"",""Parked Motor Vehicle""]","[""Motor Vehicle in Motion"",""Motor Vehicle in Motion""]",Following Too Close,R356,74.82134465910039
2022-01-05,06:49:00,6,2022,1,5,Wednesday,33.807141,-84.37996,(O) No Injury,0.0,0.0,0.0,Atlanta,FULTON,I-85,I-85 and Buford Hwy Conn,Rear End,On Roadway - Non-Intersection,Daylight,Clear,Dry,Atlanta Police Department,"[""Lap and Shoulder Belt Used"",""Lap and Shoulder Belt Used"",""Lap and Shoulder Belt Used"",""Lap and Shoulder Belt Used""]","[""Motor Vehicle in Motion"",""Motor Vehicle in Motion"",""Motor Vehicle in Motion""]","[""Motor Vehicle in Motion"",""Motor Vehicle in Motion"",""Motor Vehicle in Motion""]",Following Too Close,322,21.148220316702798
2022-01-05,18:39:00,18,2022,1,5,Wednesday,33.74349,-84.379816,(O) No Injury,0.0,0.0,0.0,Atlanta,FULTON,I-20,None and I-20,Sideswipe-Same Direction,On Roadway - Non-Intersection,Dark-Lighted,Clear,Dry,Atlanta Police Department,"[""Unknown"",""Unknown"",""Unknown""]","[""Motor Vehicle in Motion"",""Motor Vehicle in Motion"",""Motor Vehicle in Motion""]","[""Motor Vehicle in Motion"",""Motor Vehicle in Motion"",""Motor Vehicle in Motion""]",Changed Lanes Improperly,77,111.36166069889786
2022-01-05,15:33:00,15,2022,1,5,Wednesday,33.757792,-84.378881,(O) No Injury,0.0,0.0,0.0,Atlanta,FULTON,I-75,I-75 and John Wesley Dobbs Ave Ne,Sideswipe-Same Direction,On Roadway - Non-Intersection,Daylight,Clear,Dry,Atlanta Police Department,"[""Lap and Shoulder Belt Used"",""Lap and Shoulder Belt Used"",""Lap and Shoulder Belt Used""]","[""Motor Vehicle in Motion"",""Motor Vehicle in Motion"",""Motor Vehicle in Motion""]","[""Motor Vehicle in Motion"",""Motor Vehicle in Motion"",""Motor Vehicle in Motion""]",Changed Lanes Improperly,9,112.15437685105624
2022-01-06,07:30:00,7,2022,1,6,Thursday,33.796093,-84.393258,(O) No Injury,0.0,0.0,0.0,Atlanta,FULTON,Interstate 85 Northbound,17Th Street and Interstate 85 Northbound,Sideswipe-Same Direction,On Roadway - Non-Intersection,Dawn,Clear,Dry,Gsp Post 00,"[""Lap and Shoulder Belt Used"",""Lap and Shoulder Belt Used"",""Lap and Shoulder Belt Used"",""Child Restraint System (Properly Used)""]","[""Motor Vehicle in Motion"",""Motor Vehicle in Motion"",""Motor Vehicle in Motion""]","[""Motor Vehicle in Motion"",""Motor Vehicle in Motion"",""Motor Vehicle in Motion""]",Changed Lanes Improperly,R356,108.6084964255245
2022-01-06,17:51:00,17,2022,1,6,Thursday,33.759691,-84.481311,(O) No Injury,0.0,0.0,0.0,Atlanta,FULTON,I-20 Wb,I-285 and I-20 Wb,Rear End,On Roadway - Non-Intersection,Dark-Lighted,Cloudy,Wet,Gsp Post 00,"[""Lap and Shoulder Belt Used"",""Lap and Shoulder Belt Used""]","[""Other Non-Collision"",""Motor Vehicle in Motion""]",Motor Vehicle in Motion,,313,241.2031431577712
2022-01-06,09:27:00,9,2022,1,6,Thursday,33.798256,-84.396025,(O) No Injury,0.0,0.0,0.0,Atlanta,FULTON,I-75 Sb,I-75 Sb and Northside Drive,Sideswipe-Same Direction,On Roadway - Non-Intersection,Daylight,Clear,Dry,Gsp Post 00,"[""Lap Belt Only Used"",""Lap and Shoulder Belt Used"",""Lap and Shoulder Belt Used""]","[""Motor Vehicle in Motion"",""Motor Vehicle in Motion"",""Motor Vehicle in Motion""]","[""Motor Vehicle in Motion"",""Motor Vehicle in Motion"",""Motor Vehicle in Motion""]",Changed Lanes Improperly,R365,192.6001055501288
2022-01-06,08:50:00,8,2022,1,6,Thursday,33.794146,-84.393436,(C) Possible Injury / Complaint,0.0,0.0,0.0,Atlanta,FULTON,Interstate 75 Southbound,Deering Road and Interstate 75 Southbound,Sideswipe-Same Direction,On Roadway - Non-Intersection,Daylight,Clear,Dry,Gsp Post 00,"[""Lap and Shoulder Belt Used"",""Lap and Shoulder Belt Used"",""Lap and Shoulder Belt Used""]","[""Motor Vehicle in Motion"",""Motor Vehicle in Motion"",""Motor Vehicle in Motion""]","[""Motor Vehicle in Motion"",""Motor Vehicle in Motion"",""Motor Vehicle in Motion""]",Changed Lanes Improperly,R378,165.93664919119254
2022-01-06,18:29:00,18,2022,1,6,Thursday,33.759343,-84.478917,(O) No Injury,0.0,0.0,0.0,Atlanta,FULTON,I-20 West,I-285 and I-20 West,Rear End,On Roadway - Non-Intersection,Dark-Lighted,Clear,Wet,Gsp Post 00,"[""Lap and Shoulder Belt Used"",""Lap and Shoulder Belt Used"",""Lap and Shoulder Belt Used"",""Lap and Shoulder Belt Used"",""Lap and Shoulder Belt Used""]","[""Motor Vehicle in Motion"",""Motor Vehicle in Motion"",""Motor Vehicle in Motion""]","[""Motor Vehicle in Motion"",""Motor Vehicle in Motion"",""Motor Vehicle in Motion""]",Following Too Close,313,18.856289436745094
2022-01-06,18:26:00,18,2022,1,6,Thursday,33.764025,-84.492163,(C) Possible Injury / Complaint,0.0,0.0,0.0,Atlanta,FULTON,Exit 51B I-285 Nb Ramp,I-20 Eb and Exit 51B I-285 Nb Ramp,Rear End,Entrance/Exit Ramp,Dark-Lighted,Cloudy,Wet,Gsp Post 00,"[""Lap and Shoulder Belt Used"",""Lap and Shoulder Belt Used""]","[""Motor Vehicle in Motion"",""Motor Vehicle in Motion""]","[""Motor Vehicle in Motion"",""Motor Vehicle in Motion""]",Following Too Close,R376,71.82804413528211
2022-01-06,17:59:00,17,2022,1,6,Thursday,33.759688,-84.481288,(O) No Injury,0.0,0.0,0.0,Atlanta,FULTON,I-20 Wb,I-285 and I-20 Wb,Rear End,On Roadway - Non-Intersection,Dark-Lighted,Cloudy,Wet,Gsp Post 00,"[""Lap and Shoulder Belt Used"",""Lap and Shoulder Belt Used"",""Child Restraint System (Properly Used)"",""Lap and Shoulder Belt Used""]","[""Motor Vehicle in Motion"",""Motor Vehicle in Motion""]","[""Motor Vehicle in Motion"",""Motor Vehicle in Motion""]",Following Too Close,313,239.04661558131696
2022-01-07,09:54:00,9,2022,1,7,Friday,33.806265,-84.381048,(O) No Injury,0.0,0.0,0.0,Atlanta,FULTON,I-85 North,I-85 North and Peachtree St Overpass,Rear End,On Roadway - Non-Intersection,Daylight,Clear,Dry,Gsp Post 00,"[""Lap and Shoulder Belt Used"",""Lap and Shoulder Belt Used""]","[""Motor Vehicle in Motion"",""Motor Vehicle in Motion""]","[""Motor Vehicle in Motion"",""Motor Vehicle in Motion""]",Following Too Close,322,151.84502793814832
2022-01-07,18:30:00,18,2022,1,7,Friday,33.805581,-84.38117,(O) No Injury,0.0,0.0,0.0,Atlanta,FULTON,Ga-13,None and Ga-13,Sideswipe-Same Direction,Off Roadway,Daylight,Clear,Dry,Atlanta Police Department,Lap and Shoulder Belt Used,"[""Impact Attenuate"",""Impact Attenuate""]",Impact Attenuate,Aggressive Driving,322,213.4871352442661
2022-01-07,15:56:00,15,2022,1,7,Friday,33.796135,-84.394725,(O) No Injury,0.0,0.0,0.0,Atlanta,FULTON,I-75 South,I-75 South and Deering Rd Overpass,Angle Crash,On Roadway - Non-Intersection,Daylight,Clear,Dry,Gsp Post 00,"[""Lap and Shoulder Belt Used"",""Child Restraint System (Properly Used)"",""Child Restraint System (Properly Used)"",""Lap and Shoulder Belt Used"",""Lap and Shoulder Belt Used"",""Lap and Shoulder Belt Used""]","[""Motor Vehicle in Motion"",""Motor Vehicle in Motion""]","[""Motor Vehicle in Motion"",""Motor Vehicle in Motion""]",,R356,51.51219714389503
2022-01-07,21:00:00,21,2022,1,7,Friday,33.743497,-84.378676,(B) Suspected Minor/Visible Injury,0.0,0.0,1.0,Atlanta,FULTON,I-20,I-20 and Connally St Se,Rear End,On Roadway - Non-Intersection,Dark-Lighted,Clear,Dry,Atlanta Police Department,"[""Unknown"",""Unknown"",""Unknown"",""Unknown""]","[""Motor Vehicle in Motion"",""Motor Vehicle in Motion""]","[""Motor Vehicle in Motion"",""Motor Vehicle in Motion""]","[""Driver Lost Control"",""Misjudged Clearance"",""Following Too Close"",""Exceeding Speed Limit""]",77,39.631839545815794
2022-01-08,17:22:00,17,2022,1,8,Saturday,33.758184,-84.37845,(C) Possible Injury / Complaint,0.0,0.0,0.0,Atlanta,FULTON,I-75,None and I-75,Rear End,On Roadway - Non-Intersection,Dark-Lighted,Clear,Dry,Atlanta Police Department,"[""Lap and Shoulder Belt Used"",""Lap and Shoulder Belt Used"",""Lap and Shoulder Belt Used"",""Lap and Shoulder Belt Used"",""Lap and Shoulder Belt Used"",""Lap and Shoulder Belt Used"",""Lap and Shoulder Belt Used"",""Lap and Shoulder Belt Used""]","[""Motor Vehicle in Motion"",""Motor Vehicle in Motion""]","[""Motor Vehicle in Motion"",""Motor Vehicle in Motion""]",,9,60.609389271096845
2022-01-08,16:53:00,16,2022,1,8,Saturday,33.798023,-84.395882,(O) No Injury,0.0,0.0,0.0,Atlanta,FULTON,I-75,None and I-75,Rear End,On Roadway - Non-Intersection,Daylight,Clear,Dry,Atlanta Police Department,"[""Unknown"",""Unknown"",""Booster Seat (Properly Used)""]","[""Motor Vehicle in Motion"",""Motor Vehicle in Motion""]","[""Motor Vehicle in Motion"",""Motor Vehicle in Motion""]",Following Too Close,R365,171.61352022236855
2022-01-08,02:15:00,2,2022,1,8,Saturday,33.756698,-84.378642,(O) No Injury,0.0,0.0,0.0,Atlanta,FULTON,I-75,None and I-75,Rear End,On Roadway - Non-Intersection,Dawn,Clear,Dry,Atlanta Police Department,"[""Unknown"",""Lap and Shoulder Belt Used""]","[""Motor Vehicle in Motion"",""Motor Vehicle in Motion""]","[""Motor Vehicle in Motion"",""Motor Vehicle in Motion""]","[""Aggressive Driving"",""Driver Condition"",""Reckless Driving"",""Too Fast for Conditions""]",9,226.3135359173298
2022-01-08,20:18:00,20,2022,1,8,Saturday,33.796965,-84.393335,(O) No Injury,0.0,0.0,0.0,Atlanta,FULTON,I-85,None and I-85,Sideswipe-Same Direction,On Roadway - Non-Intersection,Dark-Lighted,Cloudy,Wet,Atlanta Police Department,"[""Unknown"",""Unknown"",""Unknown""]","[""Motor Vehicle in Motion"",""Motor Vehicle in Motion""]","[""Motor Vehicle in Motion"",""Motor Vehicle in Motion""]",Changed Lanes Improperly,R365,99.92881148189682
2022-01-08,18:48:00,18,2022,1,8,Saturday,33.686423,-84.401942,(O) No Injury,0.0,0.0,0.0,Atlanta,FULTON,I-85,I-85 and Metropolitan Pkwy,Sideswipe-Same Direction,On Roadway - Non-Intersection,Dark-Lighted,Clear,Dry,Atlanta Police Department,Lap and Shoulder Belt Used,"[""Motor Vehicle in Motion"",""Motor Vehicle in Motion""]",Motor Vehicle in Motion,Changed Lanes Improperly,R357,87.4097589973026
2022-01-09,19:38:00,19,2022,1,9,Sunday,33.742674,-84.403911,(O) No Injury,0.0,0.0,0.0,Atlanta,FULTON,I-20,None and I-20,Rear End,Entrance/Exit Ramp,Dark-Lighted,Clear,Wet,Atlanta Police Department,"[""None Used"",""None Used"",""None Used""]","[""Motor Vehicle in Motion"",""Motor Vehicle in Motion"",""Motor Vehicle in Motion""]","[""Motor Vehicle in Motion"",""Motor Vehicle in Motion"",""Motor Vehicle in Motion""]",,315,127.93434394768434
2022-01-09,16:20:00,16,2022,1,9,Sunday,33.796186,-84.39346,(O) No Injury,0.0,0.0,0.0,Atlanta,FULTON,I-75,I-75 and I-85 N,Rear End,On Roadway - Non-Intersection,Dark-Lighted,Rain,Water (standing or moving),Atlanta Police Department,"[""Lap and Shoulder Belt Used"",""Lap and Shoulder Belt Used"",""Lap and Shoulder Belt Used""]","[""Motor Vehicle in Motion"",""Motor Vehicle in Motion""]","[""Motor Vehicle in Motion"",""Motor Vehicle in Motion""]",Following Too Close,R356,87.39636964658041
2022-01-09,20:30:00,20,2022,1,9,Sunday,33.794947,-84.393149,(O) No Injury,0.0,0.0,0.0,Atlanta,FULTON,I-85,None and I-85,Sideswipe-Same Direction,On Roadway - Non-Intersection,Dark-Lighted,Cloudy,Dry,Atlanta Police Department,"[""Unknown"",""Unknown"",""Unknown"",""Unknown"",""Unknown"",""Unknown""]","[""Motor Vehicle in Motion"",""Motor Vehicle in Motion"",""Motor Vehicle in Motion"",""Motor Vehicle in Motion"",""Motor Vehicle in Motion""]","[""Motor Vehicle in Motion"",""Motor Vehicle in Motion"",""Motor Vehicle in Motion"",""Motor Vehicle in Motion"",""Motor Vehicle in Motion""]","[""Too Fast for Conditions"",""Driver Lost Control""]",R378,106.93733289307632
2022-01-09,13:20:00,13,2022,1,9,Sunday,33.760604,-84.377207,(O) No Injury,0.0,0.0,0.0,Atlanta,FULTON,Andrew Young International Blvd Ne,John Lewis Freedom Pkwy Ne and Andrew Young International Blvd Ne,Sideswipe-Same Direction,On Roadway - Non-Intersection,Dusk,Rain,Wet,Atlanta Police Department,"[""Lap and Shoulder Belt Used"",""Lap and Shoulder Belt Used"",""Lap and Shoulder Belt Used""]","[""Motor Vehicle in Motion"",""Motor Vehicle in Motion""]","[""Motor Vehicle in Motion"",""Motor Vehicle in Motion""]",Changed Lanes Improperly,9,236.8129859081128
2022-01-10,10:20:00,10,2022,1,10,Monday,33.793446,-84.393007,(O) No Injury,0.0,0.0,0.0,Atlanta,FULTON,I-75 S,I-75 S and Northside Dr,Sideswipe-Same Direction,On Roadway - Non-Intersection,Daylight,Clear,Dry,Gsp Post 00,"[""Lap and Shoulder Belt Used"",""Lap and Shoulder Belt Used"",""Lap and Shoulder Belt Used""]","[""Motor Vehicle in Motion"",""Motor Vehicle in Motion""]","[""Motor Vehicle in Motion"",""Motor Vehicle in Motion""]",Changed Lanes Improperly,R378,199.95442001865345
2022-01-10,18:09:00,18,2022,1,10,Monday,33.798325,-84.393026,(O) No Injury,0.0,0.0,0.0,Atlanta,FULTON,I-85 South,I-75 North and I-85 South,Rear End,On Roadway - Non-Intersection,Dark-Not Lighted,Clear,Dry,Gsp Post 00,"[""Lap and Shoulder Belt Used"",""Lap and Shoulder Belt Used"",""Lap and Shoulder Belt Used""]","[""Motor Vehicle in Motion"",""Motor Vehicle in Motion""]","[""Motor Vehicle in Motion"",""Motor Vehicle in Motion""]",Following Too Close,R365,127.9396490589284
2022-01-10,17:11:00,17,2022,1,10,Monday,33.807222,-84.379854,(O) No Injury,0.0,0.0,0.0,Atlanta,FULTON,I-85 North,Ga 13 and I-85 North,Rear End,On Roadway - Non-Intersection,Daylight,Clear,Dry,Gsp Post 00,"[""Lap and Shoulder Belt Used"",""Lap and Shoulder Belt Used""]","[""Motor Vehicle in Motion"",""Motor Vehicle in Motion""]","[""Motor Vehicle in Motion"",""Motor Vehicle in Motion""]",Following Too Close,322,18.05547950255302
2022-01-10,17:27:00,17,2022,1,10,Monday,33.79417,-84.392748,(O) No Injury,0.0,0.0,0.0,Atlanta,FULTON,I-85 North,I-85 North and 17Th St Overpass,Rear End,On Roadway - Non-Intersection,Daylight,Clear,Dry,Gsp Post 00,"[""Lap and Shoulder Belt Used"",""Lap and Shoulder Belt Used""]","[""Motor Vehicle in Motion"",""Motor Vehicle in Motion""]","[""Motor Vehicle in Motion"",""Motor Vehicle in Motion""]",Following Too Close,R378,118.82503208010128
2022-01-10,15:55:00,15,2022,1,10,Monday,33.757394,-84.378365,(C) Possible Injury / Complaint,0.0,0.0,0.0,Atlanta,FULTON,I-7585 Nb,I-7585 Nb and Irwin Street,Rear End,On Roadway - Non-Intersection,Daylight,Clear,Dry,Gsp Post 00,"[""Lap and Shoulder Belt Used"",""Lap and Shoulder Belt Used"",""Lap and Shoulder Belt Used"",""Unknown""]","[""Motor Vehicle in Motion"",""Motor Vehicle in Motion"",""Motor Vehicle in Motion"",""Motor Vehicle in Motion""]","[""Motor Vehicle in Motion"",""Motor Vehicle in Motion"",""Motor Vehicle in Motion"",""Motor Vehicle in Motion""]",Following Too Close,9,148.3572733537716
2022-01-10,14:50:00,14,2022,1,10,Monday,33.756704,-84.378301,(O) No Injury,0.0,0.0,0.0,Atlanta,FULTON,I-7585 Nb,I-7585 Nb and Irwin Street Ne,Rear End,On Roadway - Non-Intersection,Daylight,Clear,Dry,Gsp Post 00,"[""Lap and Shoulder Belt Used"",""Lap and Shoulder Belt Used""]","[""Motor Vehicle in Motion"",""Motor Vehicle in Motion""]","[""Motor Vehicle in Motion"",""Motor Vehicle in Motion""]","[""Other Interior Distraction (Distracted)"",""Following Too Close""]",9,225.11105887123932
2022-01-10,17:23:00,17,2022,1,10,Monday,33.805889,-84.38195,(O) No Injury,0.0,0.0,0.0,Atlanta,FULTON,I-85 South,Ga-400 and I-85 South,Rear End,On Roadway - Non-Intersection,Daylight,Clear,Dry,Gsp Post 00,"[""Lap and Shoulder Belt Used"",""Lap and Shoulder Belt Used""]","[""Motor Vehicle in Motion"",""Motor Vehicle in Motion""]","[""Motor Vehicle in Motion"",""Motor Vehicle in Motion""]",Following Too Close,322,244.25175301941687
2022-01-11,17:30:00,17,2022,1,11,Tuesday,33.760269,-84.380146,(O) No Injury,0.0,0.0,0.0,Atlanta,FULTON,I-7585 S,I-7585 S and Andrew Young International Blv,Sideswipe-Same Direction,On Roadway - Non-Intersection,Daylight,Clear,Dry,Gsp Post 00,"[""Unknown"",""Lap and Shoulder Belt Used""]","[""Motor Vehicle in Motion"",""Motor Vehicle in Motion""]","[""Motor Vehicle in Motion"",""Motor Vehicle in Motion""]",Changed Lanes Improperly,9,233.34287759963848