Date,Time,Hour,Year,Month,Day,DayOfWeek,Crash Latitude,Crash Longitude,KABCO Severity,# of Fatalities per Crash,# Serious Injuries,# Visible Injuries,Geolocated City,Geolocated County,Roadway (From Crash Report),Intersection Name (from Crash Report),Manner of Collision (Crash Level),Location at Impact (Crash Level),Light Conditions (Crash Level),Weather Conditions (Crash Level),Surface Condition (Crash Level),Agency Name (Crash Level),Safety Equipment (Crash Level),First Harmful Event (Unit Order),Most Harmful Event (Crash Level),"Operator/Pedestrian Contrib Factor (excl None, Other, No Contrib Factors)",join_id,Crash_to_TMAS_m
2022-01-21,19:11:00,19,2022,1,21,Friday,33.806675,-84.380555,(O) No Injury,0.0,0.0,0.0,Atlanta,FULTON,I-85 North,I-85 North and Peachtree St Overpass,Rear End,On Roadway - Non-Intersection,Dark-Lighted,Cloudy,Dry,Gsp Post 00,"[""Lap and Shoulder Belt Used"",""Lap and Shoulder Belt Used""]","[""Motor Vehicle in Motion"",""Motor Vehicle in Motion""]","[""Motor Vehicle in Motion"",""Motor Vehicle in Motion""]",Following Too Close,322,88.42349735255259
2022-01-21,08:06:00,8,2022,1,21,Friday,33.805992,-84.381387,(O) No Injury,0.0,0.0,0.0,Atlanta,FULTON,I-85 North,I-85 North and Marta Overpass,Rear End,On Roadway - Non-Intersection,Daylight,Cloudy,Dry,Gsp Post 00,"[""Unknown"",""Lap and Shoulder Belt Used""]","[""Motor Vehicle in Motion"",""Motor Vehicle in Motion""]","[""Motor Vehicle in Motion"",""Motor Vehicle in Motion""]",Following Too Close,322,195.2283373302098
2022-01-21,13:49:00,13,2022,1,21,Friday,33.786206,-84.401896,(O) No Injury,0.0,0.0,0.0,Atlanta,FULTON,14Th St Nw,14Th St Nw and Snyder St Nw,Angle Crash,On Roadway - Driveway Intersection,Daylight,Cloudy,Dry,Atlanta Police Department,"[""Unknown"",""Unknown""]","[""Motor Vehicle in Motion"",""Motor Vehicle in Motion""]","[""Motor Vehicle in Motion"",""Motor Vehicle in Motion""]",Failure to Yield,86,234.76225860416812
2022-01-21,20:28:00,20,2022,1,21,Friday,33.793997,-84.393344,(O) No Injury,0.0,0.0,0.0,Atlanta,FULTON,Interstate 75 S,14Th Street and Interstate 75 S,Sideswipe-Same Direction,On Roadway - Non-Intersection,Dark-Lighted,Clear,Dry,Gsp Post 00,"[""Lap and Shoulder Belt Used"",""Lap and Shoulder Belt Used""]","[""Motor Vehicle in Motion"",""Motor Vehicle in Motion""]","[""Motor Vehicle in Motion"",""Motor Vehicle in Motion""]",Changed Lanes Improperly,R378,169.98019050191144
2022-01-21,19:35:00,19,2022,1,21,Friday,33.797455,-84.395582,(O) No Injury,0.0,0.0,0.0,Atlanta,FULTON,I-75,None and I-75,Sideswipe-Same Direction,On Roadway - Non-Intersection,Dark-Lighted,Cloudy,Dry,Atlanta Police Department,"[""Unknown"",""Unknown""]","[""Motor Vehicle in Motion"",""Motor Vehicle in Motion""]","[""Motor Vehicle in Motion"",""Motor Vehicle in Motion""]",Changed Lanes Improperly,R365,138.22125976634734
2022-01-21,20:26:00,20,2022,1,21,Friday,33.793765,-84.393202,(O) No Injury,0.0,0.0,0.0,Atlanta,FULTON,I-75 South,I-75 South and 17Th Street,Sideswipe-Same Direction,On Roadway - Non-Intersection,Dark-Not Lighted,Cloudy,Dry,Gsp Post 00,"[""None Used"",""None Used"",""None Used"",""None Used"",""None Used"",""Lap and Shoulder Belt Used""]","[""Motor Vehicle in Motion"",""Motor Vehicle in Motion""]","[""Median Barrier"",""Motor Vehicle in Motion""]","[""Reckless Driving"",""Disregard Police - Evasion""]",R378,180.03132543059942
2022-01-21,18:20:00,18,2022,1,21,Friday,33.793547,-84.392772,(O) No Injury,0.0,0.0,0.0,Atlanta,FULTON,I-75Sb At Northside Dr.,None and I-75Sb At Northside Dr.,Rear End,On Roadway - Non-Intersection,Dark-Not Lighted,Cloudy,Wet,Gsp Post 00,"[""Lap and Shoulder Belt Used"",""Lap and Shoulder Belt Used"",""Lap and Shoulder Belt Used"",""Child Restraint System (Properly Used)"",""Child Restraint System (Properly Used)"",""Child Restraint System (Properly Used)"",""Lap and Shoulder Belt Used"",""Lap and Shoulder Belt Used"",""Child Restraint System (Properly Used)""]","[""Motor Vehicle in Motion"",""Motor Vehicle in Motion"",""Motor Vehicle in Motion""]","[""Motor Vehicle in Motion"",""Motor Vehicle in Motion"",""Motor Vehicle in Motion""]",Following Too Close,R378,180.43224735395967
2022-01-21,19:11:00,19,2022,1,21,Friday,33.806646,-84.38059,(O) No Injury,0.0,0.0,0.0,Atlanta,FULTON,I-85 North,I-85 North and Peachtree St Overpass,Rear End,On Roadway - Non-Intersection,Dark-Lighted,Cloudy,Dry,Gsp Post 00,"[""Lap and Shoulder Belt Used"",""Lap and Shoulder Belt Used""]","[""Motor Vehicle in Motion"",""Motor Vehicle in Motion""]","[""Motor Vehicle in Motion"",""Motor Vehicle in Motion""]",Following Too Close,322,92.87272598177807
2022-01-21,08:10:00,8,2022,1,21,Friday,33.757533,-84.379321,(O) No Injury,0.0,0.0,0.0,Atlanta,FULTON,John Wesley Dobbs Ave Ne,Bell St Ne and John Wesley Dobbs Ave Ne,Angle Crash,On Roadway - Roadway Intersection,Daylight,Cloudy,Dry,Atlanta Police Department,"[""Unknown"",""Unknown""]","[""Motor Vehicle in Motion"",""Motor Vehicle in Motion""]","[""Motor Vehicle in Motion"",""Motor Vehicle in Motion""]",Changed Lanes Improperly,9,156.38931971739336
2022-01-22,00:56:00,0,2022,1,22,Saturday,33.741556,-84.402936,(O) No Injury,0.0,0.0,0.0,Atlanta,FULTON,Fulton St Sw,Fulton St Sw and Mcdaniel St Sw,Rear End,On Roadway - Roadway Intersection,Dark-Lighted,Clear,Dry,Atlanta Police Department,"[""Lap and Shoulder Belt Used"",""Lap and Shoulder Belt Used""]","[""Motor Vehicle in Motion"",""Parked Motor Vehicle""]","[""Motor Vehicle in Motion"",""Parked Motor Vehicle""]",Aggressive Driving,315,154.21947972566863
2022-01-23,00:30:00,0,2022,1,23,Sunday,33.798164,-84.395553,(O) No Injury,0.0,0.0,0.0,Atlanta,FULTON,I85Sb To 75Nb Ramp,Deering Rd and I85Sb To 75Nb Ramp,Not a Collision with Motor Vehicle,Median,Dark-Lighted,Clear,Dry,Gsp Post 00,"[""Lap and Shoulder Belt Used"",""Lap and Shoulder Belt Used""]",Median Barrier,Median Barrier,,R365,148.43107306545247
2022-01-23,17:00:00,17,2022,1,23,Sunday,33.795035,-84.39156,(C) Possible Injury / Complaint,0.0,0.0,0.0,Atlanta,FULTON,I-75,None and I-75,Rear End,On Roadway - Non-Intersection,Daylight,Clear,Dry,Atlanta Police Department,"[""Lap and Shoulder Belt Used"",""Lap and Shoulder Belt Used"",""Lap and Shoulder Belt Used"",""Lap and Shoulder Belt Used"",""Lap and Shoulder Belt Used"",""Lap and Shoulder Belt Used"",""Lap and Shoulder Belt Used""]","[""Motor Vehicle in Motion"",""Motor Vehicle in Motion"",""Motor Vehicle in Motion"",""Motor Vehicle in Motion""]","[""Motor Vehicle in Motion"",""Motor Vehicle in Motion"",""Motor Vehicle in Motion"",""Motor Vehicle in Motion""]","[""Driver Lost Control"",""Driver Lost Control"",""Driver Lost Control""]",R378,40.76344427322815
2022-01-23,13:00:00,13,2022,1,23,Sunday,33.742803,-84.403652,(O) No Injury,0.0,0.0,0.0,Atlanta,FULTON,I-20,None and I-20,Sideswipe-Same Direction,On Roadway - Non-Intersection,Daylight,Clear,Dry,Atlanta Police Department,"[""Unknown"",""Unknown""]","[""Motor Vehicle in Motion"",""Motor Vehicle in Motion""]","[""Motor Vehicle in Motion"",""Motor Vehicle in Motion""]",Changed Lanes Improperly,315,101.91272846508072
2022-01-23,17:30:00,17,2022,1,23,Sunday,33.786226,-84.406857,(C) Possible Injury / Complaint,0.0,0.0,0.0,Atlanta,FULTON,14Th St Nw,14Th St Nw and Hemphill Ave Nw,Rear End,"On Roadway - Managed Lane (HOV, HOT, Reversible)",Dark-Lighted,Clear,Dry,Atlanta Police Department,"[""Lap and Shoulder Belt Used"",""Lap and Shoulder Belt Used"",""Lap and Shoulder Belt Used"",""Lap and Shoulder Belt Used"",""Lap and Shoulder Belt Used""]","[""Motor Vehicle in Motion"",""Motor Vehicle in Motion""]","[""Motor Vehicle in Motion"",""Motor Vehicle in Motion""]",Following Too Close,86,224.86651955498417
2022-01-23,20:03:00,20,2022,1,23,Sunday,33.807786,-84.379079,(O) No Injury,0.0,0.0,0.0,Atlanta,FULTON,I-85Nb,I-85Nb and Peachtree St,Rear End,On Roadway - Non-Intersection,Dark-Lighted,Clear,Dry,Gsp Post 00,"[""Lap and Shoulder Belt Used"",""Lap and Shoulder Belt Used""]","[""Motor Vehicle in Motion"",""Motor Vehicle in Motion""]","[""Motor Vehicle in Motion"",""Motor Vehicle in Motion""]",Changed Lanes Improperly,322,98.54946122925703
2022-01-24,17:43:00,17,2022,1,24,Monday,33.757423,-84.378787,(O) No Injury,0.0,0.0,0.0,Atlanta,FULTON,I-7585 Sb,I-7585 Sb and Ellis Street,Sideswipe-Same Direction,On Roadway - Non-Intersection,Daylight,Clear,Dry,Gsp Post 00,"[""Lap and Shoulder Belt Used"",""Lap and Shoulder Belt Used""]","[""Motor Vehicle in Motion"",""Motor Vehicle in Motion""]","[""Motor Vehicle in Motion"",""Motor Vehicle in Motion""]",Changed Lanes Improperly,9,148.7435383894703
2022-01-25,09:39:00,9,2022,1,25,Tuesday,33.74349,-84.378313,(C) Possible Injury / Complaint,0.0,0.0,0.0,Atlanta,FULTON,Interstate 20 West,Interstate 20 West and Hill Street Overpass,Rear End,On Roadway - Non-Intersection,Daylight,Clear,Dry,Gsp Post 00,"[""Lap and Shoulder Belt Used"",""Lap and Shoulder Belt Used""]","[""Motor Vehicle in Motion"",""Motor Vehicle in Motion""]","[""Motor Vehicle in Motion"",""Motor Vehicle in Motion""]",Following Too Close,77,52.24192813297097
2022-01-25,12:50:00,12,2022,1,25,Tuesday,33.805986,-84.381394,(O) No Injury,0.0,0.0,0.0,Atlanta,FULTON,I-85Nb,I-85Nb and Peachtree St,Rear End,On Roadway - Non-Intersection,Daylight,Clear,Dry,Gsp Post 00,"[""Lap and Shoulder Belt Used"",""Lap and Shoulder Belt Used""]","[""Motor Vehicle in Motion"",""Motor Vehicle in Motion""]","[""Motor Vehicle in Motion"",""Motor Vehicle in Motion""]",Following Too Close,322,196.15044430591695
2022-01-25,19:30:00,19,2022,1,25,Tuesday,33.759223,-84.378749,(O) No Injury,0.0,0.0,0.0,Atlanta,FULTON,Ellis St Ne,Fort St Ne and Ellis St Ne,Sideswipe-Same Direction,On Roadway - Non-Intersection,Dark-Lighted,Clear,Dry,Atlanta Police Department,"[""Lap and Shoulder Belt Used"",""Lap and Shoulder Belt Used""]","[""Motor Vehicle in Motion"",""Motor Vehicle in Motion""]","[""Motor Vehicle in Motion"",""Motor Vehicle in Motion""]",,9,62.17824431654057
2022-01-25,20:20:00,20,2022,1,25,Tuesday,33.795035,-84.39156,(C) Possible Injury / Complaint,0.0,0.0,0.0,Atlanta,FULTON,I-75,None and I-75,Rear End,On Roadway - Non-Intersection,Dark-Lighted,Clear,Dry,Atlanta Police Department,"[""Lap and Shoulder Belt Used"",""Lap and Shoulder Belt Used"",""Lap and Shoulder Belt Used""]","[""Motor Vehicle in Motion"",""Motor Vehicle in Motion"",""Motor Vehicle in Motion""]","[""Motor Vehicle in Motion"",""Motor Vehicle in Motion"",""Motor Vehicle in Motion""]",Following Too Close,R378,40.76344427322815
2022-01-26,10:05:00,10,2022,1,26,Wednesday,33.796885,-84.39363,(O) No Injury,0.0,0.0,0.0,Atlanta,FULTON,I-85Sb,I-85Sb and Peachtree St,Sideswipe-Same Direction,On Roadway - Non-Intersection,Daylight,Clear,Dry,Gsp Post 00,"[""Lap and Shoulder Belt Used"",""Lap and Shoulder Belt Used""]","[""Motor Vehicle in Motion"",""Motor Vehicle in Motion""]","[""Motor Vehicle in Motion"",""Motor Vehicle in Motion""]",Changed Lanes Improperly,R356,80.28642497366168
2022-01-26,16:30:00,16,2022,1,26,Wednesday,33.758631,-84.37916,(O) No Injury,0.0,0.0,0.0,Atlanta,FULTON,Interstate 7585 South,Interstate 7585 South and Freedom Parkway Overpass,Sideswipe-Same Direction,On Roadway - Non-Intersection,Daylight,Clear,Dry,Gsp Post 00,"[""Lap and Shoulder Belt Used"",""Lap and Shoulder Belt Used""]","[""Motor Vehicle in Motion"",""Motor Vehicle in Motion""]","[""Motor Vehicle in Motion"",""Motor Vehicle in Motion""]",,9,68.53904216499308
2022-01-26,12:50:00,12,2022,1,26,Wednesday,33.795989,-84.393674,(O) No Injury,0.0,0.0,0.0,Atlanta,FULTON,Interstate 85 Southbound,Interstate 75 Northbound and Interstate 85 Southbound,Rear End,On Roadway - Non-Intersection,Daylight,Clear,Dry,Gsp Post 00,"[""Lap and Shoulder Belt Used"",""Lap and Shoulder Belt Used""]","[""Motor Vehicle in Motion"",""Motor Vehicle in Motion""]","[""Motor Vehicle in Motion"",""Motor Vehicle in Motion""]",Following Too Close,R356,81.57469532180963
2022-01-27,02:11:00,2,2022,1,27,Thursday,33.797089,-84.393588,(C) Possible Injury / Complaint,0.0,0.0,0.0,Atlanta,FULTON,I-85,None and I-85,Rear End,On Roadway - Non-Intersection,Dark-Lighted,Clear,Dry,Atlanta Police Department,"[""Unknown"",""Unknown"",""Unknown""]","[""Motor Vehicle in Motion"",""Motor Vehicle in Motion""]","[""Motor Vehicle in Motion"",""Motor Vehicle in Motion""]","[""Following Too Close"",""Under the Influence (U.I.)""]",R365,73.91907230756553
2022-01-27,15:29:00,15,2022,1,27,Thursday,33.758729,-84.378579,(O) No Injury,0.0,0.0,0.0,Atlanta,FULTON,I-75,I-75 and I-75 N,Rear End,On Roadway - Non-Intersection,Daylight,Clear,Dry,Atlanta Police Department,"[""Unknown"",""Lap and Shoulder Belt Used"",""Lap and Shoulder Belt Used""]","[""Motor Vehicle in Motion"",""Motor Vehicle in Motion"",""Motor Vehicle in Motion""]","[""Motor Vehicle in Motion"",""Motor Vehicle in Motion""]",Following Too Close,9,13.809086132778637
2022-01-27,16:26:00,16,2022,1,27,Thursday,33.743318,-84.404682,(O) No Injury,0.0,0.0,0.0,Atlanta,FULTON,Whitehall St Sw,Mcdaniel St Sw and Whitehall St Sw,Sideswipe-Same Direction,On Roadway - Roadway Intersection,Daylight,Clear,Dry,Atlanta Police Department,"[""Lap and Shoulder Belt Used"",""Lap and Shoulder Belt Used""]","[""Motor Vehicle in Motion"",""Motor Vehicle in Motion""]","[""Motor Vehicle in Motion"",""Motor Vehicle in Motion""]",Changed Lanes Improperly,315,201.83236865971577
2022-01-27,13:06:00,13,2022,1,27,Thursday,33.757787,-84.37888,(O) No Injury,0.0,0.0,0.0,Atlanta,FULTON,I-75 Sb,I-75 Sb and John Wesley Dobbs Ave Ne,Sideswipe-Same Direction,On Roadway - Non-Intersection,Daylight,Clear,Dry,Atlanta Police Department,"[""Lap and Shoulder Belt Used"",""Lap and Shoulder Belt Used""]","[""Motor Vehicle in Motion"",""Motor Vehicle in Motion""]","[""Motor Vehicle in Motion"",""Motor Vehicle in Motion""]",Misjudged Clearance,9,112.63502723292896
2022-01-27,02:13:00,2,2022,1,27,Thursday,33.797341,-84.393518,(C) Possible Injury / Complaint,0.0,0.0,0.0,Atlanta,FULTON,I-85,None and I-85,Rear End,On Roadway - Non-Intersection,Dark-Lighted,Clear,Dry,Atlanta Police Department,"[""Unknown"",""Unknown"",""Unknown"",""Unknown""]","[""Parked Motor Vehicle"",""Motor Vehicle in Motion"",""Motor Vehicle in Motion""]","[""Parked Motor Vehicle"",""Motor Vehicle in Motion"",""Motor Vehicle in Motion""]","[""Too Fast for Conditions"",""Under the Influence (U.I.)""]",R365,61.09304322880495
2022-01-27,19:28:00,19,2022,1,27,Thursday,33.808243,-84.378408,(O) No Injury,0.0,0.0,0.0,Atlanta,FULTON,I-85 N Exit Ramp To Ga 13 N,I-85 and I-85 N Exit Ramp To Ga 13 N,Rear End,Entrance/Exit Ramp,Dark-Not Lighted,Clear,Dry,Gsp Post 00,"[""Lap and Shoulder Belt Used"",""Lap and Shoulder Belt Used""]","[""Motor Vehicle in Motion"",""Motor Vehicle in Motion""]","[""Motor Vehicle in Motion"",""Motor Vehicle in Motion""]",Following Too Close,322,177.72835038177803
2022-01-28,22:31:00,22,2022,1,28,Friday,33.75988,-84.379856,(O) No Injury,0.0,0.0,0.0,Atlanta,FULTON,Andrew Young International Blvd Ne,I-75 S and Andrew Young International Blvd Ne,Sideswipe-Same Direction,On Roadway - Non-Intersection,Dark-Lighted,Cloudy,Water (standing or moving),Atlanta Police Department,"[""Lap and Shoulder Belt Used"",""Lap and Shoulder Belt Used"",""Lap and Shoulder Belt Used"",""Lap and Shoulder Belt Used"",""Lap and Shoulder Belt Used""]","[""Motor Vehicle in Motion"",""Motor Vehicle in Motion""]",Motor Vehicle in Motion,Changed Lanes Improperly,9,183.7004084186437
2022-01-28,17:10:00,17,2022,1,28,Friday,33.697712,-84.423267,(O) No Injury,0.0,0.0,0.0,Atlanta,FULTON,Langford Parkway,Sylvan Road and Langford Parkway,Rear End,On Roadway - Non-Intersection,Daylight,Cloudy,Dry,Gsp Post 00,"[""Lap and Shoulder Belt Used"",""Lap and Shoulder Belt Used""]","[""Motor Vehicle in Motion"",""Motor Vehicle in Motion""]","[""Motor Vehicle in Motion"",""Motor Vehicle in Motion""]",Following Too Close,113,104.11414158782893
2022-01-28,08:30:00,8,2022,1,28,Friday,33.793673,-84.391339,(O) No Injury,0.0,0.0,0.0,Atlanta,FULTON,Interstate 285 South,Interstate 285 South and Interstate 20 Overpass,Sideswipe-Same Direction,On Roadway - Non-Intersection,Daylight,Clear,Dry,Gsp Post 00,"[""Unknown"",""Lap and Shoulder Belt Used""]","[""Motor Vehicle in Motion"",""Motor Vehicle in Motion""]","[""Impact Attenuate"",""Motor Vehicle in Motion""]",Changed Lanes Improperly,R378,163.5680156336452
2022-01-28,17:30:00,17,2022,1,28,Friday,33.742487,-84.403368,(O) No Injury,0.0,0.0,0.0,Atlanta,FULTON,Mcdaniel St Sw,I-20 E and Mcdaniel St Sw,Not a Collision with Motor Vehicle,Entrance/Exit Ramp,Dark-Lighted,Clear,Dry,Atlanta Police Department,None Used,Fence,Guard Rail Fence,Exceeding Speed Limit,315,88.38503872306104
2022-01-29,19:30:00,19,2022,1,29,Saturday,33.807108,-84.380004,(C) Possible Injury / Complaint,0.0,0.0,0.0,Atlanta,FULTON,I-85,None and I-85,Rear End,On Roadway - Non-Intersection,Dark-Lighted,Clear,Dry,Atlanta Police Department,"[""Lap and Shoulder Belt Used"",""Lap and Shoulder Belt Used"",""Lap and Shoulder Belt Used"",""Lap and Shoulder Belt Used"",""Lap and Shoulder Belt Used""]","[""Motor Vehicle in Motion"",""Motor Vehicle in Motion"",""Motor Vehicle in Motion"",""Motor Vehicle in Motion""]","[""Motor Vehicle in Motion"",""Motor Vehicle in Motion"",""Motor Vehicle in Motion"",""Motor Vehicle in Motion""]",Following Too Close,322,24.53395275242188
2022-01-29,01:20:00,1,2022,1,29,Saturday,33.743308,-84.378607,(B) Suspected Minor/Visible Injury,0.0,0.0,2.0,Atlanta,FULTON,I-20,None and I-20,Rear End,On Roadway - Non-Intersection,Dark-Lighted,Snow,Ice/Frost,Atlanta Police Department,"[""Lap and Shoulder Belt Used"",""Lap and Shoulder Belt Used"",""Lap and Shoulder Belt Used"",""Lap and Shoulder Belt Used""]","[""Motor Vehicle in Motion"",""Motor Vehicle in Motion"",""Motor Vehicle in Motion""]","[""Motor Vehicle in Motion"",""Motor Vehicle in Motion"",""Motor Vehicle in Motion""]",Reckless Driving,77,20.165541393730383
2022-01-29,03:31:00,3,2022,1,29,Saturday,33.796673,-84.395086,(O) No Injury,0.0,0.0,0.0,Atlanta,FULTON,I-75,None and I-75,Sideswipe-Same Direction,On Roadway - Non-Intersection,Dark-Lighted,Cloudy,Other,Atlanta Police Department,"[""Unknown"",""Unknown""]","[""Motor Vehicle in Motion"",""Motor Vehicle in Motion""]","[""Motor Vehicle in Motion"",""Motor Vehicle in Motion""]",Changed Lanes Improperly,R356,72.6828083352151
2022-01-29,23:15:00,23,2022,1,29,Saturday,33.744755,-84.40156,(O) No Injury,0.0,0.0,0.0,Atlanta,FULTON,Whitehall St Sw,None and Whitehall St Sw,Angle Crash,On Roadway - Non-Intersection,Dark-Not Lighted,Clear,Dry,Atlanta Police Department,"[""Unknown"",""Unknown""]","[""Motor Vehicle in Motion"",""Motor Vehicle in Motion""]","[""Motor Vehicle in Motion"",""Motor Vehicle in Motion""]","[""Changed Lanes Improperly"",""Following Too Close""]",315,224.7146464324468
2022-01-29,14:15:00,14,2022,1,29,Saturday,33.762357,-84.491829,(O) No Injury,0.0,0.0,0.0,Atlanta,FULTON,Exit 51B Rp,None and Exit 51B Rp,Not a Collision with Motor Vehicle,Entrance/Exit Ramp,Daylight,Clear,Dry,Atlanta Police Department,Lap and Shoulder Belt Used,Curb,Curb,Too Fast for Conditions,R376,137.33813962911012
2022-01-30,14:05:00,14,2022,1,30,Sunday,33.743812,-84.379332,(O) No Injury,0.0,0.0,0.0,Atlanta,FULTON,Hill St Se,Exit 58B and Hill St Se,Angle Crash,On Roadway - Non-Intersection,Dark-Not Lighted,Clear,Dry,Atlanta Police Department,"[""Lap and Shoulder Belt Used"",""Lap and Shoulder Belt Used""]","[""Motor Vehicle in Motion"",""Motor Vehicle in Motion""]","[""Motor Vehicle in Motion"",""Motor Vehicle in Motion""]",,77,95.39695413895784
2022-01-30,12:26:00,12,2022,1,30,Sunday,33.867025,-84.381072,(C) Possible Injury / Complaint,0.0,0.0,0.0,Atlanta,FULTON,Roswell Rd Ne,Roswell Rd Ne and Chastain Dr Ne,Rear End,On Roadway - Roadway Intersection,Daylight,Clear,Dry,Atlanta Police Department,"[""Lap and Shoulder Belt Used"",""Lap and Shoulder Belt Used""]","[""Motor Vehicle in Motion"",""Motor Vehicle in Motion""]","[""Motor Vehicle in Motion"",""Motor Vehicle in Motion""]",,271,194.5272869313037
2022-01-31,16:00:00,16,2022,1,31,Monday,33.798159,-84.392824,(O) No Injury,0.0,0.0,0.0,Atlanta,FULTON,I-85Nb,I-85Nb and 17Th St,Rear End,On Roadway - Non-Intersection,Daylight,Clear,Dry,Gsp Post 00,"[""Lap and Shoulder Belt Used"",""Lap and Shoulder Belt Used""]","[""Motor Vehicle in Motion"",""Motor Vehicle in Motion""]","[""Motor Vehicle in Motion"",""Motor Vehicle in Motion""]",Following Too Close,R365,133.48369261003015
2022-01-31,09:45:00,9,2022,1,31,Monday,33.757192,-84.378735,(C) Possible Injury / Complaint,0.0,0.0,0.0,Atlanta,FULTON,I-7585 South Entrance Ramp Fr,None and I-7585 South Entrance Ramp Fr,Rear End,Entrance/Exit Ramp,Daylight,Clear,Dry,Gsp Post 00,"[""Unknown"",""Lap and Shoulder Belt Used"",""Lap and Shoulder Belt Used""]","[""Motor Vehicle in Motion"",""Motor Vehicle in Motion""]","[""Motor Vehicle in Motion"",""Motor Vehicle in Motion""]",Following Too Close,9,172.97285450657523
2022-01-31,14:20:00,14,2022,1,31,Monday,33.808076,-84.379073,(O) No Injury,0.0,0.0,0.0,Atlanta,FULTON,I-85 Sb,I-85 Sb and Armour Dr,Rear End,On Roadway - Non-Intersection,Daylight,Cloudy,Dry,Gsp Post 00,"[""Lap and Shoulder Belt Used"",""Lap and Shoulder Belt Used""]","[""Motor Vehicle in Motion"",""Motor Vehicle in Motion""]","[""Motor Vehicle in Motion"",""Motor Vehicle in Motion""]",Following Too Close,322,125.639996734705
2022-01-31,14:00:00,14,2022,1,31,Monday,33.742308,-84.403264,(C) Possible Injury / Complaint,0.0,0.0,0.0,Atlanta,FULTON,I-20,None and I-20,Head On,On Roadway - Roadway Intersection,Daylight,Clear,Dry,Atlanta Police Department,"[""Unknown"",""Unknown""]","[""Motor Vehicle in Motion"",""Motor Vehicle in Motion""]","[""Motor Vehicle in Motion"",""Motor Vehicle in Motion""]","[""Disregard Other Traffic Control"",""Disregard Other Traffic Control""]",315,93.37857377140732
2022-01-31,14:09:00,14,2022,1,31,Monday,33.71016,-84.40185,(C) Possible Injury / Complaint,0.0,0.0,0.0,Atlanta,FULTON,I-75 Nb,I-75 Nb and Fair Drive,Rear End,On Roadway - Non-Intersection,Daylight,Cloudy,Dry,Gsp Post 00,"[""Lap and Shoulder Belt Used"",""Lap and Shoulder Belt Used"",""Lap and Shoulder Belt Used""]","[""Motor Vehicle in Motion"",""Motor Vehicle in Motion""]","[""Motor Vehicle in Motion"",""Motor Vehicle in Motion""]","[""Inattentive or Other Distraction (Distracted)"",""Following Too Close""]",310,154.7655480741085
2022-02-01,16:34:00,16,2022,2,1,Tuesday,33.796253,-84.393684,(O) No Injury,0.0,0.0,0.0,Atlanta,FULTON,I-7585 Nb,17Th St and I-7585 Nb,Rear End,On Roadway - Non-Intersection,Daylight,Clear,Dry,Gsp Post 00,"[""Lap and Shoulder Belt Used"",""Lap Belt Only Used"",""Lap and Shoulder Belt Used"",""Lap and Shoulder Belt Used""]","[""Motor Vehicle in Motion"",""Motor Vehicle in Motion""]","[""Motor Vehicle in Motion"",""Motor Vehicle in Motion""]",Following Too Close,R356,65.36394949152289
2022-02-01,00:50:00,0,2022,2,1,Tuesday,33.743308,-84.378704,(O) No Injury,0.0,0.0,0.0,Atlanta,FULTON,I-20,None and I-20,Rear End,"On Roadway - Managed Lane (HOV, HOT, Reversible)",Dark-Lighted,Clear,Dry,Atlanta Police Department,"[""Unknown"",""Unknown""]","[""Motor Vehicle in Motion"",""Motor Vehicle in Motion""]","[""Motor Vehicle in Motion"",""Motor Vehicle in Motion""]",Following Too Close,77,18.68539285440336
2022-02-01,10:45:00,10,2022,2,1,Tuesday,33.796073,-84.394678,(C) Possible Injury / Complaint,0.0,0.0,0.0,Atlanta,FULTON,I-75 S,I-75 S and Deering Rd,Sideswipe-Same Direction,On Roadway - Non-Intersection,Daylight,Clear,Dry,Gsp Post 00,"[""Lap and Shoulder Belt Used"",""Lap and Shoulder Belt Used"",""Shoulder Belt Only Used"",""Lap and Shoulder Belt Used""]","[""Motor Vehicle in Motion"",""Motor Vehicle in Motion"",""Motor Vehicle in Motion""]","[""Motor Vehicle in Motion"",""Motor Vehicle in Motion"",""Motor Vehicle in Motion""]",,R356,54.04281292128139
2022-02-01,16:40:00,16,2022,2,1,Tuesday,33.741379,-84.402869,(A) Suspected Serious Injury,0.0,1.0,0.0,Atlanta,FULTON,Fulton St Sw,Fulton St Sw and Mcdaniel St Sw,Not a Collision with Motor Vehicle,On Roadway - In Crosswalk,Daylight,Clear,Dry,Atlanta Police Department,"[""Unknown"",""Unknown"",""Unknown""]","[""Motor Vehicle in Motion"",""Motor Vehicle in Motion""]",Motor Vehicle in Motion,Failure to Yield,315,172.26609323695888