Date,Time,Hour,Year,Month,Day,DayOfWeek,Crash Latitude,Crash Longitude,KABCO Severity,# of Fatalities per Crash,# Serious Injuries,# Visible Injuries,Geolocated City,Geolocated County,Roadway (From Crash Report),Intersection Name (from Crash Report),Manner of Collision (Crash Level),Location at Impact (Crash Level),Light Conditions (Crash Level),Weather Conditions (Crash Level),Surface Condition (Crash Level),Agency Name (Crash Level),Safety Equipment (Crash Level),First Harmful Event (Unit Order),Most Harmful Event (Crash Level),"Operator/Pedestrian Contrib Factor (excl None, Other, No Contrib Factors)",join_id,Crash_to_TMAS_m
2022-02-01,11:43:00,11,2022,2,1,Tuesday,33.760142,-84.37924,(O) No Injury,0.0,0.0,0.0,Atlanta,FULTON,I-7585 Nb,None and I-7585 Nb,Sideswipe-Same Direction,On Roadway - Non-Intersection,Daylight,Clear,Dry,Gsp Post 00,"[""Lap and Shoulder Belt Used"",""Lap and Shoulder Belt Used""]","[""Motor Vehicle in Motion"",""Motor Vehicle in Motion""]","[""Motor Vehicle in Motion"",""Motor Vehicle in Motion""]",,9,173.72294948066587
2022-02-01,16:44:00,16,2022,2,1,Tuesday,33.796253,-84.393684,(O) No Injury,0.0,0.0,0.0,Atlanta,FULTON,I-7585 Nb,17Th St and I-7585 Nb,Rear End,On Roadway - Non-Intersection,Daylight,Rain,Wet,Gsp Post 00,"[""Lap and Shoulder Belt Used"",""Lap and Shoulder Belt Used""]","[""Motor Vehicle in Motion"",""Motor Vehicle in Motion""]","[""Motor Vehicle in Motion"",""Motor Vehicle in Motion""]",Following Too Close,R356,65.36394949152289
2022-02-02,22:00:00,22,2022,2,2,Wednesday,33.675404,-84.398003,(O) No Injury,0.0,0.0,0.0,Atlanta,FULTON,I-75,None and I-75,Sideswipe-Same Direction,On Roadway - Non-Intersection,Dark-Lighted,Rain,Wet,Atlanta Police Department,"[""Lap and Shoulder Belt Used"",""Lap and Shoulder Belt Used""]","[""Motor Vehicle in Motion"",""Motor Vehicle in Motion""]","[""Motor Vehicle in Motion"",""Motor Vehicle in Motion""]",,309,116.54079532567746
2022-02-02,13:28:00,13,2022,2,2,Wednesday,33.807732,-84.379155,(O) No Injury,0.0,0.0,0.0,Atlanta,FULTON,I-85 Exit 86,I-85 N and I-85 Exit 86,Rear End,On Roadway - Roadway Intersection,Daylight,Clear,Dry,Atlanta Police Department,"[""Unknown"",""Unknown"",""Unknown""]","[""Motor Vehicle in Motion"",""Motor Vehicle in Motion"",""Motor Vehicle in Motion""]","[""Motor Vehicle in Motion"",""Motor Vehicle in Motion"",""Motor Vehicle in Motion""]",Following Too Close,322,89.49919394297888
2022-02-03,22:00:00,22,2022,2,3,Thursday,33.707088,-84.403377,(O) No Injury,0.0,0.0,0.0,Atlanta,FULTON,I-75,I-75 and Arthur Langford Pkwy,Not a Collision with Motor Vehicle,"On Roadway - Managed Lane (HOV, HOT, Reversible)",Dark-Lighted,Rain,Water (standing or moving),Atlanta Police Department,Unknown,Other Non-Collision,Fire/Explosion,,310,216.88905194141012
2022-02-03,10:52:00,10,2022,2,3,Thursday,33.742638,-84.403479,(O) No Injury,0.0,0.0,0.0,Atlanta,FULTON,I-20 East,I-20 East and Fairburn Road Overpass,Sideswipe-Same Direction,On Roadway - Non-Intersection,Daylight,Cloudy,Wet,Gsp Post 00,"[""Lap and Shoulder Belt Used"",""Lap and Shoulder Belt Used"",""Lap and Shoulder Belt Used""]","[""Motor Vehicle in Motion"",""Motor Vehicle in Motion""]","[""Motor Vehicle in Motion"",""Motor Vehicle in Motion""]",,315,90.37137041533504
2022-02-03,06:55:00,6,2022,2,3,Thursday,33.74346,-84.380597,(C) Possible Injury / Complaint,0.0,0.0,0.0,Atlanta,FULTON,I-20 West,I-20 West and Capitol Ave,Rear End,On Roadway - Non-Intersection,Dusk,Rain,Wet,Gsp Post 00,"[""Unknown"",""Lap and Shoulder Belt Used"",""Lap and Shoulder Belt Used"",""Lap and Shoulder Belt Used"",""Lap and Shoulder Belt Used""]","[""Motor Vehicle in Motion"",""Motor Vehicle in Motion"",""Motor Vehicle in Motion"",""Motor Vehicle in Motion""]","[""Motor Vehicle in Motion"",""Motor Vehicle in Motion"",""Motor Vehicle in Motion"",""Motor Vehicle in Motion""]",Following Too Close,77,180.2942415386508
2022-02-03,16:32:00,16,2022,2,3,Thursday,33.759313,-84.478713,(O) No Injury,0.0,0.0,0.0,Atlanta,FULTON,I-20 West,I-20 West and H. E. Holmes,Angle Crash,On Roadway - Non-Intersection,Daylight,Rain,Wet,Gsp Post 00,"[""Lap and Shoulder Belt Used"",""Lap and Shoulder Belt Used"",""Lap and Shoulder Belt Used"",""Lap and Shoulder Belt Used""]","[""Motor Vehicle in Motion"",""Motor Vehicle in Motion""]","[""Motor Vehicle in Motion"",""Motor Vehicle in Motion""]",,313,10.87667491798712
2022-02-03,11:45:00,11,2022,2,3,Thursday,33.685614,-84.402388,(O) No Injury,0.0,0.0,0.0,Atlanta,FULTON,I-85 North,I-85 North and Langford Pkwy,Not a Collision with Motor Vehicle,On Shoulder,Daylight,Rain,Wet,Gsp Post 00,Lap and Shoulder Belt Used,Median Barrier,Median Barrier,Driver Lost Control,R357,155.49715846907228
2022-02-03,15:32:00,15,2022,2,3,Thursday,33.757848,-84.378896,(O) No Injury,0.0,0.0,0.0,Atlanta,FULTON,I-7585 South,Freedom Pkwy and I-7585 South,Rear End,On Roadway - Non-Intersection,Daylight,Rain,Wet,Gsp Post 00,"[""Lap and Shoulder Belt Used"",""Lap and Shoulder Belt Used""]","[""Motor Vehicle in Motion"",""Motor Vehicle in Motion""]","[""Motor Vehicle in Motion"",""Motor Vehicle in Motion""]",Following Too Close,9,106.96738050010694
2022-02-03,23:55:00,23,2022,2,3,Thursday,33.741927,-84.404977,(B) Suspected Minor/Visible Injury,0.0,0.0,1.0,Atlanta,FULTON,I-20,None and I-20,Not a Collision with Motor Vehicle,Median,Dark-Not Lighted,Rain,Water (standing or moving),Atlanta Police Department,Lap and Shoulder Belt Used,Median Barrier,Median Barrier,Too Fast for Conditions,315,249.17370230314248
2022-02-03,18:10:00,18,2022,2,3,Thursday,33.759464,-84.47975,(O) No Injury,0.0,0.0,0.0,Atlanta,FULTON,I-20 West,I-285 and I-20 West,Rear End,On Roadway - Non-Intersection,Daylight,Rain,Wet,Gsp Post 00,"[""Lap and Shoulder Belt Used"",""Lap and Shoulder Belt Used"",""Lap and Shoulder Belt Used"",""Child Restraint System (Properly Used)"",""Child Restraint System (Improperly Used)"",""Lap and Shoulder Belt Used""]","[""Motor Vehicle in Motion"",""Motor Vehicle in Motion""]","[""Motor Vehicle in Motion"",""Motor Vehicle in Motion""]",Following Too Close,313,94.71267241295936
2022-02-04,09:17:00,9,2022,2,4,Friday,33.794036,-84.393021,(O) No Injury,0.0,0.0,0.0,Atlanta,FULTON,I-85 South,Ga-400 and I-85 South,Sideswipe-Same Direction,On Roadway - Non-Intersection,Daylight,Rain,Wet,Gsp Post 00,"[""Lap and Shoulder Belt Used"",""Lap and Shoulder Belt Used""]","[""Motor Vehicle in Motion"",""Motor Vehicle in Motion""]","[""Motor Vehicle in Motion"",""Motor Vehicle in Motion""]",Changed Lanes Improperly,R378,146.1339440876322
2022-02-04,17:10:00,17,2022,2,4,Friday,33.798263,-84.393068,(O) No Injury,0.0,0.0,0.0,Atlanta,FULTON,I-85 S,I-85 S and Peachtree Rd,Rear End,On Roadway - Non-Intersection,Daylight,Clear,Dry,Gsp Post 00,"[""Unknown"",""Lap and Shoulder Belt Used""]","[""Motor Vehicle in Motion"",""Motor Vehicle in Motion""]","[""Motor Vehicle in Motion"",""Motor Vehicle in Motion""]",Following Too Close,R365,120.6240347502956
2022-02-04,18:45:00,18,2022,2,4,Friday,33.798563,-84.396205,(C) Possible Injury / Complaint,0.0,0.0,0.0,Atlanta,FULTON,I-75Sb,I-75Sb and Deering Rd,Rear End,On Roadway - Non-Intersection,Dark-Lighted,Cloudy,Dry,Gsp Post 00,"[""Lap and Shoulder Belt Used"",""Lap and Shoulder Belt Used"",""Lap and Shoulder Belt Used"",""Lap and Shoulder Belt Used"",""Lap and Shoulder Belt Used""]","[""Motor Vehicle in Motion"",""Motor Vehicle in Motion"",""Motor Vehicle in Motion""]","[""Motor Vehicle in Motion"",""Motor Vehicle in Motion"",""Motor Vehicle in Motion""]","[""Inattentive or Other Distraction (Distracted)"",""Following Too Close""]",R365,222.346561225592
2022-02-04,10:29:00,10,2022,2,4,Friday,33.68618,-84.402217,(B) Suspected Minor/Visible Injury,0.0,0.0,2.0,Atlanta,FULTON,I-85 South,I-85 South and Metropolitan Pkwy,Sideswipe-Same Direction,On Roadway - Non-Intersection,Daylight,Cloudy,Wet,Gsp Post 00,"[""Lap and Shoulder Belt Used"",""Lap and Shoulder Belt Used"",""Lap and Shoulder Belt Used"",""Lap and Shoulder Belt Used""]","[""Motor Vehicle in Motion"",""Motor Vehicle in Motion""]","[""Motor Vehicle in Motion"",""Motor Vehicle in Motion""]",,R357,115.48850891680075
2022-02-05,09:25:00,9,2022,2,5,Saturday,33.794412,-84.393596,(O) No Injury,0.0,0.0,0.0,Atlanta,FULTON,I-75,None and I-75,Rear End,On Roadway - Non-Intersection,Daylight,Clear,Dry,Atlanta Police Department,"[""Unknown"",""Lap and Shoulder Belt Used"",""Lap and Shoulder Belt Used"",""Lap and Shoulder Belt Used"",""Child Restraint System (Properly Used)""]","[""Motor Vehicle in Motion"",""Motor Vehicle in Motion""]","[""Motor Vehicle in Motion"",""Motor Vehicle in Motion""]",Following Too Close,R378,163.44381478144786
2022-02-05,18:40:00,18,2022,2,5,Saturday,33.797939,-84.395834,(C) Possible Injury / Complaint,0.0,0.0,0.0,Atlanta,FULTON,75 South,75 South and Deering Rd Nw,Rear End,On Roadway - Non-Intersection,Dark-Lighted,Clear,Dry,Atlanta Police Department,"[""Unknown"",""Unknown"",""Unknown"",""Unknown"",""Unknown"",""Unknown""]","[""Motor Vehicle in Motion"",""Motor Vehicle in Motion"",""Motor Vehicle in Motion"",""Motor Vehicle in Motion"",""Motor Vehicle in Motion""]","[""Other Object (Not Fixed)"",""Cargo/Equipment Lost or Shift"",""Cargo/Equipment Lost or Shift"",""Cargo/Equipment Lost or Shift"",""Cargo/Equipment Lost or Shift""]",,R365,164.96993311473696
2022-02-05,21:39:00,21,2022,2,5,Saturday,33.806945,-84.380215,(O) No Injury,0.0,0.0,0.0,Atlanta,FULTON,I-85,None and I-85,Rear End,On Roadway - Non-Intersection,Dark-Lighted,Clear,Dry,Atlanta Police Department,"[""Lap and Shoulder Belt Used"",""Lap and Shoulder Belt Used""]","[""Motor Vehicle in Motion"",""Motor Vehicle in Motion""]","[""Motor Vehicle in Motion"",""Motor Vehicle in Motion""]",Following Too Close,322,46.845410358794105
2022-02-05,14:42:00,14,2022,2,5,Saturday,33.807756,-84.379122,(C) Possible Injury / Complaint,0.0,0.0,0.0,Atlanta,FULTON,I-85 N,I-85 N and Exit 86,Rear End,On Roadway - Non-Intersection,Daylight,Clear,Dry,Atlanta Police Department,"[""Unknown"",""Unknown""]","[""Motor Vehicle in Motion"",""Motor Vehicle in Motion""]","[""Motor Vehicle in Motion"",""Motor Vehicle in Motion""]",Following Too Close,322,93.4727238618072
2022-02-05,19:59:00,19,2022,2,5,Saturday,33.67654,-84.397948,(A) Suspected Serious Injury,0.0,1.0,0.0,Atlanta,FULTON,I-75 S,I-75 S and Cleveland Avenue,Angle Crash,On Roadway - Non-Intersection,Dark-Lighted,Clear,Dry,Atlanta Police Department,"[""Unknown"",""Bicycle Helmet"",""Lap and Shoulder Belt Used"",""Lap and Shoulder Belt Used""]","[""Motor Vehicle in Motion"",""Motor Vehicle in Motion"",""Motor Vehicle in Motion""]","[""Motor Vehicle in Motion"",""Motor Vehicle in Motion"",""Motor Vehicle in Motion""]",Changed Lanes Improperly,309,55.07762551392008
2022-02-05,14:00:00,14,2022,2,5,Saturday,33.79882,-84.39635,(O) No Injury,0.0,0.0,0.0,Atlanta,FULTON,I-75,I-75 and Deering Rd Nw,Sideswipe-Same Direction,On Roadway - Non-Intersection,Daylight,Clear,Dry,Atlanta Police Department,"[""Unknown"",""Unknown""]","[""Motor Vehicle in Motion"",""Motor Vehicle in Motion""]","[""Motor Vehicle in Motion"",""Motor Vehicle in Motion""]",Changed Lanes Improperly,R365,248.52180903732253
2022-02-05,17:12:00,17,2022,2,5,Saturday,33.798414,-84.392633,(O) No Injury,0.0,0.0,0.0,Atlanta,FULTON,I-85,None and I-85,Sideswipe-Same Direction,On Roadway - Non-Intersection,Dark-Lighted,Clear,Dry,Atlanta Police Department,"[""Lap and Shoulder Belt Used"",""Lap and Shoulder Belt Used""]","[""Motor Vehicle in Motion"",""Motor Vehicle in Motion""]","[""Motor Vehicle in Motion"",""Motor Vehicle in Motion""]",Changed Lanes Improperly,R365,163.16744542324608
2022-02-05,14:20:00,14,2022,2,5,Saturday,33.807025,-84.380112,(C) Possible Injury / Complaint,0.0,0.0,0.0,Atlanta,FULTON,I-85,None and I-85,Rear End,On Roadway - Non-Intersection,Daylight,Clear,Dry,Atlanta Police Department,"[""Unknown"",""Lap and Shoulder Belt Used"",""Lap and Shoulder Belt Used"",""Lap and Shoulder Belt Used""]","[""Motor Vehicle in Motion"",""Motor Vehicle in Motion"",""Motor Vehicle in Motion""]","[""Motor Vehicle in Motion"",""Motor Vehicle in Motion"",""Motor Vehicle in Motion""]",Following Too Close,322,35.20255011760543
2022-02-05,19:20:00,19,2022,2,5,Saturday,33.806859,-84.380323,(C) Possible Injury / Complaint,0.0,0.0,0.0,Atlanta,FULTON,I-85,None and I-85,Rear End,On Roadway - Non-Intersection,Dark-Lighted,Clear,Dry,Atlanta Police Department,"[""Lap and Shoulder Belt Used"",""Unknown"",""Unknown"",""Lap and Shoulder Belt Used"",""Lap and Shoulder Belt Used""]","[""Motor Vehicle in Motion"",""Motor Vehicle in Motion"",""Motor Vehicle in Motion""]","[""Motor Vehicle in Motion"",""Motor Vehicle in Motion"",""Motor Vehicle in Motion""]","[""Following Too Close"",""Other Activity - Mobile Device (Distracted)""]",322,59.77343212827248
2022-02-06,19:30:00,19,2022,2,6,Sunday,33.760579,-84.376985,(O) No Injury,0.0,0.0,0.0,Atlanta,FULTON,John Lewis Freedom Pkwy Ne,John Lewis Freedom Pkwy Ne and Andrew Young International Blvd Ne,Rear End,On Roadway - Non-Intersection,Dark-Lighted,Clear,Dry,Atlanta Police Department,"[""Unknown"",""Unknown""]","[""Motor Vehicle in Motion"",""Motor Vehicle in Motion""]","[""Motor Vehicle in Motion"",""Motor Vehicle in Motion""]",Too Fast for Conditions,9,244.99293114094263
2022-02-06,02:25:00,2,2022,2,6,Sunday,33.797904,-84.393289,(C) Possible Injury / Complaint,0.0,0.0,0.0,Atlanta,FULTON,I-75,None and I-75,Rear End,"On Roadway - Managed Lane (HOV, HOT, Reversible)",Dark-Lighted,Clear,Dry,Atlanta Police Department,"[""Unknown"",""Unknown""]","[""Motor Vehicle in Motion"",""Motor Vehicle in Motion""]","[""Motor Vehicle in Motion"",""Motor Vehicle in Motion""]",Following Too Close,R365,82.34976228806494
2022-02-06,12:45:00,12,2022,2,6,Sunday,33.743503,-84.379027,(C) Possible Injury / Complaint,0.0,0.0,0.0,Atlanta,FULTON,I-20,None and I-20,Rear End,On Roadway - Non-Intersection,Daylight,Clear,Dry,Atlanta Police Department,"[""Lap and Shoulder Belt Used"",""Lap and Shoulder Belt Used"",""Lap and Shoulder Belt Used""]","[""Motor Vehicle in Motion"",""Motor Vehicle in Motion""]","[""Motor Vehicle in Motion"",""Motor Vehicle in Motion""]",Following Too Close,77,50.9700345412382
2022-02-06,03:09:00,3,2022,2,6,Sunday,33.765268,-84.493267,(A) Suspected Serious Injury,0.0,2.0,0.0,Atlanta,FULTON,Exit 10B Rp,None and Exit 10B Rp,Head On,On Roadway - Roadway Intersection,Dark-Lighted,Clear,Dry,Atlanta Police Department,"[""Unknown"",""None Used"",""None Used"",""Unknown""]","[""Other Non-Collision"",""Other Non-Collision"",""Other Non-Collision""]","[""Motor Vehicle in Motion"",""Parked Motor Vehicle"",""Parked Motor Vehicle""]","[""Reckless Driving"",""No Signal/Improper Signal""]",R376,242.7645302912873
2022-02-06,20:40:00,20,2022,2,6,Sunday,33.743309,-84.376896,(C) Possible Injury / Complaint,0.0,0.0,0.0,Atlanta,FULTON,I-20 E,I-20 E and Hill St,Not a Collision with Motor Vehicle,Median,Dark-Lighted,Clear,Dry,Gsp Post 00,Lap and Shoulder Belt Used,Median Barrier,Median Barrier,,77,167.34365206325452
2022-02-07,14:50:00,14,2022,2,7,Monday,33.798718,-84.39629,(O) No Injury,0.0,0.0,0.0,Atlanta,FULTON,I-75Sb,I-75Sb and Northside Dr,Sideswipe-Same Direction,On Roadway - Non-Intersection,Daylight,Cloudy,Dry,Gsp Post 00,"[""Lap and Shoulder Belt Used"",""Lap and Shoulder Belt Used""]","[""Motor Vehicle in Motion"",""Motor Vehicle in Motion""]","[""Motor Vehicle in Motion"",""Motor Vehicle in Motion""]",Changed Lanes Improperly,R365,237.7844015287652
2022-02-07,08:10:00,8,2022,2,7,Monday,33.743484,-84.377946,(C) Possible Injury / Complaint,0.0,0.0,0.0,Atlanta,FULTON,I-20 Wb,I-20 Wb and Hill Street,Rear End,On Roadway - Non-Intersection,Daylight,Clear,Dry,Gsp Post 00,"[""Lap and Shoulder Belt Used"",""Lap and Shoulder Belt Used""]","[""Motor Vehicle in Motion"",""Motor Vehicle in Motion""]","[""Motor Vehicle in Motion"",""Motor Vehicle in Motion""]",Following Too Close,77,78.82062933076274
2022-02-07,15:40:00,15,2022,2,7,Monday,33.799127,-84.392352,(O) No Injury,0.0,0.0,0.0,Atlanta,FULTON,I-85 Sb,I-85 Sb and Peachtree Rd,Rear End,On Roadway - Non-Intersection,Daylight,Clear,Dry,Gsp Post 00,"[""Lap and Shoulder Belt Used"",""Lap and Shoulder Belt Used"",""Lap and Shoulder Belt Used""]","[""Motor Vehicle in Motion"",""Motor Vehicle in Motion""]","[""Motor Vehicle in Motion"",""Motor Vehicle in Motion""]",Following Too Close,R365,234.35813483865616
2022-02-07,17:23:00,17,2022,2,7,Monday,33.764528,-84.492345,(C) Possible Injury / Complaint,0.0,0.0,0.0,Atlanta,FULTON,I-20 Wb,I-285 and I-20 Wb,Rear End,On Roadway - Non-Intersection,Daylight,Clear,Dry,Gsp Post 00,"[""Lap and Shoulder Belt Used"",""Lap and Shoulder Belt Used"",""Lap and Shoulder Belt Used"",""Lap and Shoulder Belt Used"",""Lap and Shoulder Belt Used""]","[""Motor Vehicle in Motion"",""Motor Vehicle in Motion"",""Motor Vehicle in Motion""]","[""Motor Vehicle in Motion"",""Motor Vehicle in Motion"",""Motor Vehicle in Motion""]",Following Too Close,R376,125.81039536589152
2022-02-07,07:35:00,7,2022,2,7,Monday,33.743491,-84.378322,(C) Possible Injury / Complaint,0.0,0.0,0.0,Atlanta,FULTON,I-20 West,I-20 West and Hill Street,Rear End,On Roadway - Non-Intersection,Daylight,Cloudy,Dry,Gsp Post 00,"[""Lap and Shoulder Belt Used"",""Lap and Shoulder Belt Used"",""Lap and Shoulder Belt Used"",""Lap and Shoulder Belt Used""]","[""Motor Vehicle in Motion"",""Motor Vehicle in Motion""]","[""Motor Vehicle in Motion"",""Motor Vehicle in Motion""]",Following Too Close,77,51.77104184904605
2022-02-07,05:00:00,5,2022,2,7,Monday,33.741806,-84.40303,(O) No Injury,0.0,0.0,0.0,Atlanta,FULTON,Mcdaniel St Sw,Fulton St Sw and Mcdaniel St Sw,Not a Collision with Motor Vehicle,Off Roadway - Sidewalk,Dark-Lighted,Clear,Dry,Atlanta Police Department,Unknown,Other Post/ Pole Support,Other Post / Pole Support,,315,130.00813618871453
2022-02-08,21:38:00,21,2022,2,8,Tuesday,33.743504,-84.379064,(O) No Injury,0.0,0.0,0.0,Atlanta,FULTON,I-20,I-20 and Hill St Se,Sideswipe-Same Direction,On Roadway - Non-Intersection,Dark-Lighted,Clear,Dry,Atlanta Police Department,"[""Unknown"",""Lap and Shoulder Belt Used""]","[""Motor Vehicle in Motion"",""Motor Vehicle in Motion""]","[""Motor Vehicle in Motion"",""Motor Vehicle in Motion""]",Changed Lanes Improperly,77,53.22517326312893
2022-02-08,18:24:00,18,2022,2,8,Tuesday,33.806631,-84.381066,(O) No Injury,0.0,0.0,0.0,Atlanta,FULTON,I-85Sb,I-85Sb and Armour Dr,Rear End,On Roadway - Non-Intersection,Daylight,Clear,Dry,Gsp Post 00,"[""Lap and Shoulder Belt Used"",""Lap and Shoulder Belt Used"",""Lap and Shoulder Belt Used""]","[""Motor Vehicle in Motion"",""Motor Vehicle in Motion"",""Motor Vehicle in Motion""]","[""Motor Vehicle in Motion"",""Motor Vehicle in Motion"",""Motor Vehicle in Motion""]",Following Too Close,322,132.95909797172573
2022-02-08,19:20:00,19,2022,2,8,Tuesday,33.78621,-84.402813,(O) No Injury,0.0,0.0,0.0,Atlanta,FULTON,Center St Nw,14Th St Nw and Center St Nw,Rear End,On Roadway - Roadway Intersection,Dark-Lighted,Clear,Dry,Atlanta Police Department,"[""Unknown"",""Unknown"",""Unknown"",""Unknown""]","[""Motor Vehicle in Motion"",""Motor Vehicle in Motion""]","[""Motor Vehicle in Motion"",""Motor Vehicle in Motion""]","[""Following Too Close"",""Following Too Close""]",86,149.81032090158027
2022-02-09,13:08:00,13,2022,2,9,Wednesday,33.76202,-84.491869,(O) No Injury,0.0,0.0,0.0,Atlanta,FULTON,I-20 Exit 51B,I-20 W and I-20 Exit 51B,Rear End,On Roadway - Non-Intersection,Daylight,Clear,Dry,Atlanta Police Department,"[""Unknown"",""Lap and Shoulder Belt Used""]","[""Motor Vehicle in Motion"",""Motor Vehicle in Motion""]",Motor Vehicle in Motion,Following Too Close,R376,174.8639576980964
2022-02-09,12:50:00,12,2022,2,9,Wednesday,33.764282,-84.493742,(O) No Injury,0.0,0.0,0.0,Atlanta,FULTON,I-285 Sb,I-20 Eb and I-285 Sb,Angle Crash,On Roadway - Non-Intersection,Daylight,Clear,Dry,Atlanta Police Department,"[""Lap and Shoulder Belt Used"",""Lap and Shoulder Belt Used""]","[""Motor Vehicle in Motion"",""Motor Vehicle in Motion""]","[""Motor Vehicle in Motion"",""Motor Vehicle in Motion""]","[""Changed Lanes Improperly"",""Changed Lanes Improperly""]",R376,213.2205024190899
2022-02-09,17:00:00,17,2022,2,9,Wednesday,33.743024,-84.404058,(O) No Injury,0.0,0.0,0.0,Atlanta,FULTON,I-20 Westbound,I-20 Westbound and Mcdaniel Street Overpass,Rear End,On Roadway - Non-Intersection,Daylight,Clear,Dry,Gsp Post 00,"[""Lap and Shoulder Belt Used"",""Unknown""]","[""Motor Vehicle in Motion"",""Motor Vehicle in Motion""]","[""Motor Vehicle in Motion"",""Motor Vehicle in Motion""]",Following Too Close,315,139.42626493181692
2022-02-10,21:50:00,21,2022,2,10,Thursday,33.806468,-84.379323,(O) No Injury,0.0,0.0,0.0,Atlanta,FULTON,Ga-13,None and Ga-13,Rear End,"On Roadway - Managed Lane (HOV, HOT, Reversible)",Dark-Lighted,Clear,Dry,Atlanta Police Department,"[""Lap and Shoulder Belt Used"",""Lap and Shoulder Belt Used"",""Lap and Shoulder Belt Used""]","[""Motor Vehicle in Motion"",""Motor Vehicle in Motion""]","[""Motor Vehicle in Motion"",""Motor Vehicle in Motion""]",Following Too Close,322,79.08697214856332
2022-02-10,08:38:00,8,2022,2,10,Thursday,33.743503,-84.379484,(O) No Injury,0.0,0.0,0.0,Atlanta,FULTON,I-20 Wb,Hill St and I-20 Wb,Sideswipe-Same Direction,On Roadway - Non-Intersection,Daylight,Clear,Dry,Gsp Post 00,"[""Lap and Shoulder Belt Used"",""Lap and Shoulder Belt Used""]","[""Motor Vehicle in Motion"",""Motor Vehicle in Motion""]","[""Motor Vehicle in Motion"",""Motor Vehicle in Motion""]",,77,83.8973552414751
2022-02-11,11:58:00,11,2022,2,11,Friday,33.797151,-84.395393,(O) No Injury,0.0,0.0,0.0,Atlanta,FULTON,I-75Sb,I-75Sb and Deering Rd,Not a Collision with Motor Vehicle,Median,Daylight,Clear,Dry,Gsp Post 00,Lap and Shoulder Belt Used,Median Barrier,Median Barrier,,R356,123.3852261994608
2022-02-11,09:09:00,9,2022,2,11,Friday,33.741556,-84.402936,(C) Possible Injury / Complaint,0.0,0.0,0.0,Atlanta,FULTON,Mcdaniel St Sw,Fulton St Sw and Mcdaniel St Sw,Angle Crash,On Roadway - Roadway Intersection,Daylight,Clear,Dry,Atlanta Police Department,"[""Lap and Shoulder Belt Used"",""Lap and Shoulder Belt Used"",""Lap and Shoulder Belt Used""]","[""Motor Vehicle in Motion"",""Motor Vehicle in Motion"",""Motor Vehicle in Motion""]","[""Motor Vehicle in Motion"",""Motor Vehicle in Motion"",""Motor Vehicle in Motion""]",Disregard Stop Sign/Signal,315,154.21947972566863
2022-02-11,18:30:00,18,2022,2,11,Friday,33.807812,-84.377347,(O) No Injury,0.0,0.0,0.0,Atlanta,FULTON,Georgia 13 Southbound,Armour Drive and Georgia 13 Southbound,Rear End,On Roadway - Non-Intersection,Daylight,Clear,Dry,Gsp Post 00,"[""Lap and Shoulder Belt Used"",""Lap and Shoulder Belt Used""]","[""Motor Vehicle in Motion"",""Motor Vehicle in Motion""]","[""Motor Vehicle in Motion"",""Motor Vehicle in Motion""]",Following Too Close,322,235.6793435132641
2022-02-11,17:17:00,17,2022,2,11,Friday,33.758413,-84.378496,(O) No Injury,0.0,0.0,0.0,Atlanta,FULTON,I-7585 Nb,I-7585 Nb and Andrew Young International Bou,Sideswipe-Same Direction,On Roadway - Non-Intersection,Daylight,Clear,Dry,Gsp Post 00,"[""Lap and Shoulder Belt Used"",""Lap and Shoulder Belt Used""]","[""Motor Vehicle in Motion"",""Motor Vehicle in Motion""]","[""Motor Vehicle in Motion"",""Motor Vehicle in Motion""]",Changed Lanes Improperly,9,35.70039347911817
2022-02-11,15:00:00,15,2022,2,11,Friday,33.78621,-84.402813,(O) No Injury,0.0,0.0,0.0,Atlanta,FULTON,14Th St Nw,14Th St Nw and Center St Nw,Angle Crash,On Roadway - Non-Intersection,Daylight,Clear,Dry,Atlanta Police Department,"[""None Used"",""None Used""]","[""Motor Vehicle in Motion"",""Motor Vehicle in Motion""]","[""Motor Vehicle in Motion"",""Motor Vehicle in Motion""]",No Signal/Improper Signal,86,149.81032090158027
2022-02-12,11:47:00,11,2022,2,12,Saturday,33.794318,-84.39354,(O) No Injury,0.0,0.0,0.0,Atlanta,FULTON,I-75,None and I-75,Rear End,On Roadway - Non-Intersection,Daylight,Clear,Dry,Atlanta Police Department,"[""Lap and Shoulder Belt Used"",""Lap and Shoulder Belt Used""]","[""Motor Vehicle in Motion"",""Motor Vehicle in Motion""]","[""Motor Vehicle in Motion"",""Motor Vehicle in Motion""]",Following Too Close,R378,163.61268258898608