Date,Time,Hour,Year,Month,Day,DayOfWeek,Crash Latitude,Crash Longitude,KABCO Severity,# of Fatalities per Crash,# Serious Injuries,# Visible Injuries,Geolocated City,Geolocated County,Roadway (From Crash Report),Intersection Name (from Crash Report),Manner of Collision (Crash Level),Location at Impact (Crash Level),Light Conditions (Crash Level),Weather Conditions (Crash Level),Surface Condition (Crash Level),Agency Name (Crash Level),Safety Equipment (Crash Level),First Harmful Event (Unit Order),Most Harmful Event (Crash Level),"Operator/Pedestrian Contrib Factor (excl None, Other, No Contrib Factors)",join_id,Crash_to_TMAS_m
2022-02-12,15:46:00,15,2022,2,12,Saturday,33.806313,-84.380991,(C) Possible Injury / Complaint,0.0,0.0,0.0,Atlanta,FULTON,I-85,None and I-85,Sideswipe-Same Direction,"On Roadway - Managed Lane (HOV, HOT, Reversible)",Daylight,Clear,Dry,Atlanta Police Department,"[""Unknown"",""Unknown"",""Unknown"",""Unknown"",""Unknown""]","[""Motor Vehicle in Motion"",""Motor Vehicle in Motion"",""Motor Vehicle in Motion"",""Motor Vehicle in Motion"",""Motor Vehicle in Motion""]","[""Motor Vehicle in Motion"",""Motor Vehicle in Motion"",""Motor Vehicle in Motion"",""Motor Vehicle in Motion"",""Motor Vehicle in Motion""]",,322,144.42596813178253
2022-02-13,23:55:00,23,2022,2,13,Sunday,33.744099,-84.400928,(O) No Injury,0.0,0.0,0.0,Atlanta,FULTON,I-20,I-20 and Rawson St Sw,Rear End,"On Roadway - Managed Lane (HOV, HOT, Reversible)",Dark-Lighted,Clear,Dry,Atlanta Police Department,"[""Unknown"",""Unknown"",""Unknown""]","[""Motor Vehicle in Motion"",""Motor Vehicle in Motion""]","[""Motor Vehicle in Motion"",""Motor Vehicle in Motion""]",,315,200.71509439012573
2022-02-13,15:20:00,15,2022,2,13,Sunday,33.793248,-84.392898,(O) No Injury,0.0,0.0,0.0,Atlanta,FULTON,I-75,None and I-75,Angle Crash,"On Roadway - Managed Lane (HOV, HOT, Reversible)",Daylight,Clear,Dry,Atlanta Police Department,"[""Unknown"",""Unknown"",""Unknown""]","[""Motor Vehicle in Motion"",""Motor Vehicle in Motion"",""Motor Vehicle in Motion""]","[""Motor Vehicle in Motion"",""Motor Vehicle in Motion""]",,R378,215.5304598338982
2022-02-14,18:32:00,18,2022,2,14,Monday,33.796806,-84.395172,(O) No Injury,0.0,0.0,0.0,Atlanta,FULTON,I-75Sb,I-75Sb and Northside Dr,Rear End,On Roadway - Non-Intersection,Daylight,Clear,Dry,Gsp Post 00,"[""Lap and Shoulder Belt Used"",""Lap and Shoulder Belt Used"",""Lap and Shoulder Belt Used"",""Lap and Shoulder Belt Used"",""Lap and Shoulder Belt Used"",""Lap and Shoulder Belt Used""]","[""Motor Vehicle in Motion"",""Motor Vehicle in Motion""]","[""Motor Vehicle in Motion"",""Motor Vehicle in Motion""]",,R356,85.61434789095232
2022-02-14,16:56:00,16,2022,2,14,Monday,33.757203,-84.378346,(O) No Injury,0.0,0.0,0.0,Atlanta,FULTON,I-7585 Nb,I-7585 Nb and Irwin St Ne,Sideswipe-Same Direction,On Roadway - Non-Intersection,Daylight,Clear,Dry,Gsp Post 00,"[""Lap and Shoulder Belt Used"",""Lap and Shoulder Belt Used"",""Lap and Shoulder Belt Used""]","[""Motor Vehicle in Motion"",""Motor Vehicle in Motion""]","[""Motor Vehicle in Motion"",""Motor Vehicle in Motion""]",,9,169.6059434787939
2022-02-14,15:30:00,15,2022,2,14,Monday,33.795058,-84.393977,(C) Possible Injury / Complaint,0.0,0.0,0.0,Atlanta,FULTON,I-75,None and I-75,Rear End,"On Roadway - Managed Lane (HOV, HOT, Reversible)",Daylight,Clear,Dry,Atlanta Police Department,"[""Lap and Shoulder Belt Used"",""Lap and Shoulder Belt Used"",""Lap and Shoulder Belt Used""]","[""Motor Vehicle in Motion"",""Motor Vehicle in Motion"",""Motor Vehicle in Motion""]","[""Motor Vehicle in Motion"",""Motor Vehicle in Motion"",""Motor Vehicle in Motion""]",Following Too Close,R356,160.23503279851585
2022-02-14,13:55:00,13,2022,2,14,Monday,33.806084,-84.38033,(O) No Injury,0.0,0.0,0.0,Atlanta,FULTON,Ga-13Sb,Ga-13Sb and Armour Dr,Sideswipe-Same Direction,On Roadway - Non-Intersection,Daylight,Clear,Dry,Gsp Post 00,"[""Lap and Shoulder Belt Used"",""Lap and Shoulder Belt Used""]","[""Motor Vehicle in Motion"",""Motor Vehicle in Motion""]","[""Motor Vehicle in Motion"",""Motor Vehicle in Motion""]",Changed Lanes Improperly,322,124.28026816841523
2022-02-15,14:48:00,14,2022,2,15,Tuesday,33.760142,-84.37924,(O) No Injury,0.0,0.0,0.0,Atlanta,FULTON,I-7585 Sb,I-7585 Sb and Freedom Parkway,Sideswipe-Same Direction,On Roadway - Non-Intersection,Daylight,Clear,Dry,Gsp Post 00,"[""Unknown"",""Lap and Shoulder Belt Used""]","[""Motor Vehicle in Motion"",""Motor Vehicle in Motion""]","[""Motor Vehicle in Motion"",""Motor Vehicle in Motion""]",Changed Lanes Improperly,9,173.72294948066587
2022-02-15,08:50:00,8,2022,2,15,Tuesday,33.793506,-84.393631,(O) No Injury,0.0,0.0,0.0,Atlanta,FULTON,I-75Nb,Mm251 and I-75Nb,Sideswipe-Same Direction,On Roadway - Non-Intersection,Daylight,Clear,Dry,Gsp Post 00,"[""Lap and Shoulder Belt Used"",""Lap and Shoulder Belt Used""]","[""Motor Vehicle in Motion"",""Motor Vehicle in Motion""]","[""Motor Vehicle in Motion"",""Motor Vehicle in Motion""]",Changed Lanes Improperly,R378,227.5903587802441
2022-02-15,13:50:00,13,2022,2,15,Tuesday,33.797884,-84.393299,(O) No Injury,0.0,0.0,0.0,Atlanta,FULTON,I-85S,I-85S and Peachtree St,Rear End,On Roadway - Non-Intersection,Daylight,Clear,Dry,Gsp Post 00,"[""Lap and Shoulder Belt Used"",""Lap and Shoulder Belt Used""]","[""Motor Vehicle in Motion"",""Motor Vehicle in Motion""]","[""Motor Vehicle in Motion"",""Motor Vehicle in Motion""]",Following Too Close,R365,80.61257536585094
2022-02-15,05:40:00,5,2022,2,15,Tuesday,33.761609,-84.492686,(B) Suspected Minor/Visible Injury,0.0,0.0,1.0,Atlanta,FULTON,I-285 North,I-20 and I-285 North,Rear End,On Roadway - Non-Intersection,Daylight,Clear,Dry,Gsp Post 00,"[""Lap and Shoulder Belt Used"",""Lap and Shoulder Belt Used""]","[""Motor Vehicle in Motion"",""Motor Vehicle in Motion""]","[""Motor Vehicle in Motion"",""Motor Vehicle in Motion""]",Following Too Close,R376,240.72231057375623
2022-02-15,15:18:00,15,2022,2,15,Tuesday,33.798826,-84.396354,(O) No Injury,0.0,0.0,0.0,Atlanta,FULTON,I-75 South,I-75 South and Northside Dr,Sideswipe-Same Direction,On Roadway - Non-Intersection,Daylight,Clear,Dry,Gsp Post 00,"[""Lap and Shoulder Belt Used"",""Lap and Shoulder Belt Used""]","[""Motor Vehicle in Motion"",""Motor Vehicle in Motion""]","[""Motor Vehicle in Motion"",""Motor Vehicle in Motion""]",Changed Lanes Improperly,R365,249.19540312679453
2022-02-15,19:12:00,19,2022,2,15,Tuesday,33.797763,-84.393356,(O) No Injury,0.0,0.0,0.0,Atlanta,FULTON,I-85 South,I-75 North and I-85 South,Rear End,On Roadway - Non-Intersection,Daylight,Clear,Dry,Gsp Post 00,"[""Lap and Shoulder Belt Used"",""Lap and Shoulder Belt Used""]","[""Motor Vehicle in Motion"",""Motor Vehicle in Motion""]","[""Motor Vehicle in Motion"",""Motor Vehicle in Motion""]",,R365,71.25217428131268
2022-02-15,18:15:00,18,2022,2,15,Tuesday,33.760142,-84.37924,(O) No Injury,0.0,0.0,0.0,Atlanta,FULTON,I-7585Nb,I-7585Nb and John Lewis Freedom Pkwy,Rear End,On Roadway - Non-Intersection,Dark-Lighted,Clear,Dry,Gsp Post 00,"[""Lap and Shoulder Belt Used"",""None Used"",""Lap and Shoulder Belt Used"",""Child Restraint System (Properly Used)"",""Child Restraint System (Properly Used)""]","[""Motor Vehicle in Motion"",""Motor Vehicle in Motion""]","[""Motor Vehicle in Motion"",""Motor Vehicle in Motion""]",Following Too Close,9,173.72294948066587
2022-02-16,22:00:00,22,2022,2,16,Wednesday,33.794019,-84.393677,(O) No Injury,0.0,0.0,0.0,Atlanta,FULTON,Exit 250 Rp,None and Exit 250 Rp,Sideswipe-Same Direction,On Roadway - Non-Intersection,Dark-Lighted,Clear,Dry,Atlanta Police Department,"[""Unknown"",""Unknown""]","[""Motor Vehicle in Motion"",""Motor Vehicle in Motion""]",Motor Vehicle in Motion,Changed Lanes Improperly,R378,192.26836542635087
2022-02-16,09:38:00,9,2022,2,16,Wednesday,33.688238,-84.400077,(O) No Injury,0.0,0.0,0.0,Atlanta,FULTON,I-85,None and I-85,Rear End,On Roadway - Non-Intersection,Daylight,Clear,Dry,Atlanta Police Department,"[""Unknown"",""Unknown"",""Unknown"",""Unknown""]","[""Motor Vehicle in Motion"",""Motor Vehicle in Motion""]","[""Motor Vehicle in Motion"",""Motor Vehicle in Motion""]",Following Too Close,R357,221.1699672515741
2022-02-16,09:45:00,9,2022,2,16,Wednesday,33.793486,-84.39274,(O) No Injury,0.0,0.0,0.0,Atlanta,FULTON,I-85,None and I-85,Rear End,"On Roadway - Managed Lane (HOV, HOT, Reversible)",Dark-Lighted,Clear,Dry,Atlanta Police Department,"[""Lap and Shoulder Belt Used"",""Lap and Shoulder Belt Used""]","[""Motor Vehicle in Motion"",""Motor Vehicle in Motion""]","[""Motor Vehicle in Motion"",""Motor Vehicle in Motion""]",Following Too Close,R378,185.54989180691828
2022-02-16,14:00:00,14,2022,2,16,Wednesday,33.757636,-84.378848,(O) No Injury,0.0,0.0,0.0,Atlanta,FULTON,John Wesley Dobbs Ave Ne,I-75 Hov Lane and John Wesley Dobbs Ave Ne,Sideswipe-Same Direction,Off Roadway,Daylight,Clear,Dry,Atlanta Police Department,"[""Unknown"",""Unknown""]","[""Motor Vehicle in Motion"",""Motor Vehicle in Motion""]","[""Motor Vehicle in Motion"",""Motor Vehicle in Motion""]",,9,127.41564329723072
2022-02-16,13:09:00,13,2022,2,16,Wednesday,33.796253,-84.393684,(O) No Injury,0.0,0.0,0.0,Atlanta,FULTON,I-7585 Nb,None and I-7585 Nb,Rear End,On Roadway - Non-Intersection,Daylight,Clear,Dry,Gsp Post 00,"[""Lap and Shoulder Belt Used"",""Lap and Shoulder Belt Used"",""Lap and Shoulder Belt Used""]","[""Motor Vehicle in Motion"",""Motor Vehicle in Motion"",""Motor Vehicle in Motion""]","[""Motor Vehicle in Motion"",""Motor Vehicle in Motion"",""Motor Vehicle in Motion""]",Following Too Close,R356,65.36394949152289
2022-02-17,14:20:00,14,2022,2,17,Thursday,33.743307,-84.379296,(O) No Injury,0.0,0.0,0.0,Atlanta,FULTON,I-20 West,I-20 West and Hill Street,Sideswipe-Same Direction,On Roadway - Non-Intersection,Daylight,Clear,Dry,Gsp Post 00,"[""Lap and Shoulder Belt Used"",""Lap and Shoulder Belt Used""]","[""Motor Vehicle in Motion"",""Motor Vehicle in Motion""]","[""Motor Vehicle in Motion"",""Motor Vehicle in Motion""]",,77,59.14866609472824
2022-02-17,23:35:00,23,2022,2,17,Thursday,33.743377,-84.401597,(K) Fatal Injury,1.0,0.0,0.0,Atlanta,FULTON,I-20 Exit 56B Rp,None and I-20 Exit 56B Rp,Sideswipe-Same Direction,Gore,Dark-Lighted,Clear,Dry,Atlanta Police Department,None Used,"[""Motor Vehicle in Motion"",""Other - Fixed Object"",""Motor Vehicle in Motion""]","[""Motor Vehicle in Motion"",""Pedestrian""]",Changed Lanes Improperly,315,103.21040455985992
2022-02-17,11:45:00,11,2022,2,17,Thursday,33.805828,-84.380644,(O) No Injury,0.0,0.0,0.0,Atlanta,FULTON,Ga 13,Ga 13 and On Ramp To I-85 S,Sideswipe-Same Direction,On Roadway - Non-Intersection,Daylight,Clear,Dry,Gsp Post 00,"[""Lap and Shoulder Belt Used"",""Lap and Shoulder Belt Used""]","[""Motor Vehicle in Motion"",""Motor Vehicle in Motion""]","[""Motor Vehicle in Motion"",""Motor Vehicle in Motion""]",Changed Lanes Improperly,322,163.15051091929308
2022-02-17,11:29:00,11,2022,2,17,Thursday,33.759359,-84.378297,(B) Suspected Minor/Visible Injury,0.0,0.0,1.0,Atlanta,FULTON,Ellis St Ne,I-75 N and Ellis St Ne,Angle Crash,On Roadway - Roadway Intersection,Daylight,Cloudy,Wet,Atlanta Police Department,"[""Unknown"",""Unknown"",""Unknown""]","[""Motor Vehicle in Motion"",""Motor Vehicle in Motion""]","[""Motor Vehicle in Motion"",""Motor Vehicle in Motion""]",Disregard Stop Sign/Signal,9,70.87033872020308
2022-02-18,16:11:00,16,2022,2,18,Friday,33.762003,-84.492664,(C) Possible Injury / Complaint,0.0,0.0,0.0,Atlanta,FULTON,I-285 North,I-20 and I-285 North,Rear End,On Roadway - Non-Intersection,Daylight,Clear,Dry,Gsp Post 00,"[""Lap and Shoulder Belt Used"",""Lap and Shoulder Belt Used""]","[""Motor Vehicle in Motion"",""Motor Vehicle in Motion""]","[""Motor Vehicle in Motion"",""Motor Vehicle in Motion""]",Following Too Close,R376,200.83236685498912
2022-02-18,19:15:00,19,2022,2,18,Friday,33.742918,-84.402896,(C) Possible Injury / Complaint,0.0,0.0,0.0,Atlanta,FULTON,I-20 East,I-20 East and Windsor Street Exit Ramp,Sideswipe-Same Direction,On Roadway - Non-Intersection,Daylight,Clear,Dry,Gsp Post 00,"[""Lap and Shoulder Belt Used"",""Lap and Shoulder Belt Used""]","[""Motor Vehicle in Motion"",""Motor Vehicle in Motion""]","[""Motor Vehicle in Motion"",""Motor Vehicle in Motion""]",Changed Lanes Improperly,315,31.156902679953102
2022-02-19,21:00:00,21,2022,2,19,Saturday,33.786208,-84.402327,(C) Possible Injury / Complaint,0.0,0.0,0.0,Atlanta,FULTON,14Th St Nw,14Th St Nw and Snyder St Nw,Angle Crash,On Roadway - Non-Intersection,Dark-Lighted,Clear,Dry,Atlanta Police Department,"[""None Used"",""None Used""]","[""Motor Vehicle in Motion"",""Motor Vehicle in Motion""]","[""Motor Vehicle in Motion"",""Motor Vehicle in Motion""]",,86,194.83350602366005
2022-02-19,16:00:00,16,2022,2,19,Saturday,33.765006,-84.492945,(O) No Injury,0.0,0.0,0.0,Atlanta,FULTON,I-285,None and I-285,Rear End,On Roadway - Non-Intersection,Daylight,Clear,Dry,Atlanta Police Department,"[""Lap and Shoulder Belt Used"",""Lap and Shoulder Belt Used""]","[""Motor Vehicle in Motion"",""Motor Vehicle in Motion""]","[""Motor Vehicle in Motion"",""Motor Vehicle in Motion""]",Following Too Close,R376,201.4052857567592
2022-02-19,11:59:00,11,2022,2,19,Saturday,33.793303,-84.392924,(O) No Injury,0.0,0.0,0.0,Atlanta,FULTON,I-75,None and I-75,Rear End,On Roadway - Non-Intersection,Daylight,Clear,Dry,Atlanta Police Department,"[""Unknown"",""Unknown"",""Unknown""]","[""Motor Vehicle in Motion"",""Motor Vehicle in Motion"",""Motor Vehicle in Motion""]","[""Motor Vehicle in Motion"",""Motor Vehicle in Motion"",""Motor Vehicle in Motion""]",Following Too Close,R378,210.88014434593143
2022-02-19,12:45:00,12,2022,2,19,Saturday,33.741556,-84.402936,(O) No Injury,0.0,0.0,0.0,Atlanta,FULTON,Mcdaniel St Sw,Fulton St Sw and Mcdaniel St Sw,Angle Crash,On Roadway - Roadway Intersection,Daylight,Clear,Dry,Atlanta Police Department,"[""Lap and Shoulder Belt Used"",""Lap and Shoulder Belt Used""]","[""Motor Vehicle in Motion"",""Motor Vehicle in Motion""]","[""Motor Vehicle in Motion"",""Motor Vehicle in Motion""]",Failure to Yield,315,154.21947972566863
2022-02-19,19:30:00,19,2022,2,19,Saturday,33.807205,-84.379876,(C) Possible Injury / Complaint,0.0,0.0,0.0,Atlanta,FULTON,I-85,None and I-85,Rear End,On Roadway - Non-Intersection,Dark-Lighted,Clear,Dry,Atlanta Police Department,"[""Lap and Shoulder Belt Used"",""Lap and Shoulder Belt Used"",""Lap and Shoulder Belt Used"",""Lap and Shoulder Belt Used""]","[""Motor Vehicle in Motion"",""Motor Vehicle in Motion""]","[""Motor Vehicle in Motion"",""Motor Vehicle in Motion""]",Following Too Close,322,17.93017571808326
2022-02-19,15:30:00,15,2022,2,19,Saturday,33.757516,-84.379316,(O) No Injury,0.0,0.0,0.0,Atlanta,FULTON,John Wesley Dobbs Ave Ne,Bell St Ne and John Wesley Dobbs Ave Ne,Rear End,"On Roadway - Managed Lane (HOV, HOT, Reversible)",Daylight,Clear,Dry,Atlanta Police Department,"[""Lap and Shoulder Belt Used"",""Unknown""]","[""Motor Vehicle in Motion"",""Motor Vehicle in Motion""]","[""Motor Vehicle in Motion"",""Motor Vehicle in Motion""]",Following Too Close,9,157.75263358112792
2022-02-19,17:45:00,17,2022,2,19,Saturday,33.764109,-84.49355,(O) No Injury,0.0,0.0,0.0,Atlanta,FULTON,Exit 10A Rp,None and Exit 10A Rp,Angle Crash,On Roadway - Non-Intersection,Daylight,Clear,Dry,Atlanta Police Department,"[""Lap and Shoulder Belt Used"",""Lap and Shoulder Belt Used""]","[""Motor Vehicle in Motion"",""Motor Vehicle in Motion""]","[""Motor Vehicle in Motion"",""Motor Vehicle in Motion""]",Changed Lanes Improperly,R376,189.98791207168864
2022-02-20,17:25:00,17,2022,2,20,Sunday,33.758792,-84.378598,(O) No Injury,0.0,0.0,0.0,Atlanta,FULTON,I-75,I-75 and I-75 N,Sideswipe-Same Direction,Entrance/Exit Ramp,Daylight,Clear,Dry,Atlanta Police Department,"[""Unknown"",""Unknown""]","[""Motor Vehicle in Motion"",""Motor Vehicle in Motion""]","[""Motor Vehicle in Motion"",""Motor Vehicle in Motion""]",,9,17.021493898035818
2022-02-21,11:50:00,11,2022,2,21,Monday,33.74344,-84.403961,(C) Possible Injury / Complaint,0.0,0.0,0.0,Atlanta,FULTON,Mcdaniel St Sw,Mcdaniel St Sw and Whitehall St Sw,Angle Crash,On Roadway - Non-Intersection,Daylight,Cloudy,Dry,Atlanta Police Department,"[""Shoulder Belt Only Used"",""Shoulder Belt Only Used"",""Lap and Shoulder Belt Used"",""Child Restraint System (Properly Used)"",""Child Restraint System (Properly Used)""]","[""Motor Vehicle in Motion"",""Motor Vehicle in Motion""]","[""Motor Vehicle in Motion"",""Motor Vehicle in Motion""]",Improper Turn,315,142.55394426966654
2022-02-21,19:17:00,19,2022,2,21,Monday,33.742854,-84.379152,(O) No Injury,0.0,0.0,0.0,Atlanta,FULTON,Hill Street,Hill Street and I-20Eb Entrance Ramp,Rear End,On Roadway - Non-Intersection,Dark-Lighted,Rain,Wet,Gsp Post 00,"[""Lap and Shoulder Belt Used"",""Lap and Shoulder Belt Used""]","[""Motor Vehicle in Motion"",""Motor Vehicle in Motion""]","[""Motor Vehicle in Motion"",""Motor Vehicle in Motion""]","[""Too Fast for Conditions"",""Following Too Close""]",77,53.29969764397967
2022-02-21,15:19:00,15,2022,2,21,Monday,33.764504,-84.492749,(O) No Injury,0.0,0.0,0.0,Atlanta,FULTON,1-20 West,1-20 West and Holmes Drive,Sideswipe-Same Direction,On Roadway - Non-Intersection,Daylight,Rain,Wet,Gsp Post 00,"[""Lap and Shoulder Belt Used"",""Lap and Shoulder Belt Used"",""Lap and Shoulder Belt Used"",""Lap and Shoulder Belt Used""]","[""Motor Vehicle in Motion"",""Motor Vehicle in Motion""]","[""Motor Vehicle in Motion"",""Motor Vehicle in Motion""]",,R376,147.80220505143927
2022-02-21,14:34:00,14,2022,2,21,Monday,33.764173,-84.49399,(O) No Injury,0.0,0.0,0.0,Atlanta,FULTON,I-20Eb Exit 51A,None and I-20Eb Exit 51A,Sideswipe-Same Direction,Entrance/Exit Ramp,Daylight,Rain,Wet,Gsp Post 00,"[""Lap and Shoulder Belt Used"",""Lap and Shoulder Belt Used""]","[""Motor Vehicle in Motion"",""Motor Vehicle in Motion""]","[""Motor Vehicle in Motion"",""Motor Vehicle in Motion""]",Failure to Yield,R376,231.0331993332066
2022-02-21,09:50:00,9,2022,2,21,Monday,33.805947,-84.381445,(O) No Injury,0.0,0.0,0.0,Atlanta,FULTON,Interstate 85 Northbound,Peachtree St and Interstate 85 Northbound,Rear End,On Roadway - Non-Intersection,Daylight,Clear,Dry,Gsp Post 00,"[""Lap and Shoulder Belt Used"",""Lap and Shoulder Belt Used""]","[""Motor Vehicle in Motion"",""Motor Vehicle in Motion""]","[""Motor Vehicle in Motion"",""Motor Vehicle in Motion""]",Changed Lanes Improperly,322,202.54269801128797
2022-02-22,06:25:00,6,2022,2,22,Tuesday,33.742236,-84.404328,(O) No Injury,0.0,0.0,0.0,Atlanta,FULTON,I-20 Eb,I-20 Eb and Mcdaniel St,Sideswipe-Same Direction,On Roadway - Non-Intersection,Dark-Lighted,Cloudy,Wet,Gsp Post 00,"[""Lap and Shoulder Belt Used"",""Lap and Shoulder Belt Used""]","[""Motor Vehicle in Motion"",""Motor Vehicle in Motion""]","[""Motor Vehicle in Motion"",""Median Barrier""]",Changed Lanes Improperly,315,180.13487314756333
2022-02-22,08:14:00,8,2022,2,22,Tuesday,33.708826,-84.40239,(C) Possible Injury / Complaint,0.0,0.0,0.0,Atlanta,FULTON,I-7585 Northbound,I-7585 Northbound and Fair Drive Overpass,Rear End,On Roadway - Non-Intersection,Daylight,Cloudy,Wet,Gsp Post 00,"[""Lap and Shoulder Belt Used"",""Lap and Shoulder Belt Used"",""Lap and Shoulder Belt Used"",""Lap and Shoulder Belt Used"",""Lap and Shoulder Belt Used"",""Lap and Shoulder Belt Used""]","[""Motor Vehicle in Motion"",""Motor Vehicle in Motion"",""Motor Vehicle in Motion""]","[""Motor Vehicle in Motion"",""Motor Vehicle in Motion"",""Motor Vehicle in Motion""]",Following Too Close,310,11.268075066129407
2022-02-22,10:00:00,10,2022,2,22,Tuesday,33.80681,-84.380386,(O) No Injury,0.0,0.0,0.0,Atlanta,FULTON,I-85 N,I-85 N and Peachtree St,Rear End,On Roadway - Non-Intersection,Daylight,Cloudy,Wet,Gsp Post 00,"[""Lap and Shoulder Belt Used"",""Lap and Shoulder Belt Used""]","[""Motor Vehicle in Motion"",""Motor Vehicle in Motion""]","[""Motor Vehicle in Motion"",""Motor Vehicle in Motion""]",Following Too Close,322,67.41938092919426
2022-02-22,11:50:00,11,2022,2,22,Tuesday,33.743309,-84.380426,(O) No Injury,0.0,0.0,0.0,Atlanta,FULTON,Interstate 20 East,Interstate 20 East and Hill Street Overpass,Not a Collision with Motor Vehicle,On Shoulder,Daylight,Cloudy,Wet,Gsp Post 00,Lap and Shoulder Belt Used,Highway Traffic Sign Post,Highway Traffic Sign Post,,77,162.00232425090704
2022-02-22,15:20:00,15,2022,2,22,Tuesday,33.808215,-84.378864,(O) No Injury,0.0,0.0,0.0,Atlanta,FULTON,I-85 S,I-85 S and Armour Dr,Rear End,On Roadway - Non-Intersection,Daylight,Clear,Dry,Gsp Post 00,"[""Lap and Shoulder Belt Used"",""Lap and Shoulder Belt Used""]","[""Motor Vehicle in Motion"",""Motor Vehicle in Motion""]","[""Motor Vehicle in Motion"",""Motor Vehicle in Motion""]",Following Too Close,322,148.87718220110267
2022-02-22,17:00:00,17,2022,2,22,Tuesday,33.807072,-84.378242,(C) Possible Injury / Complaint,0.0,0.0,0.0,Atlanta,FULTON,Ga-13,None and Ga-13,Rear End,On Roadway - Non-Intersection,Daylight,Clear,Dry,Atlanta Police Department,"[""Unknown"",""Unknown""]","[""Motor Vehicle in Motion"",""Motor Vehicle in Motion""]","[""Motor Vehicle in Motion"",""Motor Vehicle in Motion""]",Following Too Close,322,138.76403543593986
2022-02-23,11:00:00,11,2022,2,23,Wednesday,33.797348,-84.393516,(O) No Injury,0.0,0.0,0.0,Atlanta,FULTON,I-85 S,I-85 S and 17Th St Nw,Rear End,On Roadway - Non-Intersection,Daylight,Rain,Wet,Atlanta Police Department,"[""Lap and Shoulder Belt Used"",""Lap and Shoulder Belt Used""]","[""Motor Vehicle in Motion"",""Motor Vehicle in Motion""]","[""Motor Vehicle in Motion"",""Motor Vehicle in Motion""]",Following Too Close,R365,60.89609647492677
2022-02-24,15:00:00,15,2022,2,24,Thursday,33.798792,-84.396333,(O) No Injury,0.0,0.0,0.0,Atlanta,FULTON,I-75Sb,I-75Sb and Northside Dr,Sideswipe-Same Direction,On Roadway - Non-Intersection,Daylight,Clear,Dry,Gsp Post 00,"[""Lap and Shoulder Belt Used"",""Lap and Shoulder Belt Used""]","[""Motor Vehicle in Motion"",""Motor Vehicle in Motion""]","[""Motor Vehicle in Motion"",""Motor Vehicle in Motion""]",Changed Lanes Improperly,R365,245.515256207816
2022-02-24,14:14:00,14,2022,2,24,Thursday,33.743446,-84.380942,(O) No Injury,0.0,0.0,0.0,Atlanta,FULTON,I-20 West,I-20 West and Capital Ave,Rear End,On Roadway - Non-Intersection,Daylight,Clear,Dry,Gsp Post 00,"[""Lap and Shoulder Belt Used"",""Lap and Shoulder Belt Used""]","[""Motor Vehicle in Motion"",""Motor Vehicle in Motion""]","[""Motor Vehicle in Motion"",""Motor Vehicle in Motion""]","[""Changed Lanes Improperly"",""Following Too Close""]",77,211.48550486281707
2022-02-24,16:34:00,16,2022,2,24,Thursday,33.742921,-84.37933,(O) No Injury,0.0,0.0,0.0,Atlanta,FULTON,I-20 East On-Ramp From Hill St,Hill St Se and I-20 East On-Ramp From Hill St,Rear End,Entrance/Exit Ramp,Daylight,Clear,Dry,Gsp Post 00,"[""Lap and Shoulder Belt Used"",""Lap and Shoulder Belt Used""]","[""Motor Vehicle in Motion"",""Motor Vehicle in Motion""]","[""Motor Vehicle in Motion"",""Motor Vehicle in Motion""]",Following Too Close,77,64.10668335412792
2022-02-24,07:55:00,7,2022,2,24,Thursday,33.873888,-84.446269,(O) No Injury,0.0,0.0,0.0,Atlanta,FULTON,I-75 Southbound,Mt Paran Rd and I-75 Southbound,Rear End,On Roadway - Non-Intersection,Daylight,Cloudy,Dry,Gsp Post 00,"[""Lap and Shoulder Belt Used"",""Lap and Shoulder Belt Used""]","[""Motor Vehicle in Motion"",""Motor Vehicle in Motion""]","[""Motor Vehicle in Motion"",""Motor Vehicle in Motion""]",Following Too Close,308,47.24552961332427
2022-02-25,19:12:00,19,2022,2,25,Friday,33.743358,-84.404571,(B) Suspected Minor/Visible Injury,0.0,0.0,1.0,Atlanta,FULTON,Whitehall St Sw,Mcdaniel St Sw and Whitehall St Sw,Sideswipe-Same Direction,On Roadway - Non-Intersection,Dark-Lighted,Clear,Dry,Atlanta Police Department,"[""Unknown"",""Unknown""]","[""Motor Vehicle in Motion"",""Motor Vehicle in Motion""]","[""Motor Vehicle in Motion"",""Motor Vehicle in Motion""]","[""Misjudged Clearance"",""Misjudged Clearance""]",315,192.91522743496603
2022-02-25,10:33:00,10,2022,2,25,Friday,33.798599,-84.392828,(O) No Injury,0.0,0.0,0.0,Atlanta,FULTON,I-85 South,Ga-400 and I-85 South,Rear End,On Roadway - Non-Intersection,Daylight,Cloudy,Wet,Gsp Post 00,"[""Lap and Shoulder Belt Used"",""Lap and Shoulder Belt Used"",""Lap and Shoulder Belt Used""]","[""Motor Vehicle in Motion"",""Motor Vehicle in Motion""]","[""Motor Vehicle in Motion"",""Motor Vehicle in Motion""]",Following Too Close,R365,161.7704044558211