Date,Time,Hour,Year,Month,Day,DayOfWeek,Crash Latitude,Crash Longitude,KABCO Severity,# of Fatalities per Crash,# Serious Injuries,# Visible Injuries,Geolocated City,Geolocated County,Roadway (From Crash Report),Intersection Name (from Crash Report),Manner of Collision (Crash Level),Location at Impact (Crash Level),Light Conditions (Crash Level),Weather Conditions (Crash Level),Surface Condition (Crash Level),Agency Name (Crash Level),Safety Equipment (Crash Level),First Harmful Event (Unit Order),Most Harmful Event (Crash Level),"Operator/Pedestrian Contrib Factor (excl None, Other, No Contrib Factors)",join_id,Crash_to_TMAS_m
2022-03-07,16:10:00,16,2022,3,7,Monday,33.798322,-84.393028,(O) No Injury,0.0,0.0,0.0,Atlanta,FULTON,I-85 S,Ga 13 and I-85 S,Rear End,On Roadway - Non-Intersection,Daylight,Cloudy,Dry,Gsp Post 00,"[""Lap and Shoulder Belt Used"",""Lap and Shoulder Belt Used""]","[""Motor Vehicle in Motion"",""Motor Vehicle in Motion""]","[""Motor Vehicle in Motion"",""Motor Vehicle in Motion""]",Following Too Close,R365,127.58638009975502
2022-03-07,17:40:00,17,2022,3,7,Monday,33.742845,-84.403047,(C) Possible Injury / Complaint,0.0,0.0,0.0,Atlanta,FULTON,I-20 Eb,I-20 Eb and Mcdaniel St,Rear End,On Roadway - Non-Intersection,Daylight,Rain,Wet,Gsp Post 00,"[""Lap and Shoulder Belt Used"",""Lap and Shoulder Belt Used"",""Lap and Shoulder Belt Used"",""Lap and Shoulder Belt Used"",""Lap and Shoulder Belt Used""]","[""Motor Vehicle in Motion"",""Motor Vehicle in Motion""]","[""Motor Vehicle in Motion"",""Motor Vehicle in Motion""]",Following Too Close,315,45.7131282589944
2022-03-08,22:04:00,22,2022,3,8,Tuesday,33.798581,-84.392215,(C) Possible Injury / Complaint,0.0,0.0,0.0,Atlanta,FULTON,Ga-13,None and Ga-13,Angle Crash,On Roadway - Roadway Intersection,Dark-Not Lighted,Rain,Wet,Atlanta Police Department,"[""Unknown"",""Unknown"",""Unknown"",""Unknown"",""Unknown""]","[""Motor Vehicle in Motion"",""Motor Vehicle in Motion""]","[""Motor Vehicle in Motion"",""Motor Vehicle in Motion""]",Driver Lost Control,R365,205.7588531244004
2022-03-08,23:30:00,23,2022,3,8,Tuesday,33.743489,-84.37984,(O) No Injury,0.0,0.0,0.0,Atlanta,FULTON,I-20,None and I-20,Rear End,On Roadway - Non-Intersection,Dark-Lighted,Rain,Wet,Atlanta Police Department,"[""Unknown"",""Lap and Shoulder Belt Used"",""Lap and Shoulder Belt Used"",""Lap and Shoulder Belt Used""]","[""Motor Vehicle in Motion"",""Motor Vehicle in Motion"",""Motor Vehicle in Motion"",""Motor Vehicle in Motion""]","[""Motor Vehicle in Motion"",""Motor Vehicle in Motion"",""Motor Vehicle in Motion"",""Motor Vehicle in Motion""]",Changed Lanes Improperly,77,113.41134486012496
2022-03-08,21:10:00,21,2022,3,8,Tuesday,33.743443,-84.381305,(B) Suspected Minor/Visible Injury,0.0,0.0,1.0,Atlanta,FULTON,I-20,None and I-20,Rear End,On Roadway - Non-Intersection,Dark-Lighted,Clear,Wet,Atlanta Police Department,"[""Lap and Shoulder Belt Used"",""Lap and Shoulder Belt Used"",""Lap and Shoulder Belt Used"",""Child Restraint System (Properly Used)""]","[""Motor Vehicle in Motion"",""Motor Vehicle in Motion"",""Motor Vehicle in Motion""]","[""Motor Vehicle in Motion"",""Motor Vehicle in Motion"",""Motor Vehicle in Motion""]",Following Too Close,77,244.70991772946917
2022-03-08,21:45:00,21,2022,3,8,Tuesday,33.794728,-84.393375,(O) No Injury,0.0,0.0,0.0,Atlanta,FULTON,I-85,None and I-85,Sideswipe-Same Direction,On Roadway - Non-Intersection,Dark-Lighted,Rain,Wet,Atlanta Police Department,"[""Unknown"",""Unknown""]","[""Motor Vehicle in Motion"",""Motor Vehicle in Motion""]","[""Motor Vehicle in Motion"",""Motor Vehicle in Motion""]",Driver Lost Control,R378,131.9945093216181
2022-03-08,20:30:00,20,2022,3,8,Tuesday,33.797001,-84.395978,(C) Possible Injury / Complaint,0.0,0.0,0.0,Atlanta,FULTON,Deering Rd Nw,Loring Dr Nw and Deering Rd Nw,Rear End,On Roadway - Non-Intersection,Dark-Not Lighted,Rain,Wet,Atlanta Police Department,"[""Shoulder Belt Only Used"",""Shoulder Belt Only Used""]","[""Motor Vehicle in Motion"",""Motor Vehicle in Motion""]","[""Motor Vehicle in Motion"",""Motor Vehicle in Motion""]",Following Too Close,R356,162.77074695886571
2022-03-08,15:01:00,15,2022,3,8,Tuesday,33.798501,-84.392902,(O) No Injury,0.0,0.0,0.0,Atlanta,FULTON,I-85 Sb,I-85 Sb and Peachtree St,Sideswipe-Same Direction,On Roadway - Non-Intersection,Daylight,Rain,Wet,Gsp Post 00,"[""Lap and Shoulder Belt Used"",""Lap and Shoulder Belt Used""]","[""Motor Vehicle in Motion"",""Motor Vehicle in Motion""]","[""Motor Vehicle in Motion"",""Motor Vehicle in Motion""]",Changed Lanes Improperly,R365,149.362049470491
2022-03-08,14:20:00,14,2022,3,8,Tuesday,33.792836,-84.392429,(O) No Injury,0.0,0.0,0.0,Atlanta,FULTON,I-85 S,I-85 S and Peachtree St,Rear End,On Roadway - Non-Intersection,Daylight,Cloudy,Dry,Gsp Post 00,"[""Lap and Shoulder Belt Used"",""Lap and Shoulder Belt Used"",""Lap and Shoulder Belt Used"",""Lap and Shoulder Belt Used""]","[""Motor Vehicle in Motion"",""Motor Vehicle in Motion"",""Motor Vehicle in Motion""]","[""Motor Vehicle in Motion"",""Motor Vehicle in Motion"",""Motor Vehicle in Motion""]",Following Too Close,R378,247.7508192149268
2022-03-08,07:30:00,7,2022,3,8,Tuesday,33.796344,-84.394867,(O) No Injury,0.0,0.0,0.0,Atlanta,FULTON,I-75S,I-75S and Deering Rd,Rear End,On Roadway - Non-Intersection,Daylight,Clear,Dry,Gsp Post 00,"[""Lap and Shoulder Belt Used"",""Lap and Shoulder Belt Used"",""Lap and Shoulder Belt Used""]","[""Motor Vehicle in Motion"",""Motor Vehicle in Motion"",""Motor Vehicle in Motion""]","[""Motor Vehicle in Motion"",""Motor Vehicle in Motion"",""Motor Vehicle in Motion""]","[""Following Too Close"",""Changed Lanes Improperly""]",R356,50.78044814579845
2022-03-08,17:15:00,17,2022,3,8,Tuesday,33.759109,-84.478572,(O) No Injury,0.0,0.0,0.0,Atlanta,FULTON,I-20 East,I-20 East and Hamilton E. Holmes,Rear End,On Roadway - Non-Intersection,Daylight,Rain,Wet,Gsp Post 00,"[""Lap and Shoulder Belt Used"",""Lap and Shoulder Belt Used""]","[""Motor Vehicle in Motion"",""Motor Vehicle in Motion""]","[""Motor Vehicle in Motion"",""Motor Vehicle in Motion""]",Following Too Close,313,36.46419581799819
2022-03-09,19:00:00,19,2022,3,9,Wednesday,33.807237,-84.379552,(O) No Injury,0.0,0.0,0.0,Atlanta,FULTON,I-85 Exit 86 Rp,None and I-85 Exit 86 Rp,Rear End,On Roadway - Non-Intersection,Dusk,Clear,Dry,Atlanta Police Department,"[""Lap and Shoulder Belt Used"",""Lap and Shoulder Belt Used""]","[""Motor Vehicle in Motion"",""Motor Vehicle in Motion"",""Motor Vehicle in Motion""]","[""Motor Vehicle in Motion"",""Motor Vehicle in Motion"",""Motor Vehicle in Motion""]",Following Too Close,322,23.8588876947984
2022-03-10,14:00:00,14,2022,3,10,Thursday,33.710886,-84.401927,(O) No Injury,0.0,0.0,0.0,Atlanta,FULTON,I-7585 South,I-7585 South and Langford Parkway,Sideswipe-Same Direction,On Roadway - Non-Intersection,Daylight,Cloudy,Dry,Gsp Post 00,"[""Unknown"",""Unknown""]","[""Motor Vehicle in Motion"",""Motor Vehicle in Motion""]","[""Motor Vehicle in Motion"",""Motor Vehicle in Motion""]",Changed Lanes Improperly,310,232.5219668245576
2022-03-10,17:36:00,17,2022,3,10,Thursday,33.798671,-84.393683,(O) No Injury,0.0,0.0,0.0,Atlanta,FULTON,Deering Rd Nw,Deering Rd Nw and Standish Ave Nw,Angle Crash,On Roadway - Roadway Intersection,Daylight,Clear,Dry,Atlanta Police Department,"[""Lap and Shoulder Belt Used"",""Lap and Shoulder Belt Used""]","[""Motor Vehicle in Motion"",""Motor Vehicle in Motion""]","[""Motor Vehicle in Motion"",""Motor Vehicle in Motion""]",Failure to Yield,R365,124.95226433307906
2022-03-10,13:55:00,13,2022,3,10,Thursday,33.807783,-84.379084,(O) No Injury,0.0,0.0,0.0,Atlanta,FULTON,I-85 Nb,I-85 Nb and Peachtree Street,Rear End,On Roadway - Non-Intersection,Daylight,Clear,Dry,Gsp Post 00,"[""Lap and Shoulder Belt Used"",""Lap and Shoulder Belt Used""]","[""Motor Vehicle in Motion"",""Motor Vehicle in Motion""]","[""Motor Vehicle in Motion"",""Motor Vehicle in Motion""]",Following Too Close,322,98.00103938828282
2022-03-11,20:30:00,20,2022,3,11,Friday,33.757983,-84.378938,(C) Possible Injury / Complaint,0.0,0.0,0.0,Atlanta,FULTON,I-75,I-75 and John Wesley Dobbs Ave Ne,Sideswipe-Same Direction,On Roadway - Non-Intersection,Dark-Lighted,Rain,Wet,Atlanta Police Department,"[""Unknown"",""Unknown"",""Unknown""]","[""Motor Vehicle in Motion"",""Motor Vehicle in Motion""]","[""Motor Vehicle in Motion"",""Motor Vehicle in Motion""]","[""Failure to Yield"",""Changed Lanes Improperly""]",9,95.3206581378188
2022-03-11,07:14:00,7,2022,3,11,Friday,33.707026,-84.403104,(O) No Injury,0.0,0.0,0.0,Atlanta,FULTON,I-7585 N,Fair Dr and I-7585 N,Rear End,On Roadway - Non-Intersection,Dawn,Cloudy,Dry,Gsp Post 00,"[""Lap and Shoulder Belt Used"",""Lap and Shoulder Belt Used""]","[""Motor Vehicle in Motion"",""Motor Vehicle in Motion""]","[""Motor Vehicle in Motion"",""Motor Vehicle in Motion""]",Improper Backing,310,212.5098423240945
2022-03-11,03:45:00,3,2022,3,11,Friday,33.742528,-84.404206,(O) No Injury,0.0,0.0,0.0,Atlanta,FULTON,I-20,None and I-20,Not a Collision with Motor Vehicle,Median,Dark-Not Lighted,Clear,Dry,Atlanta Police Department,Unknown,Median Barrier,Median Barrier,Driver Lost Control,315,158.3477755752185
2022-03-11,14:22:00,14,2022,3,11,Friday,33.760149,-84.379245,(O) No Injury,0.0,0.0,0.0,Atlanta,FULTON,I-75,I-75 and Andrew Young International Blvd Ne,Rear End,On Roadway - Non-Intersection,Daylight,Cloudy,Dry,Atlanta Police Department,"[""Unknown"",""Unknown""]","[""Motor Vehicle in Motion"",""Motor Vehicle in Motion""]","[""Motor Vehicle in Motion"",""Motor Vehicle in Motion""]",Following Too Close,9,174.62362132279037
2022-03-11,07:45:00,7,2022,3,11,Friday,33.808097,-84.378626,(C) Possible Injury / Complaint,0.0,0.0,0.0,Atlanta,FULTON,I-85 North,I-75/ I-85 and I-85 North,Sideswipe-Same Direction,On Roadway - Non-Intersection,Daylight,Cloudy,Dry,Gsp Post 00,"[""Lap and Shoulder Belt Used"",""Lap and Shoulder Belt Used""]","[""Motor Vehicle in Motion"",""Motor Vehicle in Motion""]","[""Motor Vehicle in Motion"",""Motor Vehicle in Motion""]",Changed Lanes Improperly,322,152.08694897378297
2022-03-11,14:45:00,14,2022,3,11,Friday,33.79864,-84.396246,(O) No Injury,0.0,0.0,0.0,Atlanta,FULTON,I-75S,I-75S and Northside Dr,Sideswipe-Same Direction,On Roadway - Non-Intersection,Daylight,Clear,Dry,Gsp Post 00,"[""Lap and Shoulder Belt Used"",""Lap and Shoulder Belt Used"",""Lap and Shoulder Belt Used""]","[""Motor Vehicle in Motion"",""Motor Vehicle in Motion"",""Motor Vehicle in Motion""]","[""Motor Vehicle in Motion"",""Motor Vehicle in Motion"",""Motor Vehicle in Motion""]","[""Changed Lanes Improperly"",""Reaction to Object or Animal""]",R365,229.852562650984
2022-03-11,22:00:00,22,2022,3,11,Friday,33.757882,-84.378412,(O) No Injury,0.0,0.0,0.0,Atlanta,FULTON,I-75 Hov Lane,I-75 Hov Lane and John Wesley Dobbs Ave Ne,Sideswipe-Same Direction,On Roadway - Non-Intersection,Dark-Lighted,Rain,Wet,Atlanta Police Department,"[""Unknown"",""Unknown"",""Unknown""]","[""Motor Vehicle in Motion"",""Motor Vehicle in Motion""]","[""Motor Vehicle in Motion"",""Motor Vehicle in Motion""]",Changed Lanes Improperly,9,94.10402186502812
2022-03-11,19:30:00,19,2022,3,11,Friday,33.793084,-84.392823,(O) No Injury,0.0,0.0,0.0,Atlanta,FULTON,I-85 South,I-85 South and 17Th Street,Rear End,On Roadway - Non-Intersection,Daylight,Cloudy,Wet,Gsp Post 00,"[""Unknown"",""Lap and Shoulder Belt Used""]","[""Motor Vehicle in Motion"",""Motor Vehicle in Motion""]","[""Motor Vehicle in Motion"",""Motor Vehicle in Motion""]",Following Too Close,R378,230.0278874283536
2022-03-12,05:00:00,5,2022,3,12,Saturday,33.759977,-84.379919,(O) No Injury,0.0,0.0,0.0,Atlanta,FULTON,I-75,I-75 and Andrew Young International Blvd Ne,Not a Collision with Motor Vehicle,Off Roadway,Dark-Lighted,Rain,Wet,Atlanta Police Department,Unknown,Other - Fixed Object,Other - Fixed Object,Driver Lost Control,9,195.41099432705195
2022-03-12,08:00:00,8,2022,3,12,Saturday,33.757701,-84.376359,(O) No Injury,0.0,0.0,0.0,Atlanta,FULTON,Irwin St Ne,Irwin St Ne and Hilliard St Ne,Rear End,On Roadway - Driveway Intersection,Daylight,Cloudy,Dry,Atlanta Police Department,"[""Lap and Shoulder Belt Used"",""Lap and Shoulder Belt Used""]","[""Motor Vehicle in Motion"",""Motor Vehicle in Motion""]","[""Motor Vehicle in Motion"",""Motor Vehicle in Motion""]",Inattentive or Other Distraction (Distracted),9,223.3230435846361
2022-03-12,17:35:00,17,2022,3,12,Saturday,33.807216,-84.379861,(O) No Injury,0.0,0.0,0.0,Atlanta,FULTON,I-85,I-85 and Exit 86,Rear End,On Roadway - Non-Intersection,Dark-Lighted,Clear,Dry,Atlanta Police Department,"[""Lap and Shoulder Belt Used"",""Lap and Shoulder Belt Used""]","[""Motor Vehicle in Motion"",""Motor Vehicle in Motion""]","[""Motor Vehicle in Motion"",""Motor Vehicle in Motion""]",,322,17.918019932655998
2022-03-12,19:47:00,19,2022,3,12,Saturday,33.743309,-84.377335,(C) Possible Injury / Complaint,0.0,0.0,0.0,Atlanta,FULTON,I-20,None and I-20,Sideswipe-Same Direction,On Roadway - Non-Intersection,Dark-Lighted,Clear,Dry,Atlanta Police Department,"[""Unknown"",""Unknown""]","[""Motor Vehicle in Motion"",""Motor Vehicle in Motion""]","[""Motor Vehicle in Motion"",""Motor Vehicle in Motion""]",,77,126.9899172773517
2022-03-12,20:30:00,20,2022,3,12,Saturday,33.806588,-84.380661,(O) No Injury,0.0,0.0,0.0,Atlanta,FULTON,I-85,None and I-85,Rear End,On Roadway - Non-Intersection,Daylight,Clear,Dry,Atlanta Police Department,"[""Lap and Shoulder Belt Used"",""Unknown"",""Lap and Shoulder Belt Used"",""Lap and Shoulder Belt Used"",""Lap and Shoulder Belt Used"",""Lap and Shoulder Belt Used""]","[""Motor Vehicle in Motion"",""Motor Vehicle in Motion"",""Motor Vehicle in Motion"",""Motor Vehicle in Motion""]","[""Motor Vehicle in Motion"",""Motor Vehicle in Motion"",""Motor Vehicle in Motion"",""Motor Vehicle in Motion""]",Following Too Close,322,101.88018811746817
2022-03-13,18:05:00,18,2022,3,13,Sunday,33.764194,-84.4922,(O) No Injury,0.0,0.0,0.0,Atlanta,FULTON,I-20,None and I-20,Angle Crash,On Roadway - Non-Intersection,Daylight,Clear,Dry,Atlanta Police Department,"[""None Used"",""None Used""]","[""Motor Vehicle in Motion"",""Motor Vehicle in Motion""]","[""Motor Vehicle in Motion"",""Motor Vehicle in Motion""]",,R376,87.93049974395358
2022-03-13,20:20:00,20,2022,3,13,Sunday,33.71021,-84.402177,(O) No Injury,0.0,0.0,0.0,Atlanta,FULTON,I-75,None and I-75,Sideswipe-Same Direction,On Roadway - Non-Intersection,Dark-Lighted,Clear,Dry,Atlanta Police Department,"[""Unknown"",""Lap and Shoulder Belt Used""]","[""Motor Vehicle in Motion"",""Motor Vehicle in Motion""]","[""Motor Vehicle in Motion"",""Motor Vehicle in Motion""]",Changed Lanes Improperly,310,155.57205287018718
2022-03-13,14:30:00,14,2022,3,13,Sunday,33.806,-84.380549,(O) No Injury,0.0,0.0,0.0,Atlanta,FULTON,Ga-13,None and Ga-13,Rear End,Entrance/Exit Ramp,Daylight,Clear,Dry,Atlanta Police Department,"[""Lap and Shoulder Belt Used"",""Lap and Shoulder Belt Used""]","[""Motor Vehicle in Motion"",""Motor Vehicle in Motion""]","[""Motor Vehicle in Motion"",""Motor Vehicle in Motion""]",Following Too Close,322,142.27299127052606
2022-03-14,20:28:00,20,2022,3,14,Monday,33.743844,-84.401467,(B) Suspected Minor/Visible Injury,0.0,0.0,1.0,Atlanta,FULTON,I-20,None and I-20,Sideswipe-Opposite Direction,On Roadway - Non-Intersection,Dark-Lighted,Clear,Dry,Atlanta Police Department,"[""Unknown"",""Unknown"",""Unknown""]","[""Motor Vehicle in Motion"",""Motor Vehicle in Motion""]","[""Motor Vehicle in Motion"",""Motor Vehicle in Motion""]",Changed Lanes Improperly,315,144.92426774933986
2022-03-15,14:40:00,14,2022,3,15,Tuesday,33.798221,-84.393097,(O) No Injury,0.0,0.0,0.0,Atlanta,FULTON,I-85 S,I-85 S and Peachtree St,Rear End,On Roadway - Non-Intersection,Daylight,Cloudy,Wet,Gsp Post 00,"[""Lap and Shoulder Belt Used"",""Lap and Shoulder Belt Used"",""Lap and Shoulder Belt Used""]","[""Motor Vehicle in Motion"",""Motor Vehicle in Motion"",""Motor Vehicle in Motion""]","[""Motor Vehicle in Motion"",""Motor Vehicle in Motion"",""Motor Vehicle in Motion""]",Following Too Close,R365,115.67139614277625
2022-03-15,12:43:00,12,2022,3,15,Tuesday,33.759625,-84.480857,(O) No Injury,0.0,0.0,0.0,Atlanta,FULTON,I-20Wb,I-20Wb and Hamilton E Holmes Dr,Sideswipe-Same Direction,On Roadway - Non-Intersection,Daylight,Cloudy,Dry,Gsp Post 00,"[""Lap and Shoulder Belt Used"",""Lap and Shoulder Belt Used""]","[""Motor Vehicle in Motion"",""Motor Vehicle in Motion""]","[""Motor Vehicle in Motion"",""Motor Vehicle in Motion""]",,313,198.5461356658083
2022-03-15,18:00:00,18,2022,3,15,Tuesday,33.797439,-84.395572,(O) No Injury,0.0,0.0,0.0,Atlanta,FULTON,I-75Sb,I-75Sb and Northside Dr,Rear End,On Roadway - Non-Intersection,Daylight,Rain,Wet,Gsp Post 00,"[""Lap and Shoulder Belt Used"",""Lap and Shoulder Belt Used""]","[""Motor Vehicle in Motion"",""Motor Vehicle in Motion""]","[""Motor Vehicle in Motion"",""Motor Vehicle in Motion""]",,R365,137.52060222579536
2022-03-15,08:25:00,8,2022,3,15,Tuesday,33.797208,-84.393272,(O) No Injury,0.0,0.0,0.0,Atlanta,FULTON,Interstate 85 Northbound,17Th Street and Interstate 85 Northbound,Sideswipe-Same Direction,On Roadway - Non-Intersection,Daylight,Clear,Dry,Gsp Post 00,"[""Lap and Shoulder Belt Used"",""Lap and Shoulder Belt Used""]","[""Motor Vehicle in Motion"",""Motor Vehicle in Motion""]","[""Motor Vehicle in Motion"",""Motor Vehicle in Motion""]",Changed Lanes Improperly,R365,88.17385504847033
2022-03-15,15:40:00,15,2022,3,15,Tuesday,33.795584,-84.389485,(C) Possible Injury / Complaint,0.0,0.0,0.0,Atlanta,FULTON,Spring St Nw,Ga-13 S and Spring St Nw,Rear End,On Roadway - Roadway Intersection,Daylight,Cloudy,Wet,Atlanta Police Department,"[""Lap and Shoulder Belt Used"",""Lap and Shoulder Belt Used""]","[""Motor Vehicle in Motion"",""Motor Vehicle in Motion""]","[""Motor Vehicle in Motion"",""Motor Vehicle in Motion""]",Following Too Close,R378,240.66977403991396
2022-03-15,17:40:00,17,2022,3,15,Tuesday,33.795951,-84.393671,(O) No Injury,0.0,0.0,0.0,Atlanta,FULTON,I-85S,I-85S and Peachtree St,Sideswipe-Same Direction,On Roadway - Non-Intersection,Daylight,Rain,Wet,Gsp Post 00,"[""Lap and Shoulder Belt Used"",""Lap and Shoulder Belt Used""]","[""Motor Vehicle in Motion"",""Motor Vehicle in Motion""]","[""Motor Vehicle in Motion"",""Motor Vehicle in Motion""]",Changed Lanes Improperly,R356,84.59674605800893
2022-03-16,21:40:00,21,2022,3,16,Wednesday,33.743307,-84.379151,(O) No Injury,0.0,0.0,0.0,Atlanta,FULTON,I-20,I-20 and Hill St Se,Sideswipe-Same Direction,On Roadway - Non-Intersection,Dark-Lighted,Rain,Wet,Atlanta Police Department,"[""Unknown"",""Lap and Shoulder Belt Used""]","[""Motor Vehicle in Motion"",""Motor Vehicle in Motion""]","[""Motor Vehicle in Motion"",""Motor Vehicle in Motion""]",Changed Lanes Improperly,77,46.57553011777833
2022-03-16,22:20:00,22,2022,3,16,Wednesday,33.759377,-84.378362,(O) No Injury,0.0,0.0,0.0,Atlanta,FULTON,Ellis St Ne,Fort St and Ellis St Ne,Head On,On Roadway - Roadway Intersection,Dark-Lighted,Clear,Wet,Atlanta Police Department,"[""Unknown"",""Unknown""]","[""Motor Vehicle in Motion"",""Motor Vehicle in Motion""]","[""Motor Vehicle in Motion"",""Motor Vehicle in Motion""]",Disregard Stop Sign/Signal,9,72.06350984806417
2022-03-16,15:19:00,15,2022,3,16,Wednesday,33.792816,-84.39242,(C) Possible Injury / Complaint,0.0,0.0,0.0,Atlanta,FULTON,I-85,None and I-85,Rear End,On Roadway - Non-Intersection,Daylight,Cloudy,Dry,Atlanta Police Department,Unknown,"[""Motor Vehicle in Motion"",""Motor Vehicle in Motion""]","[""Motor Vehicle in Motion"",""Motor Vehicle in Motion""]",Following Too Close,R378,249.8102099261617
2022-03-16,19:32:00,19,2022,3,16,Wednesday,33.864971,-84.380779,(O) No Injury,0.0,0.0,0.0,Atlanta,FULTON,Roswell Rd Ne,Roswell Rd Ne and Lakemoore Dr Ne,Rear End,On Roadway - Roadway Intersection,Dark-Lighted,Rain,Wet,Atlanta Police Department,"[""Unknown"",""Unknown""]","[""Motor Vehicle in Motion"",""Motor Vehicle in Motion""]","[""Motor Vehicle in Motion"",""Motor Vehicle in Motion""]",Following Too Close,271,35.404722670392104
2022-03-16,04:50:00,4,2022,3,16,Wednesday,33.795726,-84.393363,(C) Possible Injury / Complaint,0.0,0.0,0.0,Atlanta,FULTON,I-85,None and I-85,Angle Crash,On Roadway - Non-Intersection,Dark-Lighted,Rain,Wet,Atlanta Police Department,"[""Unknown"",""Unknown""]","[""Motor Vehicle in Motion"",""Motor Vehicle in Motion""]","[""Motor Vehicle in Motion"",""Motor Vehicle in Motion""]","[""Driver Lost Control"",""Too Fast for Conditions""]",R356,122.496497889508
2022-03-16,08:00:00,8,2022,3,16,Wednesday,33.743496,-84.378645,(O) No Injury,0.0,0.0,0.0,Atlanta,FULTON,I-20,I-20 and Exit 58A,Rear End,On Roadway - Non-Intersection,Daylight,Rain,Water (standing or moving),Atlanta Police Department,"[""Unknown"",""Unknown""]","[""Motor Vehicle in Motion"",""Motor Vehicle in Motion""]","[""Motor Vehicle in Motion"",""Motor Vehicle in Motion""]",,77,39.71925932574861
2022-03-16,22:13:00,22,2022,3,16,Wednesday,33.796144,-84.393406,(O) No Injury,0.0,0.0,0.0,Atlanta,FULTON,I-85,I-85 and I-75 N,Angle Crash,On Roadway - Non-Intersection,Dark-Lighted,Rain,Wet,Atlanta Police Department,"[""Lap and Shoulder Belt Used"",""Lap and Shoulder Belt Used""]","[""Motor Vehicle in Motion"",""Motor Vehicle in Motion""]","[""Motor Vehicle in Motion"",""Motor Vehicle in Motion""]",Changed Lanes Improperly,R356,93.7768608675127
2022-03-16,19:00:00,19,2022,3,16,Wednesday,33.797155,-84.395396,(O) No Injury,0.0,0.0,0.0,Atlanta,FULTON,I-75,None and I-75,Sideswipe-Same Direction,On Roadway - Non-Intersection,Dark-Lighted,Rain,Wet,Atlanta Police Department,"[""Shoulder Belt Only Used"",""Shoulder Belt Only Used""]","[""Motor Vehicle in Motion"",""Motor Vehicle in Motion""]","[""Motor Vehicle in Motion"",""Motor Vehicle in Motion""]",Changed Lanes Improperly,R356,123.87683975531075
2022-03-17,21:50:00,21,2022,3,17,Thursday,33.798067,-84.395909,(C) Possible Injury / Complaint,0.0,0.0,0.0,Atlanta,FULTON,I-75,I-75 and Exit 251,Angle Crash,On Roadway - Non-Intersection,Dark-Lighted,Clear,Dry,Atlanta Police Department,"[""Lap and Shoulder Belt Used"",""Lap and Shoulder Belt Used""]","[""Motor Vehicle in Motion"",""Motor Vehicle in Motion""]","[""Motor Vehicle in Motion"",""Motor Vehicle in Motion""]",Changed Lanes Improperly,R365,175.40023124511137
2022-03-17,16:24:00,16,2022,3,17,Thursday,33.743492,-84.378421,(O) No Injury,0.0,0.0,0.0,Atlanta,FULTON,I-20 Wb,Hill St and I-20 Wb,Sideswipe-Same Direction,On Roadway - Non-Intersection,Daylight,Clear,Dry,Gsp Post 00,"[""Unknown"",""Lap and Shoulder Belt Used""]","[""Motor Vehicle in Motion"",""Motor Vehicle in Motion""]","[""Motor Vehicle in Motion"",""Motor Vehicle in Motion""]",Changed Lanes Improperly,77,46.33648104790011
2022-03-17,09:08:00,9,2022,3,17,Thursday,33.797899,-84.393291,(O) No Injury,0.0,0.0,0.0,Atlanta,FULTON,I-85 South,Ga. 400 and I-85 South,Sideswipe-Same Direction,On Roadway - Non-Intersection,Daylight,Clear,Dry,Gsp Post 00,"[""Lap and Shoulder Belt Used"",""Lap and Shoulder Belt Used"",""Lap and Shoulder Belt Used"",""Lap and Shoulder Belt Used"",""Lap and Shoulder Belt Used"",""Lap and Shoulder Belt Used"",""Lap and Shoulder Belt Used""]","[""Motor Vehicle in Motion"",""Motor Vehicle in Motion""]","[""Motor Vehicle in Motion"",""Motor Vehicle in Motion""]",,R365,81.95465127772196
2022-03-17,17:00:00,17,2022,3,17,Thursday,33.762991,-84.489238,(O) No Injury,0.0,0.0,0.0,Atlanta,FULTON,I-20 West,I-285 and I-20 West,Rear End,On Roadway - Non-Intersection,Daylight,Clear,Dry,Gsp Post 00,"[""Lap and Shoulder Belt Used"",""Lap and Shoulder Belt Used"",""Lap and Shoulder Belt Used""]","[""Motor Vehicle in Motion"",""Motor Vehicle in Motion""]","[""Motor Vehicle in Motion"",""Motor Vehicle in Motion""]",Following Too Close,R376,228.42159574712653
2022-03-18,18:05:00,18,2022,3,18,Friday,33.743488,-84.37987,(C) Possible Injury / Complaint,0.0,0.0,0.0,Atlanta,FULTON,I-20 West,I-75/85 and I-20 West,Rear End,On Roadway - Non-Intersection,Daylight,Cloudy,Dry,Gsp Post 00,"[""Lap and Shoulder Belt Used"",""Lap and Shoulder Belt Used"",""Lap and Shoulder Belt Used""]","[""Motor Vehicle in Motion"",""Motor Vehicle in Motion"",""Motor Vehicle in Motion""]","[""Motor Vehicle in Motion"",""Motor Vehicle in Motion"",""Motor Vehicle in Motion""]",Following Too Close,77,115.99189564079578