Date,Time,Hour,Year,Month,Day,DayOfWeek,Crash Latitude,Crash Longitude,KABCO Severity,# of Fatalities per Crash,# Serious Injuries,# Visible Injuries,Geolocated City,Geolocated County,Roadway (From Crash Report),Intersection Name (from Crash Report),Manner of Collision (Crash Level),Location at Impact (Crash Level),Light Conditions (Crash Level),Weather Conditions (Crash Level),Surface Condition (Crash Level),Agency Name (Crash Level),Safety Equipment (Crash Level),First Harmful Event (Unit Order),Most Harmful Event (Crash Level),"Operator/Pedestrian Contrib Factor (excl None, Other, No Contrib Factors)",join_id,Crash_to_TMAS_m
2022-03-28,16:45:00,16,2022,3,28,Monday,33.798553,-84.392863,(O) No Injury,0.0,0.0,0.0,Atlanta,FULTON,I-85 S,I-75 N and I-85 S,Rear End,On Roadway - Non-Intersection,Daylight,Clear,Dry,Gsp Post 00,"[""Lap and Shoulder Belt Used"",""Lap and Shoulder Belt Used""]","[""Motor Vehicle in Motion"",""Motor Vehicle in Motion""]","[""Motor Vehicle in Motion"",""Motor Vehicle in Motion""]",Following Too Close,R365,155.9190270020025
2022-03-29,10:00:00,10,2022,3,29,Tuesday,33.74169,-84.401811,(O) No Injury,0.0,0.0,0.0,Atlanta,FULTON,Whitehall Ter Sw,Fulton St Sw and Whitehall Ter Sw,Rear End,On Roadway - Non-Intersection,Daylight,Clear,Dry,Atlanta Police Department,"[""Unknown"",""Lap and Shoulder Belt Used""]","[""Motor Vehicle in Motion"",""Motor Vehicle in Motion""]","[""Motor Vehicle in Motion"",""Motor Vehicle in Motion""]",Following Too Close,315,152.12795063956528
2022-03-29,21:30:00,21,2022,3,29,Tuesday,33.743498,-84.378725,(C) Possible Injury / Complaint,0.0,0.0,0.0,Atlanta,FULTON,I-20,None and I-20,Sideswipe-Same Direction,On Roadway - Non-Intersection,Dark-Lighted,Clear,Dry,Atlanta Police Department,"[""Unknown"",""Unknown""]","[""Motor Vehicle in Motion"",""Motor Vehicle in Motion""]","[""Motor Vehicle in Motion"",""Motor Vehicle in Motion""]",Changed Lanes Improperly,77,39.85380606839042
2022-03-29,16:15:00,16,2022,3,29,Tuesday,33.80743,-84.377793,(O) No Injury,0.0,0.0,0.0,Atlanta,FULTON,Ga-13 Southbound,Ga-13 Southbound and I-75/85 Southbound,Sideswipe-Same Direction,On Roadway - Non-Intersection,Daylight,Clear,Dry,Gsp Post 00,"[""Unknown"",""Lap and Shoulder Belt Used""]","[""Motor Vehicle in Motion"",""Motor Vehicle in Motion""]","[""Motor Vehicle in Motion"",""Motor Vehicle in Motion""]",Changed Lanes Improperly,322,184.2407254324378
2022-03-29,07:30:00,7,2022,3,29,Tuesday,33.795637,-84.392866,(O) No Injury,0.0,0.0,0.0,Atlanta,FULTON,I-75I-85 S Split,Deering Rd and I-75I-85 S Split,Rear End,On Roadway - Non-Intersection,Daylight,Clear,Dry,Gsp Post 00,"[""Lap and Shoulder Belt Used"",""Lap and Shoulder Belt Used""]","[""Motor Vehicle in Motion"",""Motor Vehicle in Motion""]","[""Motor Vehicle in Motion"",""Motor Vehicle in Motion""]",Following Too Close,R378,104.03493821543684
2022-03-29,17:10:00,17,2022,3,29,Tuesday,33.759619,-84.480817,(O) No Injury,0.0,0.0,0.0,Atlanta,FULTON,I-20 Wb,I-20 Wb and Hamilton E Holmes Drive,Rear End,On Roadway - Non-Intersection,Daylight,Clear,Dry,Gsp Post 00,"[""Unknown"",""Lap and Shoulder Belt Used""]","[""Motor Vehicle in Motion"",""Motor Vehicle in Motion""]","[""Motor Vehicle in Motion"",""Motor Vehicle in Motion""]",Following Too Close,313,194.78635616912044
2022-03-29,13:17:00,13,2022,3,29,Tuesday,33.707645,-84.402112,(O) No Injury,0.0,0.0,0.0,Atlanta,FULTON,Bond Dr Sw,Amal Dr Sw and Bond Dr Sw,Not a Collision with Motor Vehicle,On Roadway - Non-Intersection,Daylight,Clear,Dry,Atlanta Police Department,"[""Motorcycle Helmet"",""Unknown""]","[""Motor Vehicle in Motion"",""Motor Vehicle in Motion""]","[""Motor Vehicle in Motion"",""Motor Vehicle in Motion""]",Changed Lanes Improperly,310,130.0867857607236
2022-03-30,07:29:00,7,2022,3,30,Wednesday,33.806587,-84.380663,(O) No Injury,0.0,0.0,0.0,Atlanta,FULTON,I-85,I-85 and Buford Hwy Conn,Rear End,On Roadway - Non-Intersection,Daylight,Cloudy,Dry,Atlanta Police Department,"[""Lap and Shoulder Belt Used"",""Lap and Shoulder Belt Used"",""Lap and Shoulder Belt Used"",""Lap and Shoulder Belt Used""]","[""Motor Vehicle in Motion"",""Motor Vehicle in Motion"",""Motor Vehicle in Motion""]","[""Motor Vehicle in Motion"",""Motor Vehicle in Motion"",""Motor Vehicle in Motion""]",Following Too Close,322,102.09596030312458
2022-03-30,15:00:00,15,2022,3,30,Wednesday,33.743489,-84.378244,(B) Suspected Minor/Visible Injury,0.0,0.0,1.0,Atlanta,FULTON,I-20,None and I-20,Rear End,On Roadway - Non-Intersection,Daylight,Clear,Dry,Atlanta Police Department,"[""Unknown"",""Unknown""]","[""Motor Vehicle in Motion"",""Motor Vehicle in Motion""]","[""Motor Vehicle in Motion"",""Motor Vehicle in Motion""]",Following Too Close,77,56.64377624744005
2022-03-31,05:05:00,5,2022,3,31,Thursday,33.743483,-84.40134,(C) Possible Injury / Complaint,0.0,0.0,0.0,Atlanta,FULTON,I-20 Exit 56B Rp,None and I-20 Exit 56B Rp,Not a Collision with Motor Vehicle,Entrance/Exit Ramp,Dark-Lighted,Rain,Water (standing or moving),Atlanta Police Department,Lap and Shoulder Belt Used,Guard Rail End,Guard Rail End,Changed Lanes Improperly,315,129.72914097660615
2022-03-31,15:40:00,15,2022,3,31,Thursday,33.798629,-84.39624,(O) No Injury,0.0,0.0,0.0,Atlanta,FULTON,Interstate 75 Southbound,Northside Dr and Interstate 75 Southbound,Rear End,On Roadway - Non-Intersection,Daylight,Clear,Dry,Gsp Post 00,"[""Lap and Shoulder Belt Used"",""Lap and Shoulder Belt Used"",""Lap and Shoulder Belt Used""]","[""Motor Vehicle in Motion"",""Motor Vehicle in Motion""]","[""Motor Vehicle in Motion"",""Motor Vehicle in Motion""]",Following Too Close,R365,228.7604936845148
2022-03-31,18:19:00,18,2022,3,31,Thursday,33.743307,-84.379296,(O) No Injury,0.0,0.0,0.0,Atlanta,FULTON,I-20 West,Hill St and I-20 West,Rear End,On Roadway - Non-Intersection,Daylight,Clear,Dry,Gsp Post 00,"[""Lap and Shoulder Belt Used"",""Lap and Shoulder Belt Used"",""Lap and Shoulder Belt Used"",""Lap and Shoulder Belt Used"",""Lap and Shoulder Belt Used"",""Lap and Shoulder Belt Used"",""Lap and Shoulder Belt Used""]","[""Motor Vehicle in Motion"",""Motor Vehicle in Motion"",""Motor Vehicle in Motion""]","[""Motor Vehicle in Motion"",""Motor Vehicle in Motion"",""Motor Vehicle in Motion""]",Following Too Close,77,59.14866609472824
2022-03-31,10:28:00,10,2022,3,31,Thursday,33.760142,-84.37924,(O) No Injury,0.0,0.0,0.0,Atlanta,FULTON,I-7585 North,I-7585 North and Andrew Young International Blv,Rear End,On Roadway - Non-Intersection,Daylight,Clear,Dry,Gsp Post 00,"[""Unknown"",""Lap and Shoulder Belt Used"",""Lap and Shoulder Belt Used""]","[""Motor Vehicle in Motion"",""Motor Vehicle in Motion"",""Motor Vehicle in Motion""]","[""Motor Vehicle in Motion"",""Motor Vehicle in Motion"",""Motor Vehicle in Motion""]",Following Too Close,9,173.72294948066587
2022-03-31,14:20:00,14,2022,3,31,Thursday,33.79864,-84.396246,(O) No Injury,0.0,0.0,0.0,Atlanta,FULTON,Interstate 75 Southbound,Northside Dr and Interstate 75 Southbound,Rear End,On Roadway - Non-Intersection,Daylight,Clear,Dry,Gsp Post 00,"[""Lap and Shoulder Belt Used"",""Lap and Shoulder Belt Used""]","[""Motor Vehicle in Motion"",""Motor Vehicle in Motion""]","[""Motor Vehicle in Motion"",""Motor Vehicle in Motion""]","[""Following Too Close"",""Too Fast for Conditions""]",R365,229.852562650984
2022-03-31,19:09:00,19,2022,3,31,Thursday,33.697477,-84.427022,(O) No Injury,0.0,0.0,0.0,Atlanta,FULTON,Ga 166 East,None and Ga 166 East,Sideswipe-Same Direction,On Roadway - Non-Intersection,Daylight,Clear,Dry,Gsp Post 00,"[""Lap and Shoulder Belt Used"",""Lap and Shoulder Belt Used"",""Child Restraint System (Properly Used)""]","[""Motor Vehicle in Motion"",""Motor Vehicle in Motion""]","[""Motor Vehicle in Motion"",""Motor Vehicle in Motion""]",,113,248.76762359651312
2022-03-31,05:30:00,5,2022,3,31,Thursday,33.807103,-84.379742,(B) Suspected Minor/Visible Injury,0.0,0.0,1.0,Atlanta,FULTON,I-85 Exit 86 Rp,None and I-85 Exit 86 Rp,Rear End,On Roadway - Non-Intersection,Dark-Lighted,Rain,Wet,Atlanta Police Department,"[""Unknown"",""Unknown""]","[""Motor Vehicle in Motion"",""Motor Vehicle in Motion""]","[""Motor Vehicle in Motion"",""Motor Vehicle in Motion""]","[""Following Too Close"",""Too Fast for Conditions""]",322,1.4542616563481148
2022-03-31,18:30:00,18,2022,3,31,Thursday,33.7968,-84.395169,(O) No Injury,0.0,0.0,0.0,Atlanta,FULTON,I-75 Sb,I-75 Sb and Deering Road,Sideswipe-Same Direction,On Roadway - Non-Intersection,Daylight,Clear,Dry,Gsp Post 00,"[""Unknown"",""Lap and Shoulder Belt Used""]","[""Motor Vehicle in Motion"",""Motor Vehicle in Motion""]","[""Motor Vehicle in Motion"",""Motor Vehicle in Motion""]",Changed Lanes Improperly,R356,85.07563688123741
2022-03-31,07:50:00,7,2022,3,31,Thursday,33.761641,-84.492684,(O) No Injury,0.0,0.0,0.0,Atlanta,FULTON,Interstate 285 North,Interstate 285 North and Mlk Jr. Driver Overpass,Rear End,On Roadway - Non-Intersection,Daylight,Clear,Dry,Gsp Post 00,"[""Lap and Shoulder Belt Used"",""Lap and Shoulder Belt Used"",""Lap and Shoulder Belt Used""]","[""Motor Vehicle in Motion"",""Motor Vehicle in Motion"",""Motor Vehicle in Motion""]","[""Parked Motor Vehicle"",""Motor Vehicle in Motion"",""Motor Vehicle in Motion""]","[""Changed Lanes Improperly"",""Following Too Close""]",R376,237.4232808055017
2022-04-01,15:08:00,15,2022,4,1,Friday,33.70797,-84.402742,(C) Possible Injury / Complaint,0.0,0.0,0.0,Atlanta,FULTON,I-7585 Northbound,I-7585 Northbound and Fair Drive Overpass,Rear End,On Roadway - Non-Intersection,Daylight,Clear,Dry,Gsp Post 00,"[""Lap and Shoulder Belt Used"",""Lap and Shoulder Belt Used""]","[""Motor Vehicle in Motion"",""Motor Vehicle in Motion""]","[""Motor Vehicle in Motion"",""Motor Vehicle in Motion""]",Following Too Close,310,102.96505697084824
2022-04-01,23:36:00,23,2022,4,1,Friday,33.807711,-84.378865,(C) Possible Injury / Complaint,0.0,0.0,0.0,Atlanta,FULTON,Monroe Dr Ne,None and Monroe Dr Ne,Rear End,Entrance/Exit Ramp,Dark-Lighted,Clear,Dry,Atlanta Police Department,"[""Unknown"",""Unknown"",""Unknown""]","[""Motor Vehicle in Motion"",""Motor Vehicle in Motion""]","[""Motor Vehicle in Motion"",""Motor Vehicle in Motion""]",Following Too Close,322,106.37637328997442
2022-04-01,10:40:00,10,2022,4,1,Friday,33.759392,-84.378345,(C) Possible Injury / Complaint,0.0,0.0,0.0,Atlanta,FULTON,Ellis St Ne,Fort Str and Ellis St Ne,Head On,On Roadway - Roadway Intersection,Daylight,Clear,Dry,Atlanta Police Department,"[""Lap and Shoulder Belt Used"",""Lap and Shoulder Belt Used"",""Lap and Shoulder Belt Used"",""Lap and Shoulder Belt Used""]","[""Motor Vehicle in Motion"",""Motor Vehicle in Motion"",""Motor Vehicle in Motion"",""Motor Vehicle in Motion""]","[""Motor Vehicle in Motion"",""Motor Vehicle in Motion"",""Motor Vehicle in Motion"",""Motor Vehicle in Motion""]",Disregard Stop Sign/Signal,9,73.872947111914
2022-04-01,07:37:00,7,2022,4,1,Friday,33.799118,-84.392362,(O) No Injury,0.0,0.0,0.0,Atlanta,FULTON,I-85Sb,Ga-13 and I-85Sb,Rear End,On Roadway - Non-Intersection,Daylight,Clear,Dry,Gsp Post 00,"[""Lap and Shoulder Belt Used"",""Lap and Shoulder Belt Used""]","[""Motor Vehicle in Motion"",""Motor Vehicle in Motion""]","[""Motor Vehicle in Motion"",""Motor Vehicle in Motion""]",Following Too Close,R365,232.99621875365807
2022-04-01,09:45:00,9,2022,4,1,Friday,33.762757,-84.492404,(O) No Injury,0.0,0.0,0.0,Atlanta,FULTON,Interstate 20W285N Interchang,Interstate 20 West and Interstate 20W285N Interchang,Sideswipe-Same Direction,On Roadway - Non-Intersection,Daylight,Clear,Dry,Gsp Post 00,"[""Lap and Shoulder Belt Used"",""Lap and Shoulder Belt Used"",""Lap and Shoulder Belt Used""]","[""Motor Vehicle in Motion"",""Motor Vehicle in Motion""]","[""Motor Vehicle in Motion"",""Motor Vehicle in Motion""]",Misjudged Clearance,R376,117.84787944932926
2022-04-02,13:27:00,13,2022,4,2,Saturday,33.797959,-84.395844,(B) Suspected Minor/Visible Injury,0.0,0.0,1.0,Atlanta,FULTON,I-75,I-75 and -85 Exit 251,Sideswipe-Same Direction,On Roadway - Non-Intersection,Daylight,Clear,Dry,Atlanta Police Department,"[""Unknown"",""Unknown""]","[""Motor Vehicle in Motion"",""Motor Vehicle in Motion""]","[""Motor Vehicle in Motion"",""Motor Vehicle in Motion""]",Changed Lanes Improperly,R365,166.38921387413433
2022-04-02,06:10:00,6,2022,4,2,Saturday,33.807644,-84.378965,(O) No Injury,0.0,0.0,0.0,Atlanta,FULTON,I-85 Exit 86 Rp,None and I-85 Exit 86 Rp,Sideswipe-Same Direction,On Shoulder,Dark-Lighted,Clear,Dry,Atlanta Police Department,"[""Unknown"",""Unknown""]","[""Motor Vehicle in Motion"",""Motor Vehicle in Motion""]","[""Motor Vehicle in Motion"",""Motor Vehicle in Motion""]",Following Too Close,322,94.50511004233188
2022-04-02,20:14:00,20,2022,4,2,Saturday,33.796596,-84.395034,(O) No Injury,0.0,0.0,0.0,Atlanta,FULTON,I-75,None and I-75,Angle Crash,On Roadway - Non-Intersection,Dark-Lighted,Clear,Dry,Atlanta Police Department,"[""Unknown"",""Unknown""]","[""Motor Vehicle in Motion"",""Motor Vehicle in Motion""]","[""Motor Vehicle in Motion"",""Motor Vehicle in Motion""]",Changed Lanes Improperly,R356,65.79041572893952
2022-04-03,00:25:00,0,2022,4,3,Sunday,33.795545,-84.392681,(O) No Injury,0.0,0.0,0.0,Atlanta,FULTON,I-75,None and I-75,Rear End,On Roadway - Roadway Intersection,Dark-Lighted,Clear,Dry,Atlanta Police Department,"[""Unknown"",""Unknown"",""Unknown""]","[""Motor Vehicle in Motion"",""Motor Vehicle in Motion""]","[""Motor Vehicle in Motion"",""Motor Vehicle in Motion""]",Following Too Close,R378,84.37554908827806
2022-04-03,20:40:00,20,2022,4,3,Sunday,33.760108,-84.378577,(K) Fatal Injury,1.0,0.0,0.0,Atlanta,FULTON,John Lewis Freedom Pkwy Ne Rp,None and John Lewis Freedom Pkwy Ne Rp,Not a Collision with Motor Vehicle,Entrance/Exit Ramp,Dark-Lighted,Clear,Dry,Atlanta Police Department,Motorcycle Helmet,Other Non-Collision,Utility Pole,Driver Lost Control,9,153.5007479201553
2022-04-03,16:25:00,16,2022,4,3,Sunday,33.743481,-84.377816,(C) Possible Injury / Complaint,0.0,0.0,0.0,Atlanta,FULTON,I-20,None and I-20,Rear End,On Roadway - Non-Intersection,Daylight,Clear,Dry,Atlanta Police Department,"[""Lap and Shoulder Belt Used"",""Lap and Shoulder Belt Used""]","[""Motor Vehicle in Motion"",""Motor Vehicle in Motion""]","[""Motor Vehicle in Motion"",""Motor Vehicle in Motion""]",Following Too Close,77,89.41250877668503
2022-04-03,12:00:00,12,2022,4,3,Sunday,33.743481,-84.376664,(O) No Injury,0.0,0.0,0.0,Atlanta,FULTON,I-20 Exit 58B Rp,None and I-20 Exit 58B Rp,Rear End,On Roadway - Driveway Intersection,Daylight,Clear,Dry,Atlanta Police Department,"[""Lap and Shoulder Belt Used"",""Lap and Shoulder Belt Used""]","[""Motor Vehicle in Motion"",""Motor Vehicle in Motion""]","[""Motor Vehicle in Motion"",""Motor Vehicle in Motion""]",Changed Lanes Improperly,77,191.56766172040187
2022-04-03,13:00:00,13,2022,4,3,Sunday,33.797945,-84.393268,(C) Possible Injury / Complaint,0.0,0.0,0.0,Atlanta,FULTON,I-75,None and I-75,Rear End,"On Roadway - Managed Lane (HOV, HOT, Reversible)",Daylight,Clear,Dry,Atlanta Police Department,"[""Unknown"",""Unknown""]","[""Motor Vehicle in Motion"",""Motor Vehicle in Motion""]","[""Motor Vehicle in Motion"",""Motor Vehicle in Motion""]",Following Too Close,R365,86.05301586854354
2022-04-03,16:50:00,16,2022,4,3,Sunday,33.764035,-84.492914,(O) No Injury,0.0,0.0,0.0,Atlanta,FULTON,Exit 10B Rp,None and Exit 10B Rp,Rear End,Entrance/Exit Ramp,Daylight,Clear,Dry,Atlanta Police Department,"[""Lap and Shoulder Belt Used"",""Child Restraint System (Properly Used)"",""Child Restraint System (Properly Used)"",""Child Restraint System (Properly Used)"",""Lap and Shoulder Belt Used"",""Lap and Shoulder Belt Used""]","[""Motor Vehicle in Motion"",""Motor Vehicle in Motion""]","[""Motor Vehicle in Motion"",""Motor Vehicle in Motion""]",Following Too Close,R376,131.8106272654719
2022-04-04,17:30:00,17,2022,4,4,Monday,33.757138,-84.378881,(O) No Injury,0.0,0.0,0.0,Atlanta,FULTON,Courtland Street Northeast,Ellis Street Northeast and Courtland Street Northeast,Sideswipe-Same Direction,On Roadway - Roadway Intersection,Daylight,Clear,Dry,Gsp Post 00,"[""Unknown"",""Lap and Shoulder Belt Used""]","[""Motor Vehicle in Motion"",""Motor Vehicle in Motion""]","[""Motor Vehicle in Motion"",""Motor Vehicle in Motion""]",Failure to Yield,9,181.5169242409837
2022-04-04,04:45:00,4,2022,4,4,Monday,33.795878,-84.392314,(O) No Injury,0.0,0.0,0.0,Atlanta,FULTON,Ga-13,Ga-13 and Peachtree Rd,Not a Collision with Motor Vehicle,Median,Dark-Lighted,Clear,Dry,Gsp Post 00,Lap and Shoulder Belt Used,Median Barrier,Median Barrier,Under the Influence (U.I.),R378,97.42311834545345
2022-04-04,11:50:00,11,2022,4,4,Monday,33.758228,-84.378459,(C) Possible Injury / Complaint,0.0,0.0,0.0,Atlanta,FULTON,I-7585 North,I-7585 North and Freedom Parkway,Rear End,On Roadway - Non-Intersection,Daylight,Clear,Dry,Gsp Post 00,"[""Lap and Shoulder Belt Used"",""Lap and Shoulder Belt Used"",""Lap and Shoulder Belt Used"",""Child Restraint System (Properly Used)""]","[""Motor Vehicle in Motion"",""Motor Vehicle in Motion""]","[""Motor Vehicle in Motion"",""Motor Vehicle in Motion""]",Following Too Close,9,55.763855912108895
2022-04-05,15:40:00,15,2022,4,5,Tuesday,33.760142,-84.37924,(O) No Injury,0.0,0.0,0.0,Atlanta,FULTON,I-7585 North,I-7585 North and Freedom Parkway,Rear End,On Roadway - Non-Intersection,Daylight,Rain,Wet,Gsp Post 00,"[""Lap and Shoulder Belt Used"",""Lap and Shoulder Belt Used""]","[""Motor Vehicle in Motion"",""Motor Vehicle in Motion""]","[""Motor Vehicle in Motion"",""Motor Vehicle in Motion""]",Following Too Close,9,173.72294948066587
2022-04-05,08:08:00,8,2022,4,5,Tuesday,33.763332,-84.492705,(O) No Injury,0.0,0.0,0.0,Atlanta,FULTON,I-285 Nb,I-285 Nb and I-20 Wb On-Ramp,Sideswipe-Same Direction,On Roadway - Non-Intersection,Daylight,Cloudy,Dry,Gsp Post 00,"[""Unknown"",""Lap and Shoulder Belt Used"",""Lap and Shoulder Belt Used""]","[""Motor Vehicle in Motion"",""Motor Vehicle in Motion""]","[""Motor Vehicle in Motion"",""Motor Vehicle in Motion""]",Changed Lanes Improperly,R376,106.02684227455846
2022-04-05,12:30:00,12,2022,4,5,Tuesday,33.874742,-84.44678,(O) No Injury,0.0,0.0,0.0,Atlanta,FULTON,I-75Nb,Mm257 and I-75Nb,Sideswipe-Same Direction,On Roadway - Non-Intersection,Daylight,Rain,Wet,Gsp Post 00,"[""Lap and Shoulder Belt Used"",""Lap and Shoulder Belt Used"",""Lap and Shoulder Belt Used""]","[""Motor Vehicle in Motion"",""Motor Vehicle in Motion""]","[""Motor Vehicle in Motion"",""Motor Vehicle in Motion""]",Driver Lost Control,308,76.89736487458855
2022-04-05,12:53:00,12,2022,4,5,Tuesday,33.79858,-84.392842,(O) No Injury,0.0,0.0,0.0,Atlanta,FULTON,I-85Sb,Ga-13 and I-85Sb,Rear End,On Roadway - Non-Intersection,Daylight,Rain,Wet,Gsp Post 00,"[""Lap and Shoulder Belt Used"",""Lap and Shoulder Belt Used""]","[""Motor Vehicle in Motion"",""Motor Vehicle in Motion""]","[""Motor Vehicle in Motion"",""Motor Vehicle in Motion""]",Following Too Close,R365,159.3826811731252
2022-04-05,20:55:00,20,2022,4,5,Tuesday,33.794217,-84.391419,(O) No Injury,0.0,0.0,0.0,Atlanta,FULTON,I-75,None and I-75,Sideswipe-Same Direction,On Roadway - Non-Intersection,Dark-Lighted,Clear,Dry,Atlanta Police Department,"[""Lap and Shoulder Belt Used"",""Lap and Shoulder Belt Used"",""Lap and Shoulder Belt Used""]","[""Motor Vehicle in Motion"",""Motor Vehicle in Motion""]","[""Motor Vehicle in Motion"",""Motor Vehicle in Motion""]",Changed Lanes Improperly,R378,105.99633410582686
2022-04-05,14:50:00,14,2022,4,5,Tuesday,33.873956,-84.44634,(O) No Injury,0.0,0.0,0.0,Atlanta,FULTON,Interstate 75 Nb,Mile Marker 257 and Interstate 75 Nb,Rear End,On Roadway - Non-Intersection,Daylight,Rain,Wet,Gsp Post 00,"[""Lap and Shoulder Belt Used"",""Lap and Shoulder Belt Used""]","[""Motor Vehicle in Motion"",""Motor Vehicle in Motion""]","[""Motor Vehicle in Motion"",""Motor Vehicle in Motion""]",Following Too Close,308,42.41886000715087
2022-04-05,12:00:00,12,2022,4,5,Tuesday,33.808159,-84.378535,(C) Possible Injury / Complaint,0.0,0.0,0.0,Atlanta,FULTON,I-85Nb,Ga-13 and I-85Nb,Not a Collision with Motor Vehicle,Median,Daylight,Rain,Wet,Gsp Post 00,Lap and Shoulder Belt Used,Median Barrier,Median Barrier,Driver Lost Control,322,162.86626157379587
2022-04-05,09:50:00,9,2022,4,5,Tuesday,33.759327,-84.379003,(O) No Injury,0.0,0.0,0.0,Atlanta,FULTON,Entrance Ramp To Freedom Parkw,From I-75/85 South and Entrance Ramp To Freedom Parkw,Sideswipe-Same Direction,Entrance/Exit Ramp,Daylight,Rain,Wet,Gsp Post 00,"[""Lap and Shoulder Belt Used"",""Lap and Shoulder Belt Used"",""Lap and Shoulder Belt Used""]","[""Motor Vehicle in Motion"",""Motor Vehicle in Motion""]","[""Motor Vehicle in Motion"",""Motor Vehicle in Motion""]","[""Too Fast for Conditions"",""Driver Lost Control"",""Changed Lanes Improperly""]",9,84.89764240637004
2022-04-06,14:41:00,14,2022,4,6,Wednesday,33.743481,-84.377792,(O) No Injury,0.0,0.0,0.0,Atlanta,FULTON,I-20,None and I-20,Rear End,On Roadway - Non-Intersection,Daylight,Clear,Wet,Atlanta Police Department,"[""Lap and Shoulder Belt Used"",""Lap and Shoulder Belt Used""]","[""Motor Vehicle in Motion"",""Motor Vehicle in Motion""]","[""Motor Vehicle in Motion"",""Motor Vehicle in Motion""]",Following Too Close,77,91.43297935823952
2022-04-06,18:35:00,18,2022,4,6,Wednesday,33.798665,-84.39626,(C) Possible Injury / Complaint,0.0,0.0,0.0,Atlanta,FULTON,I-75,None and I-75,Rear End,On Roadway - Non-Intersection,Daylight,Rain,Water (standing or moving),Atlanta Police Department,"[""Lap and Shoulder Belt Used"",""Lap and Shoulder Belt Used"",""Lap and Shoulder Belt Used""]","[""Motor Vehicle in Motion"",""Motor Vehicle in Motion"",""Motor Vehicle in Motion""]","[""Motor Vehicle in Motion"",""Motor Vehicle in Motion"",""Motor Vehicle in Motion""]","[""Following Too Close"",""Following Too Close""]",R365,232.37323886747268
2022-04-06,23:43:00,23,2022,4,6,Wednesday,33.764759,-84.492887,(O) No Injury,0.0,0.0,0.0,Atlanta,FULTON,I-20,None and I-20,Not a Collision with Motor Vehicle,On Shoulder,Dark-Not Lighted,Rain,Water (standing or moving),Atlanta Police Department,Lap and Shoulder Belt Used,Other Object (Not Fixed),Other Object (Not Fixed),Driver Lost Control,R376,177.01149677680613
2022-04-06,12:30:00,12,2022,4,6,Wednesday,33.807104,-84.380009,(O) No Injury,0.0,0.0,0.0,Atlanta,FULTON,I-85,I-85 and Buford Hwy Conn,Rear End,On Roadway - Non-Intersection,Daylight,Rain,Wet,Atlanta Police Department,"[""Unknown"",""Unknown""]","[""Motor Vehicle in Motion"",""Motor Vehicle in Motion""]","[""Motor Vehicle in Motion"",""Motor Vehicle in Motion""]",Changed Lanes Improperly,322,24.96401904897385
2022-04-06,17:17:00,17,2022,4,6,Wednesday,33.743309,-84.380822,(O) No Injury,0.0,0.0,0.0,Atlanta,FULTON,I-20,None and I-20,Rear End,On Roadway - Non-Intersection,Daylight,Rain,Wet,Atlanta Police Department,"[""Lap and Shoulder Belt Used"",""Lap and Shoulder Belt Used"",""Lap and Shoulder Belt Used""]","[""Motor Vehicle in Motion"",""Motor Vehicle in Motion"",""Motor Vehicle in Motion""]","[""Motor Vehicle in Motion"",""Motor Vehicle in Motion"",""Motor Vehicle in Motion""]",Too Fast for Conditions,77,198.5071317634797
2022-04-06,19:30:00,19,2022,4,6,Wednesday,33.805712,-84.380902,(A) Suspected Serious Injury,0.0,1.0,0.0,Atlanta,FULTON,Ga-13,None and Ga-13,Angle Crash,On Roadway - Non-Intersection,Dusk,Clear,Dry,Atlanta Police Department,"[""Unknown"",""Unknown""]","[""Motor Vehicle in Motion"",""Motor Vehicle in Motion""]","[""Motor Vehicle in Motion"",""Motor Vehicle in Motion""]",Changed Lanes Improperly,322,186.97905153353776
2022-04-07,18:36:00,18,2022,4,7,Thursday,33.761732,-84.492677,(O) No Injury,0.0,0.0,0.0,Atlanta,FULTON,I-285 Nb,I-20 and I-285 Nb,Sideswipe-Same Direction,On Roadway - Non-Intersection,Daylight,Clear,Dry,Gsp Post 00,"[""Unknown"",""Unknown"",""Lap and Shoulder Belt Used""]","[""Motor Vehicle in Motion"",""Motor Vehicle in Motion""]","[""Motor Vehicle in Motion"",""Motor Vehicle in Motion""]",Changed Lanes Improperly,R376,228.03047835784147
2022-04-07,16:45:00,16,2022,4,7,Thursday,33.743307,-84.379133,(C) Possible Injury / Complaint,0.0,0.0,0.0,Atlanta,FULTON,I-20 Eb,Hill St and I-20 Eb,Rear End,On Roadway - Non-Intersection,Daylight,Clear,Dry,Gsp Post 00,"[""Lap and Shoulder Belt Used"",""Lap and Shoulder Belt Used""]","[""Motor Vehicle in Motion"",""Motor Vehicle in Motion""]","[""Motor Vehicle in Motion"",""Motor Vehicle in Motion""]",Following Too Close,77,45.049681114522045