Date,Time,Hour,Year,Month,Day,DayOfWeek,Crash Latitude,Crash Longitude,KABCO Severity,# of Fatalities per Crash,# Serious Injuries,# Visible Injuries,Geolocated City,Geolocated County,Roadway (From Crash Report),Intersection Name (from Crash Report),Manner of Collision (Crash Level),Location at Impact (Crash Level),Light Conditions (Crash Level),Weather Conditions (Crash Level),Surface Condition (Crash Level),Agency Name (Crash Level),Safety Equipment (Crash Level),First Harmful Event (Unit Order),Most Harmful Event (Crash Level),"Operator/Pedestrian Contrib Factor (excl None, Other, No Contrib Factors)",join_id,Crash_to_TMAS_m
2022-04-07,03:27:00,3,2022,4,7,Thursday,33.675216,-84.397826,(C) Possible Injury / Complaint,0.0,0.0,0.0,Atlanta,FULTON,I-75,None and I-75,Rear End,On Roadway - Non-Intersection,Dark-Lighted,Cloudy,Wet,Atlanta Police Department,"[""Unknown"",""Unknown""]","[""Motor Vehicle in Motion"",""Motor Vehicle in Motion""]","[""Motor Vehicle in Motion"",""Motor Vehicle in Motion""]",Under the Influence (U.I.),309,129.48434796096925
2022-04-07,18:48:00,18,2022,4,7,Thursday,33.794028,-84.393017,(O) No Injury,0.0,0.0,0.0,Atlanta,FULTON,I-85 South,I-75 North and I-85 South,Not a Collision with Motor Vehicle,Off Roadway,Daylight,Clear,Dry,Gsp Post 00,"[""Lap and Shoulder Belt Used"",""Unknown""]","[""Other - Fixed Object"",""Other - Fixed Object""]","[""Other - Fixed Object"",""Other - Fixed Object""]",Following Too Close,R378,146.57326818162326
2022-04-07,08:53:00,8,2022,4,7,Thursday,33.808521,-84.378395,(C) Possible Injury / Complaint,0.0,0.0,0.0,Atlanta,FULTON,I-85 South,Ga-400 and I-85 South,Rear End,On Roadway - Non-Intersection,Daylight,Clear,Wet,Gsp Post 00,"[""Lap and Shoulder Belt Used"",""Lap and Shoulder Belt Used"",""Lap and Shoulder Belt Used"",""Lap and Shoulder Belt Used"",""Lap and Shoulder Belt Used""]","[""Motor Vehicle in Motion"",""Motor Vehicle in Motion"",""Motor Vehicle in Motion"",""Motor Vehicle in Motion"",""Motor Vehicle in Motion""]","[""Motor Vehicle in Motion"",""Motor Vehicle in Motion"",""Motor Vehicle in Motion"",""Motor Vehicle in Motion"",""Motor Vehicle in Motion""]",Following Too Close,322,201.8155606909156
2022-04-07,17:37:00,17,2022,4,7,Thursday,33.759359,-84.37953,(O) No Injury,0.0,0.0,0.0,Atlanta,FULTON,I-7585 South,Freedom Pkwy and I-7585 South,Rear End,On Roadway - Non-Intersection,Daylight,Clear,Dry,Gsp Post 00,"[""Lap and Shoulder Belt Used"",""Lap and Shoulder Belt Used"",""Lap and Shoulder Belt Used""]","[""Motor Vehicle in Motion"",""Motor Vehicle in Motion"",""Motor Vehicle in Motion""]","[""Motor Vehicle in Motion"",""Motor Vehicle in Motion"",""Motor Vehicle in Motion""]",Following Too Close,9,123.54337939204866
2022-04-07,16:49:00,16,2022,4,7,Thursday,33.757533,-84.379321,(O) No Injury,0.0,0.0,0.0,Atlanta,FULTON,John Wesley Dobbs Ave Ne,Bell St Ne and John Wesley Dobbs Ave Ne,Angle Crash,On Roadway - Roadway Intersection,Daylight,Clear,Dry,Atlanta Police Department,"[""Unknown"",""Unknown""]","[""Motor Vehicle in Motion"",""Motor Vehicle in Motion""]","[""Motor Vehicle in Motion"",""Motor Vehicle in Motion""]",Improper Turn,9,156.38931971739336
2022-04-07,19:38:00,19,2022,4,7,Thursday,33.760307,-84.378898,(O) No Injury,0.0,0.0,0.0,Atlanta,FULTON,Andrew Young International Blvd Ne,Fort St Ne and Andrew Young International Blvd Ne,Sideswipe-Same Direction,On Roadway - Roadway Intersection,Daylight,Clear,Dry,Atlanta Police Department,"[""Lap and Shoulder Belt Used"",""Lap and Shoulder Belt Used"",""Lap and Shoulder Belt Used""]","[""Motor Vehicle in Motion"",""Motor Vehicle in Motion""]","[""Motor Vehicle in Motion"",""Motor Vehicle in Motion""]",Disregard Other Traffic Control,9,180.2701481901098
2022-04-07,00:01:00,0,2022,4,7,Thursday,33.786226,-84.406805,(O) No Injury,0.0,0.0,0.0,Atlanta,FULTON,14Th St Nw,14Th St Nw and Hemphill Ave Nw,Sideswipe-Same Direction,On Roadway - Roadway Intersection,Dark-Lighted,Rain,Wet,Atlanta Police Department,"[""Lap and Shoulder Belt Used"",""Lap and Shoulder Belt Used"",""Lap and Shoulder Belt Used""]","[""Motor Vehicle in Motion"",""Motor Vehicle in Motion""]","[""Motor Vehicle in Motion"",""Motor Vehicle in Motion""]",Improper Turn,86,220.04941782433252
2022-04-08,19:03:00,19,2022,4,8,Friday,33.742126,-84.404558,(O) No Injury,0.0,0.0,0.0,Atlanta,FULTON,I-20 Eb,I-20 Eb and Mcdaniel Street,Sideswipe-Same Direction,On Roadway - Non-Intersection,Daylight,Clear,Dry,Gsp Post 00,"[""Lap and Shoulder Belt Used"",""Lap and Shoulder Belt Used"",""Lap and Shoulder Belt Used"",""Lap and Shoulder Belt Used"",""Lap and Shoulder Belt Used""]","[""Motor Vehicle in Motion"",""Motor Vehicle in Motion""]","[""Motor Vehicle in Motion"",""Motor Vehicle in Motion""]",Changed Lanes Improperly,315,204.60924808840477
2022-04-08,11:00:00,11,2022,4,8,Friday,33.786215,-84.404236,(O) No Injury,0.0,0.0,0.0,Atlanta,FULTON,14Th St Nw,14Th St Nw and Francis St Nw,Not a Collision with Motor Vehicle,On Roadway - Non-Intersection,Daylight,Clear,Dry,Atlanta Police Department,None Used,Other Non-Collision,Utility Pole,Changed Lanes Improperly,86,18.049924358763803
2022-04-08,14:20:00,14,2022,4,8,Friday,33.797503,-84.39561,(O) No Injury,0.0,0.0,0.0,Atlanta,FULTON,I-75 S,I-75 S and Deering Rd,Rear End,On Roadway - Non-Intersection,Daylight,Cloudy,Dry,Gsp Post 00,"[""Lap and Shoulder Belt Used"",""Lap and Shoulder Belt Used""]","[""Motor Vehicle in Motion"",""Motor Vehicle in Motion""]","[""Motor Vehicle in Motion"",""Motor Vehicle in Motion""]",Following Too Close,R365,140.28888447579882
2022-04-08,09:00:00,9,2022,4,8,Friday,33.806571,-84.380682,(O) No Injury,0.0,0.0,0.0,Atlanta,FULTON,I-85N,Sr-13 and I-85N,Rear End,On Roadway - Non-Intersection,Daylight,Clear,Dry,Gsp Post 00,"[""Lap and Shoulder Belt Used"",""Lap and Shoulder Belt Used""]","[""Motor Vehicle in Motion"",""Motor Vehicle in Motion""]","[""Motor Vehicle in Motion"",""Motor Vehicle in Motion""]",Following Too Close,322,104.54136313075472
2022-04-09,01:15:00,1,2022,4,9,Saturday,33.798219,-84.392348,(C) Possible Injury / Complaint,0.0,0.0,0.0,Atlanta,FULTON,Ga-13,None and Ga-13,Rear End,On Roadway - Non-Intersection,Dark-Lighted,Clear,Dry,Atlanta Police Department,"[""Lap and Shoulder Belt Used"",""Lap and Shoulder Belt Used""]","[""Motor Vehicle in Motion"",""Motor Vehicle in Motion""]","[""Motor Vehicle in Motion"",""Motor Vehicle in Motion""]","[""Following Too Close"",""Under the Influence (U.I.)""]",R365,176.2263330929136
2022-04-09,14:23:00,14,2022,4,9,Saturday,33.743922,-84.379171,(O) No Injury,0.0,0.0,0.0,Atlanta,FULTON,Hill St Se Exit 58B Rp,None and Hill St Se Exit 58B Rp,Angle Crash,Entrance/Exit Ramp,Daylight,Clear,Dry,Atlanta Police Department,"[""Unknown"",""Lap and Shoulder Belt Used""]","[""Motor Vehicle in Motion"",""Motor Vehicle in Motion""]","[""Motor Vehicle in Motion"",""Motor Vehicle in Motion""]",Following Too Close,77,97.55073602276386
2022-04-10,00:00:00,0,2022,4,10,Sunday,33.764735,-84.493231,(A) Suspected Serious Injury,0.0,1.0,0.0,Atlanta,FULTON,I-20,None and I-20,Angle Crash,On Roadway - Non-Intersection,Dark-Not Lighted,Clear,Dry,Atlanta Police Department,"[""Unknown"",""Unknown"",""Unknown"",""Unknown"",""Unknown"",""Unknown"",""Unknown"",""Unknown""]","[""Motor Vehicle in Motion"",""Motor Vehicle in Motion"",""Motor Vehicle in Motion"",""Motor Vehicle in Motion""]","[""Motor Vehicle in Motion"",""Motor Vehicle in Motion"",""Motor Vehicle in Motion"",""Motor Vehicle in Motion""]","[""Changed Lanes Improperly"",""Changed Lanes Improperly""]",R376,198.14817516748707
2022-04-10,12:30:00,12,2022,4,10,Sunday,33.67545,-84.397849,(C) Possible Injury / Complaint,0.0,0.0,0.0,Atlanta,FULTON,I-75,None and I-75,Not a Collision with Motor Vehicle,"On Roadway - Managed Lane (HOV, HOT, Reversible)",Daylight,Clear,Dry,Atlanta Police Department,Unknown,Motor Vehicle in Motion,Motor Vehicle in Motion,Other Interior Distraction (Distracted),309,105.78977383517837
2022-04-10,21:13:00,21,2022,4,10,Sunday,33.759385,-84.378344,(C) Possible Injury / Complaint,0.0,0.0,0.0,Atlanta,FULTON,Ellis St,Ellis St and Fort St Ne,Angle Crash,On Roadway - Roadway Intersection,Dark-Not Lighted,Clear,Dry,Atlanta Police Department,"[""Lap and Shoulder Belt Used"",""Lap and Shoulder Belt Used"",""Lap and Shoulder Belt Used""]","[""Motor Vehicle in Motion"",""Motor Vehicle in Motion""]","[""Motor Vehicle in Motion"",""Motor Vehicle in Motion""]",,9,73.11078710435534
2022-04-10,13:00:00,13,2022,4,10,Sunday,33.764829,-84.493436,(O) No Injury,0.0,0.0,0.0,Atlanta,FULTON,I-20,None and I-20,Angle Crash,On Roadway - Non-Intersection,Daylight,Clear,Dry,Atlanta Police Department,"[""Lap and Shoulder Belt Used"",""Lap and Shoulder Belt Used"",""Lap and Shoulder Belt Used"",""Child Restraint System (Properly Used)"",""Child Restraint System (Properly Used)"",""Lap and Shoulder Belt Used""]","[""Motor Vehicle in Motion"",""Motor Vehicle in Motion"",""Motor Vehicle in Motion""]","[""Motor Vehicle in Motion"",""Motor Vehicle in Motion"",""Motor Vehicle in Motion""]",Changed Lanes Improperly,R376,219.42441060325837
2022-04-10,21:13:00,21,2022,4,10,Sunday,33.759385,-84.378344,(C) Possible Injury / Complaint,0.0,0.0,0.0,Atlanta,FULTON,Fort St Ne,Ellis Stne and Fort St Ne,Angle Crash,On Roadway - Roadway Intersection,Dark-Not Lighted,Clear,Dry,Atlanta Police Department,"[""Lap and Shoulder Belt Used"",""Lap and Shoulder Belt Used"",""Lap and Shoulder Belt Used""]","[""Motor Vehicle in Motion"",""Motor Vehicle in Motion""]","[""Motor Vehicle in Motion"",""Motor Vehicle in Motion""]",,9,73.11078710435534
2022-04-11,11:00:00,11,2022,4,11,Monday,33.758697,-84.37986,(C) Possible Injury / Complaint,0.0,0.0,0.0,Atlanta,FULTON,Ellis St Ne,I-75 S and Ellis St Ne,Angle Crash,On Roadway - Roadway Intersection,Daylight,Clear,Dry,Atlanta Police Department,"[""Unknown"",""Unknown""]","[""Motor Vehicle in Motion"",""Motor Vehicle in Motion""]","[""Motor Vehicle in Motion"",""Motor Vehicle in Motion""]",Disregard Stop Sign/Signal,9,132.57642608784153
2022-04-11,11:40:00,11,2022,4,11,Monday,33.742468,-84.403843,(O) No Injury,0.0,0.0,0.0,Atlanta,FULTON,I-20Eb,I-20Eb and Metropolitan Pky,Sideswipe-Same Direction,On Roadway - Non-Intersection,Daylight,Cloudy,Dry,Gsp Post 00,"[""Lap and Shoulder Belt Used"",""Lap and Shoulder Belt Used""]","[""Motor Vehicle in Motion"",""Motor Vehicle in Motion""]","[""Motor Vehicle in Motion"",""Motor Vehicle in Motion""]",Changed Lanes Improperly,315,128.63799691026492
2022-04-11,18:49:00,18,2022,4,11,Monday,33.79507,-84.393194,(O) No Injury,0.0,0.0,0.0,Atlanta,FULTON,I-85 Northsouth,I-85 Northsouth and 17Th St Overpass,Not a Collision with Motor Vehicle,On Roadway - Non-Intersection,Daylight,Cloudy,Dry,Gsp Post 00,"[""Lap and Shoulder Belt Used"",""Lap and Shoulder Belt Used""]","[""Other Non-Collision"",""Other Non-Collision""]","[""Other Non-Collision"",""Other Non-Collision""]",,R378,110.65692236869263
2022-04-12,18:00:00,18,2022,4,12,Tuesday,33.742967,-84.379331,(O) No Injury,0.0,0.0,0.0,Atlanta,FULTON,Hill St Se,Hill St Se and Glenwood Dr Se,Sideswipe-Same Direction,On Roadway - Non-Intersection,Daylight,Clear,Dry,Atlanta Police Department,"[""None Used"",""Unknown""]","[""Motor Vehicle in Motion"",""Motor Vehicle in Motion""]","[""Motor Vehicle in Motion"",""Motor Vehicle in Motion""]","[""Misjudged Clearance"",""Misjudged Clearance""]",77,62.43943434765091
2022-04-12,13:00:00,13,2022,4,12,Tuesday,33.742618,-84.380395,(O) No Injury,0.0,0.0,0.0,Atlanta,FULTON,Glenwood Dr Se,Fulton Street and Glenwood Dr Se,Angle Crash,On Roadway - Non-Intersection,Daylight,Clear,Dry,Gsp Post 00,"[""None Used"",""Lap and Shoulder Belt Used""]","[""Motor Vehicle in Motion"",""Motor Vehicle in Motion""]","[""Motor Vehicle in Motion"",""Motor Vehicle in Motion""]","[""Reckless Driving"",""Disregard Police - Evasion""]",77,168.3191575476091
2022-04-12,17:10:00,17,2022,4,12,Tuesday,33.798531,-84.396188,(O) No Injury,0.0,0.0,0.0,Atlanta,FULTON,I-75Sb,I-75Sb and Northside Drive,Rear End,On Roadway - Non-Intersection,Daylight,Clear,Dry,Gsp Post 00,"[""Lap and Shoulder Belt Used"",""Lap and Shoulder Belt Used""]","[""Motor Vehicle in Motion"",""Motor Vehicle in Motion""]","[""Motor Vehicle in Motion"",""Motor Vehicle in Motion""]",Following Too Close,R365,219.2720559942589
2022-04-12,08:22:00,8,2022,4,12,Tuesday,33.798671,-84.393682,(C) Possible Injury / Complaint,0.0,0.0,0.0,Atlanta,FULTON,Deering Rd Nw,Deering Rd Nw and Standish Ave Nw,Angle Crash,On Roadway - Roadway Intersection,Daylight,Clear,Dry,Atlanta Police Department,"[""Lap and Shoulder Belt Used"",""Lap and Shoulder Belt Used"",""Lap and Shoulder Belt Used""]","[""Motor Vehicle in Motion"",""Motor Vehicle in Motion"",""Motor Vehicle in Motion""]","[""Motor Vehicle in Motion"",""Motor Vehicle in Motion"",""Motor Vehicle in Motion""]",Failure to Yield,R365,124.98093162399697
2022-04-12,13:05:00,13,2022,4,12,Tuesday,33.80615,-84.381664,(B) Suspected Minor/Visible Injury,0.0,0.0,1.0,Atlanta,FULTON,I-85 South,Ga-400 and I-85 South,Rear End,On Roadway - Non-Intersection,Daylight,Clear,Dry,Gsp Post 00,"[""Lap and Shoulder Belt Used"",""Lap and Shoulder Belt Used"",""Lap and Shoulder Belt Used"",""Lap and Shoulder Belt Used""]","[""Motor Vehicle in Motion"",""Motor Vehicle in Motion"",""Motor Vehicle in Motion"",""Motor Vehicle in Motion""]","[""Motor Vehicle in Motion"",""Motor Vehicle in Motion"",""Motor Vehicle in Motion"",""Motor Vehicle in Motion""]","[""Too Fast for Conditions"",""Following Too Close""]",322,206.4850459345987
2022-04-13,21:28:00,21,2022,4,13,Wednesday,33.741631,-84.402863,(C) Possible Injury / Complaint,0.0,0.0,0.0,Atlanta,FULTON,Fulton St Sw,Fulton St Sw and Mcdaniel St Sw,Sideswipe-Same Direction,On Roadway - Roadway Intersection,Dark-Lighted,Clear,Dry,Atlanta Police Department,"[""Lap and Shoulder Belt Used"",""Lap and Shoulder Belt Used""]","[""Motor Vehicle in Motion"",""Motor Vehicle in Motion""]","[""Motor Vehicle in Motion"",""Motor Vehicle in Motion""]",Changed Lanes Improperly,315,144.66087684231763
2022-04-13,16:00:00,16,2022,4,13,Wednesday,33.80626,-84.379829,(C) Possible Injury / Complaint,0.0,0.0,0.0,Atlanta,FULTON,Ga-13,None and Ga-13,Rear End,Entrance/Exit Ramp,Daylight,Cloudy,Dry,Atlanta Police Department,"[""Lap and Shoulder Belt Used"",""Lap and Shoulder Belt Used""]","[""Motor Vehicle in Motion"",""Motor Vehicle in Motion""]","[""Motor Vehicle in Motion"",""Motor Vehicle in Motion""]",Following Too Close,322,92.46085067407768
2022-04-13,09:42:00,9,2022,4,13,Wednesday,33.798437,-84.392615,(O) No Injury,0.0,0.0,0.0,Atlanta,FULTON,I-85,I-85 and Peachtree St Ne,Sideswipe-Same Direction,On Roadway - Non-Intersection,Daylight,Clear,Dry,Atlanta Police Department,"[""Lap and Shoulder Belt Used"",""Lap and Shoulder Belt Used""]","[""Motor Vehicle in Motion"",""Motor Vehicle in Motion""]","[""Motor Vehicle in Motion"",""Motor Vehicle in Motion""]",Changed Lanes Improperly,R365,165.97299426965446
2022-04-13,19:00:00,19,2022,4,13,Wednesday,33.758759,-84.37921,(O) No Injury,0.0,0.0,0.0,Atlanta,FULTON,I-75,I-75 and I-75 S,Rear End,On Roadway - Non-Intersection,Daylight,Clear,Dry,Atlanta Police Department,"[""Unknown"",""Unknown""]","[""Motor Vehicle in Motion"",""Motor Vehicle in Motion""]","[""Motor Vehicle in Motion"",""Motor Vehicle in Motion""]",,9,72.3583950347557
2022-04-13,15:20:00,15,2022,4,13,Wednesday,33.796695,-84.3951,(O) No Injury,0.0,0.0,0.0,Atlanta,FULTON,I-75,None and I-75,Rear End,On Roadway - Non-Intersection,Daylight,Clear,Dry,Atlanta Police Department,"[""Lap and Shoulder Belt Used"",""Lap and Shoulder Belt Used"",""Lap and Shoulder Belt Used""]","[""Motor Vehicle in Motion"",""Motor Vehicle in Motion"",""Motor Vehicle in Motion""]","[""Motor Vehicle in Motion"",""Motor Vehicle in Motion"",""Motor Vehicle in Motion""]",Following Too Close,R356,74.69691954455175
2022-04-13,11:03:00,11,2022,4,13,Wednesday,33.795433,-84.394208,(O) No Injury,0.0,0.0,0.0,Atlanta,FULTON,I-75,None and I-75,Rear End,On Roadway - Non-Intersection,Daylight,Clear,Dry,Atlanta Police Department,"[""Lap and Shoulder Belt Used"",""Lap and Shoulder Belt Used"",""Lap and Shoulder Belt Used""]","[""Motor Vehicle in Motion"",""Motor Vehicle in Motion""]","[""Motor Vehicle in Motion"",""Motor Vehicle in Motion""]",Following Too Close,R356,115.7071360429018
2022-04-14,17:30:00,17,2022,4,14,Thursday,33.79888,-84.395556,(O) No Injury,0.0,0.0,0.0,Atlanta,FULTON,Alden Ave Nw,I-75 S and Alden Ave Nw,Rear End,On Roadway - Non-Intersection,Daylight,Clear,Dry,Atlanta Police Department,Unknown,"[""Motor Vehicle in Motion"",""Motor Vehicle in Motion""]","[""Motor Vehicle in Motion"",""Motor Vehicle in Motion""]",Following Too Close,R365,195.858315691309
2022-04-14,17:56:00,17,2022,4,14,Thursday,33.757138,-84.378723,(O) No Injury,0.0,0.0,0.0,Atlanta,FULTON,I-75I-85Sb,I-75I-85Sb and Freedom Pky,Rear End,On Roadway - Non-Intersection,Daylight,Clear,Dry,Gsp Post 00,"[""Lap and Shoulder Belt Used"",""Lap and Shoulder Belt Used""]","[""Motor Vehicle in Motion"",""Motor Vehicle in Motion""]","[""Motor Vehicle in Motion"",""Motor Vehicle in Motion""]",Following Too Close,9,178.71417086791274
2022-04-14,01:57:00,1,2022,4,14,Thursday,33.793948,-84.391688,(A) Suspected Serious Injury,0.0,1.0,1.0,Atlanta,FULTON,I-75,None and I-75,Not a Collision with Motor Vehicle,On Roadway - Non-Intersection,Dark-Lighted,Cloudy,Dry,Atlanta Police Department,"[""Unknown"",""Unknown"",""Unknown"",""Unknown""]",Over Turn,Over Turn,Driver Lost Control,R378,124.56139237736532
2022-04-14,15:40:00,15,2022,4,14,Thursday,33.793714,-84.391339,(O) No Injury,0.0,0.0,0.0,Atlanta,FULTON,I-75Sb Hov Lane,I-85Nb and I-75Sb Hov Lane,Rear End,On Roadway - Non-Intersection,Daylight,Clear,Dry,Gsp Post 00,"[""Lap and Shoulder Belt Used"",""Lap and Shoulder Belt Used"",""Lap and Shoulder Belt Used""]","[""Motor Vehicle in Motion"",""Motor Vehicle in Motion""]","[""Motor Vehicle in Motion"",""Motor Vehicle in Motion""]","[""Following Too Close"",""Inattentive or Other Distraction (Distracted)""]",R378,159.3587821747394
2022-04-14,14:23:00,14,2022,4,14,Thursday,33.795639,-84.392289,(O) No Injury,0.0,0.0,0.0,Atlanta,FULTON,I-75 South Exit,I-75 South Exit and I-85 North Entrance,Rear End,On Roadway - Non-Intersection,Daylight,Clear,Dry,Gsp Post 00,"[""Lap and Shoulder Belt Used"",""Lap and Shoulder Belt Used"",""Lap and Shoulder Belt Used""]","[""Motor Vehicle in Motion"",""Motor Vehicle in Motion""]","[""Motor Vehicle in Motion"",""Motor Vehicle in Motion""]",Following Too Close,R378,71.65085690735943
2022-04-14,19:50:00,19,2022,4,14,Thursday,33.760569,-84.379564,(O) No Injury,0.0,0.0,0.0,Atlanta,FULTON,I-75 I-85 North,Freedom Pky and I-75 I-85 North,Rear End,On Roadway - Non-Intersection,Daylight,Clear,Dry,Gsp Post 00,"[""Lap and Shoulder Belt Used"",""Lap and Shoulder Belt Used"",""Lap and Shoulder Belt Used"",""Lap and Shoulder Belt Used"",""Lap and Shoulder Belt Used"",""Lap and Shoulder Belt Used"",""Lap and Shoulder Belt Used""]","[""Motor Vehicle in Motion"",""Motor Vehicle in Motion"",""Motor Vehicle in Motion""]","[""Motor Vehicle in Motion"",""Motor Vehicle in Motion"",""Motor Vehicle in Motion""]",Following Too Close,9,229.5186698805793
2022-04-14,14:55:00,14,2022,4,14,Thursday,33.761928,-84.490522,(O) No Injury,0.0,0.0,0.0,Atlanta,FULTON,I-285 Sb On-Ramp,I-20 Wb and I-285 Sb On-Ramp,Sideswipe-Same Direction,Entrance/Exit Ramp,Daylight,Clear,Dry,Gsp Post 00,"[""Unknown"",""Lap and Shoulder Belt Used""]","[""Motor Vehicle in Motion"",""Motor Vehicle in Motion""]","[""Motor Vehicle in Motion"",""Motor Vehicle in Motion""]",Changed Lanes Improperly,R376,208.739592485297
2022-04-15,21:46:00,21,2022,4,15,Friday,33.795617,-84.394502,(O) No Injury,0.0,0.0,0.0,Atlanta,FULTON,I-75 Exit 250 Rp,None and I-75 Exit 250 Rp,Angle Crash,"On Roadway - Managed Lane (HOV, HOT, Reversible)",Dark-Lighted,Clear,Dry,Atlanta Police Department,"[""Lap and Shoulder Belt Used"",""Lap and Shoulder Belt Used"",""Lap and Shoulder Belt Used""]","[""Motor Vehicle in Motion"",""Motor Vehicle in Motion""]","[""Other - Fixed Object"",""Motor Vehicle in Motion""]",Changed Lanes Improperly,R356,95.82604562095132
2022-04-15,12:36:00,12,2022,4,15,Friday,33.761554,-84.49269,(O) No Injury,0.0,0.0,0.0,Atlanta,FULTON,I-285 Nb,I-20 and I-285 Nb,Sideswipe-Same Direction,On Roadway - Non-Intersection,Daylight,Clear,Dry,Gsp Post 00,"[""Unknown"",""Lap and Shoulder Belt Used""]","[""Motor Vehicle in Motion"",""Motor Vehicle in Motion""]","[""Motor Vehicle in Motion"",""Motor Vehicle in Motion""]",Changed Lanes Improperly,R376,246.430524114522
2022-04-16,10:24:00,10,2022,4,16,Saturday,33.764967,-84.493287,(O) No Injury,0.0,0.0,0.0,Atlanta,FULTON,I-20,None and I-20,Rear End,On Roadway - Non-Intersection,Daylight,Rain,Wet,Atlanta Police Department,"[""Lap and Shoulder Belt Used"",""Lap and Shoulder Belt Used""]","[""Motor Vehicle in Motion"",""Motor Vehicle in Motion""]","[""Motor Vehicle in Motion"",""Motor Vehicle in Motion""]",Following Too Close,R376,219.35691639304892
2022-04-16,11:50:00,11,2022,4,16,Saturday,33.742773,-84.403198,(C) Possible Injury / Complaint,0.0,0.0,0.0,Atlanta,FULTON,I-20,I-20 and Windsor St Sw,Rear End,On Roadway - Non-Intersection,Daylight,Cloudy,Water (standing or moving),Atlanta Police Department,"[""Lap and Shoulder Belt Used"",""Lap and Shoulder Belt Used"",""Lap and Shoulder Belt Used"",""Lap and Shoulder Belt Used"",""Lap and Shoulder Belt Used"",""Lap and Shoulder Belt Used""]","[""Motor Vehicle in Motion"",""Motor Vehicle in Motion""]","[""Motor Vehicle in Motion"",""Motor Vehicle in Motion""]",,315,61.059368700728605
2022-04-16,04:15:00,4,2022,4,16,Saturday,33.759691,-84.378979,(B) Suspected Minor/Visible Injury,0.0,0.0,1.0,Atlanta,FULTON,I-75 85 Nb Expy Ne,I-75 85 Nb Expy Ne and Andrew Young International Blvd Ne,Not a Collision with Motor Vehicle,On Roadway - Non-Intersection,Dark-Lighted,Rain,Wet,Atlanta Police Department,Lap and Shoulder Belt Used,Other Non-Collision,Over Turn,Driver Lost Control,9,118.14379256146944
2022-04-16,00:01:00,0,2022,4,16,Saturday,33.795958,-84.392957,(C) Possible Injury / Complaint,0.0,0.0,0.0,Atlanta,FULTON,I-75,None and I-75,Sideswipe-Same Direction,"On Roadway - Managed Lane (HOV, HOT, Reversible)",Dark-Lighted,Clear,Dry,Atlanta Police Department,"[""Lap and Shoulder Belt Used"",""Lap and Shoulder Belt Used""]","[""Motor Vehicle in Motion"",""Motor Vehicle in Motion""]","[""Motor Vehicle in Motion"",""Motor Vehicle in Motion""]",Changed Lanes Improperly,R378,135.03236298633175
2022-04-17,13:03:00,13,2022,4,17,Sunday,33.757574,-84.378754,(O) No Injury,0.0,0.0,0.0,Atlanta,FULTON,John Wesley Dobbs Ave Ne,I-75 S and John Wesley Dobbs Ave Ne,Rear End,On Roadway - Non-Intersection,Daylight,Cloudy,Dry,Atlanta Police Department,"[""Unknown"",""Unknown""]","[""Motor Vehicle in Motion"",""Motor Vehicle in Motion""]","[""Motor Vehicle in Motion"",""Motor Vehicle in Motion""]",Changed Lanes Improperly,9,131.73100026810226
2022-04-18,19:45:00,19,2022,4,18,Monday,33.757728,-84.378397,(O) No Injury,0.0,0.0,0.0,Atlanta,FULTON,I-7585 Sb,I-7585 Sb and Peachtree Street,Rear End,On Roadway - Non-Intersection,Daylight,Clear,Dry,Gsp Post 00,"[""Lap and Shoulder Belt Used"",""Lap and Shoulder Belt Used""]","[""Motor Vehicle in Motion"",""Motor Vehicle in Motion""]","[""Motor Vehicle in Motion"",""Motor Vehicle in Motion""]",Following Too Close,9,111.21825141761808
2022-04-18,12:30:00,12,2022,4,18,Monday,33.762711,-84.492652,(A) Suspected Serious Injury,0.0,1.0,0.0,Atlanta,FULTON,I-285,None and I-285,Rear End,On Roadway - Non-Intersection,Daylight,Clear,Dry,Atlanta Police Department,"[""Lap and Shoulder Belt Used"",""Lap and Shoulder Belt Used"",""Lap and Shoulder Belt Used""]","[""Motor Vehicle in Motion"",""Motor Vehicle in Motion""]","[""Motor Vehicle in Motion"",""Motor Vehicle in Motion""]","[""Following Too Close"",""Aggressive Driving""]",R376,137.10793026777037