Date,Time,Hour,Year,Month,Day,DayOfWeek,Crash Latitude,Crash Longitude,KABCO Severity,# of Fatalities per Crash,# Serious Injuries,# Visible Injuries,Geolocated City,Geolocated County,Roadway (From Crash Report),Intersection Name (from Crash Report),Manner of Collision (Crash Level),Location at Impact (Crash Level),Light Conditions (Crash Level),Weather Conditions (Crash Level),Surface Condition (Crash Level),Agency Name (Crash Level),Safety Equipment (Crash Level),First Harmful Event (Unit Order),Most Harmful Event (Crash Level),"Operator/Pedestrian Contrib Factor (excl None, Other, No Contrib Factors)",join_id,Crash_to_TMAS_m
2022-04-19,17:00:00,17,2022,4,19,Tuesday,33.874636,-84.446672,(O) No Injury,0.0,0.0,0.0,Atlanta,FULTON,I-75 Northbound,Mt Paran Rd and I-75 Northbound,Sideswipe-Same Direction,On Roadway - Non-Intersection,Daylight,Clear,Dry,Gsp Post 00,"[""Lap and Shoulder Belt Used"",""Lap and Shoulder Belt Used""]","[""Motor Vehicle in Motion"",""Motor Vehicle in Motion""]","[""Motor Vehicle in Motion"",""Motor Vehicle in Motion""]","[""Changed Lanes Improperly"",""Changed Lanes Improperly""]",308,61.75662024192769
2022-04-19,19:25:00,19,2022,4,19,Tuesday,33.759352,-84.379526,(O) No Injury,0.0,0.0,0.0,Atlanta,FULTON,I-75,I-75 and Piedmont Ave,Rear End,On Roadway - Non-Intersection,Daylight,Clear,Dry,Atlanta Police Department,"[""Unknown"",""Unknown""]","[""Motor Vehicle in Motion"",""Motor Vehicle in Motion""]","[""Motor Vehicle in Motion"",""Motor Vehicle in Motion""]",Following Too Close,9,122.79950523027736
2022-04-19,09:24:00,9,2022,4,19,Tuesday,33.873576,-84.445948,(C) Possible Injury / Complaint,0.0,0.0,0.0,Atlanta,FULTON,I-75 Southbound,Mt Paran Road and I-75 Southbound,Rear End,On Roadway - Non-Intersection,Daylight,Clear,Dry,Gsp Post 00,"[""Lap and Shoulder Belt Used"",""Lap and Shoulder Belt Used"",""Lap and Shoulder Belt Used"",""Lap and Shoulder Belt Used""]","[""Motor Vehicle in Motion"",""Motor Vehicle in Motion"",""Motor Vehicle in Motion"",""Motor Vehicle in Motion""]","[""Motor Vehicle in Motion"",""Motor Vehicle in Motion"",""Motor Vehicle in Motion"",""Motor Vehicle in Motion""]",Following Too Close,308,82.27112097644567
2022-04-19,19:05:00,19,2022,4,19,Tuesday,33.743464,-84.377132,(C) Possible Injury / Complaint,0.0,0.0,0.0,Atlanta,FULTON,I-20 West,Hill St and I-20 West,Rear End,On Roadway - Non-Intersection,Daylight,Clear,Dry,Gsp Post 00,"[""Lap and Shoulder Belt Used"",""Lap and Shoulder Belt Used"",""Lap and Shoulder Belt Used"",""Lap Belt Only Used""]","[""Motor Vehicle in Motion"",""Motor Vehicle in Motion""]","[""Motor Vehicle in Motion"",""Motor Vehicle in Motion""]",Following Too Close,77,148.82144802074322
2022-04-19,06:01:00,6,2022,4,19,Tuesday,33.742851,-84.403036,(O) No Injury,0.0,0.0,0.0,Atlanta,FULTON,I-20 E,I-20 E and Northside Dr,Sideswipe-Same Direction,On Roadway - Non-Intersection,Dark-Lighted,Clear,Dry,Gsp Post 00,"[""Lap and Shoulder Belt Used"",""Lap and Shoulder Belt Used""]","[""Motor Vehicle in Motion"",""Motor Vehicle in Motion""]","[""Motor Vehicle in Motion"",""Motor Vehicle in Motion""]","[""Driver Lost Control"",""Changed Lanes Improperly""]",315,44.604028936381525
2022-04-19,07:45:00,7,2022,4,19,Tuesday,33.798519,-84.396182,(O) No Injury,0.0,0.0,0.0,Atlanta,FULTON,I-75 S,I-75 S and Deering Rd,Rear End,On Roadway - Non-Intersection,Daylight,Clear,Dry,Gsp Post 00,"[""Lap and Shoulder Belt Used"",""Lap and Shoulder Belt Used""]","[""Motor Vehicle in Motion"",""Motor Vehicle in Motion""]","[""Motor Vehicle in Motion"",""Motor Vehicle in Motion""]",Following Too Close,R365,218.15648331717372
2022-04-20,12:05:00,12,2022,4,20,Wednesday,33.799152,-84.392471,(O) No Injury,0.0,0.0,0.0,Atlanta,FULTON,Exit 85,Exit 85 and Peachtree St Ne,Rear End,On Roadway - Non-Intersection,Daylight,Clear,Dry,Atlanta Police Department,"[""Lap and Shoulder Belt Used"",""Lap and Shoulder Belt Used""]","[""Motor Vehicle in Motion"",""Motor Vehicle in Motion""]","[""Motor Vehicle in Motion"",""Motor Vehicle in Motion""]",Following Too Close,R365,228.9608959024589
2022-04-20,18:06:00,18,2022,4,20,Wednesday,33.796635,-84.39339,(O) No Injury,0.0,0.0,0.0,Atlanta,FULTON,I-85 N,I-75 N and I-85 N,Sideswipe-Same Direction,On Roadway - Non-Intersection,Daylight,Clear,Dry,Atlanta Police Department,Unknown,"[""Motor Vehicle in Motion"",""Motor Vehicle in Motion""]","[""Motor Vehicle in Motion"",""Motor Vehicle in Motion""]",Changed Lanes Improperly,R356,89.88628476104313
2022-04-20,08:30:00,8,2022,4,20,Wednesday,33.806799,-84.380399,(O) No Injury,0.0,0.0,0.0,Atlanta,FULTON,I-85,None and I-85,Rear End,On Roadway - Non-Intersection,Daylight,Clear,Dry,Atlanta Police Department,"[""Unknown"",""Unknown""]","[""Motor Vehicle in Motion"",""Motor Vehicle in Motion""]","[""Motor Vehicle in Motion"",""Motor Vehicle in Motion""]",Following Too Close,322,69.05246552414957
2022-04-21,08:04:00,8,2022,4,21,Thursday,33.786206,-84.401896,(B) Suspected Minor/Visible Injury,0.0,0.0,3.0,Atlanta,FULTON,14Th St Nw,14Th St Nw and Snyder St Nw,Head On,On Roadway - Roadway Intersection,Daylight,Clear,Dry,Atlanta Police Department,"[""Unknown"",""Unknown"",""Unknown"",""Unknown""]","[""Motor Vehicle in Motion"",""Motor Vehicle in Motion""]","[""Motor Vehicle in Motion"",""Motor Vehicle in Motion""]",Failure to Yield,86,234.76225860416812
2022-04-21,09:08:00,9,2022,4,21,Thursday,33.807748,-84.379133,(O) No Injury,0.0,0.0,0.0,Atlanta,FULTON,I-85 North,I-85 North and Peachtree St Overpass,Rear End,On Roadway - Non-Intersection,Daylight,Cloudy,Dry,Gsp Post 00,"[""Lap and Shoulder Belt Used"",""Lap and Shoulder Belt Used"",""Lap and Shoulder Belt Used""]","[""Motor Vehicle in Motion"",""Motor Vehicle in Motion"",""Motor Vehicle in Motion""]","[""Motor Vehicle in Motion"",""Motor Vehicle in Motion"",""Motor Vehicle in Motion""]",Following Too Close,322,92.14743657028409
2022-04-21,18:00:00,18,2022,4,21,Thursday,33.798516,-84.39618,(O) No Injury,0.0,0.0,0.0,Atlanta,FULTON,I-75Sb,I-75Sb and Northside Dr,Rear End,On Roadway - Non-Intersection,Daylight,Clear,Dry,Gsp Post 00,"[""Lap and Shoulder Belt Used"",""Lap and Shoulder Belt Used"",""Lap and Shoulder Belt Used""]","[""Motor Vehicle in Motion"",""Motor Vehicle in Motion"",""Motor Vehicle in Motion""]","[""Motor Vehicle in Motion"",""Motor Vehicle in Motion"",""Motor Vehicle in Motion""]",Following Too Close,R365,217.83722330585584
2022-04-21,19:40:00,19,2022,4,21,Thursday,33.793982,-84.393335,(O) No Injury,0.0,0.0,0.0,Atlanta,FULTON,I-85Sb,I-85Sb and Peachtree Rd,Rear End,On Roadway - Non-Intersection,Daylight,Clear,Dry,Gsp Post 00,"[""Unknown"",""Lap and Shoulder Belt Used""]","[""Motor Vehicle in Motion"",""Motor Vehicle in Motion""]","[""Motor Vehicle in Motion"",""Motor Vehicle in Motion""]",Following Too Close,R378,170.5119793169156
2022-04-22,06:50:00,6,2022,4,22,Friday,33.687369,-84.399038,(O) No Injury,0.0,0.0,0.0,Atlanta,FULTON,I-75,None and I-75,Sideswipe-Same Direction,On Roadway - Non-Intersection,Dawn,Clear,Dry,Atlanta Police Department,"[""Unknown"",""Unknown""]","[""Motor Vehicle in Motion"",""Motor Vehicle in Motion""]","[""Motor Vehicle in Motion"",""Motor Vehicle in Motion""]","[""Misjudged Clearance"",""Misjudged Clearance""]",R357,211.36504986280605
2022-04-22,10:30:00,10,2022,4,22,Friday,33.808214,-84.378452,(O) No Injury,0.0,0.0,0.0,Atlanta,FULTON,I-85Nb,I-85Nb and Peachtree Rd,Rear End,On Roadway - Non-Intersection,Daylight,Clear,Dry,Gsp Post 00,"[""Lap and Shoulder Belt Used"",""Lap and Shoulder Belt Used""]","[""Motor Vehicle in Motion"",""Motor Vehicle in Motion""]","[""Motor Vehicle in Motion"",""Motor Vehicle in Motion""]","[""Changed Lanes Improperly"",""Changed Lanes Improperly""]",322,172.58463198141632
2022-04-22,17:39:00,17,2022,4,22,Friday,33.756498,-84.378612,(O) No Injury,0.0,0.0,0.0,Atlanta,FULTON,I-7585 South,I-7585 South and Martin Luther King Jr Dr,Sideswipe-Same Direction,On Roadway - Non-Intersection,Daylight,Clear,Dry,Gsp Post 00,"[""Lap and Shoulder Belt Used"",""Shoulder Belt Only Used"",""Lap and Shoulder Belt Used""]","[""Motor Vehicle in Motion"",""Motor Vehicle in Motion""]","[""Motor Vehicle in Motion"",""Motor Vehicle in Motion""]",Changed Lanes Improperly,9,248.2236654461242
2022-04-22,14:05:00,14,2022,4,22,Friday,33.795323,-84.391851,(O) No Injury,0.0,0.0,0.0,Atlanta,FULTON,Interstate 75 South Hov,Deering Road and Interstate 75 South Hov,Rear End,On Roadway - Non-Intersection,Daylight,Clear,Dry,Gsp Post 00,"[""Lap Belt Only Used"",""Lap and Shoulder Belt Used"",""Lap and Shoulder Belt Used""]","[""Motor Vehicle in Motion"",""Motor Vehicle in Motion""]","[""Motor Vehicle in Motion"",""Motor Vehicle in Motion""]",,R378,34.299764355986966
2022-04-22,15:29:00,15,2022,4,22,Friday,33.763853,-84.490981,(O) No Injury,0.0,0.0,0.0,Atlanta,FULTON,I-20 West,I-285 and I-20 West,Sideswipe-Same Direction,On Roadway - Non-Intersection,Daylight,Clear,Dry,Gsp Post 00,"[""Lap and Shoulder Belt Used"",""Lap and Shoulder Belt Used""]","[""Motor Vehicle in Motion"",""Motor Vehicle in Motion""]","[""Motor Vehicle in Motion"",""Motor Vehicle in Motion""]",Changed Lanes Improperly,R376,64.86516270098832
2022-04-22,05:55:00,5,2022,4,22,Friday,33.79841,-84.392967,(O) No Injury,0.0,0.0,0.0,Atlanta,FULTON,I-85Sb,Ga-13 and I-85Sb,Rear End,On Roadway - Non-Intersection,Dawn,Clear,Dry,Gsp Post 00,"[""Lap and Shoulder Belt Used"",""Lap and Shoulder Belt Used""]","[""Motor Vehicle in Motion"",""Motor Vehicle in Motion""]","[""Motor Vehicle in Motion"",""Motor Vehicle in Motion""]",Following Too Close,R365,138.17423691930765
2022-04-23,12:45:00,12,2022,4,23,Saturday,33.794641,-84.393331,(O) No Injury,0.0,0.0,0.0,Atlanta,FULTON,I-85,None and I-85,Rear End,On Roadway - Non-Intersection,Daylight,Clear,Dry,Atlanta Police Department,"[""Lap and Shoulder Belt Used"",""Lap and Shoulder Belt Used""]","[""Motor Vehicle in Motion"",""Motor Vehicle in Motion""]","[""Motor Vehicle in Motion"",""Motor Vehicle in Motion""]",Following Too Close,R378,131.00512045877733
2022-04-23,13:00:00,13,2022,4,23,Saturday,33.797952,-84.393265,(C) Possible Injury / Complaint,0.0,0.0,0.0,Atlanta,FULTON,I-85,None and I-85,Rear End,On Roadway - Non-Intersection,Daylight,Clear,Dry,Atlanta Police Department,"[""Lap and Shoulder Belt Used"",""Lap and Shoulder Belt Used"",""Lap and Shoulder Belt Used""]","[""Motor Vehicle in Motion"",""Motor Vehicle in Motion"",""Motor Vehicle in Motion""]","[""Motor Vehicle in Motion"",""Motor Vehicle in Motion"",""Motor Vehicle in Motion""]",Following Too Close,R365,86.64928123068621
2022-04-23,19:49:00,19,2022,4,23,Saturday,33.797226,-84.395441,(O) No Injury,0.0,0.0,0.0,Atlanta,FULTON,I-75,None and I-75,Rear End,On Roadway - Non-Intersection,Daylight,Clear,Dry,Atlanta Police Department,"[""Unknown"",""Unknown""]","[""Motor Vehicle in Motion"",""Motor Vehicle in Motion""]","[""Motor Vehicle in Motion"",""Motor Vehicle in Motion""]",Following Too Close,R365,130.9685733311673
2022-04-23,21:20:00,21,2022,4,23,Saturday,33.75982,-84.379054,(O) No Injury,0.0,0.0,0.0,Atlanta,FULTON,I-75,I-75 and Andrew Young International Blvd Ne,Rear End,On Roadway - Roadway Intersection,Dark-Not Lighted,Clear,Dry,Atlanta Police Department,"[""Unknown"",""Unknown""]","[""Motor Vehicle in Motion"",""Motor Vehicle in Motion""]","[""Motor Vehicle in Motion"",""Motor Vehicle in Motion""]",Following Too Close,9,134.05494746919987
2022-04-23,08:31:00,8,2022,4,23,Saturday,33.743943,-84.379295,(C) Possible Injury / Complaint,0.0,0.0,0.0,Atlanta,FULTON,I-20,I-20 and Hill St Se,Angle Crash,On Roadway - Non-Intersection,Daylight,Clear,Dry,Atlanta Police Department,"[""Shoulder Belt Only Used"",""Shoulder Belt Only Used""]","[""Motor Vehicle in Motion"",""Motor Vehicle in Motion""]","[""Motor Vehicle in Motion"",""Motor Vehicle in Motion""]",Improper Turn,77,105.27540681493188
2022-04-24,00:30:00,0,2022,4,24,Sunday,33.796708,-84.393657,(C) Possible Injury / Complaint,0.0,0.0,0.0,Atlanta,FULTON,I-75,I-75 and I-85 S,Sideswipe-Same Direction,"On Roadway - Managed Lane (HOV, HOT, Reversible)",Dark-Lighted,Clear,Dry,Atlanta Police Department,"[""Unknown"",""Unknown"",""Unknown""]","[""Motor Vehicle in Motion"",""Motor Vehicle in Motion""]","[""Motor Vehicle in Motion"",""Motor Vehicle in Motion""]",Changed Lanes Improperly,R356,68.55862989328249
2022-04-24,11:40:00,11,2022,4,24,Sunday,33.806144,-84.38119,(O) No Injury,0.0,0.0,0.0,Atlanta,FULTON,I-85,None and I-85,Angle Crash,On Roadway - Non-Intersection,Daylight,Clear,Dry,Atlanta Police Department,"[""Lap and Shoulder Belt Used"",""Lap and Shoulder Belt Used"",""Lap and Shoulder Belt Used"",""Lap and Shoulder Belt Used"",""Lap and Shoulder Belt Used"",""Lap and Shoulder Belt Used""]","[""Motor Vehicle in Motion"",""Motor Vehicle in Motion"",""Motor Vehicle in Motion"",""Motor Vehicle in Motion""]","[""Motor Vehicle in Motion"",""Motor Vehicle in Motion"",""Motor Vehicle in Motion"",""Motor Vehicle in Motion""]","[""Changed Lanes Improperly"",""Following Too Close""]",322,170.45518821249615
2022-04-24,21:30:00,21,2022,4,24,Sunday,33.741556,-84.402936,(O) No Injury,0.0,0.0,0.0,Atlanta,FULTON,Mcdaniel St Sw,Fulton St Sw and Mcdaniel St Sw,Rear End,"On Roadway - Managed Lane (HOV, HOT, Reversible)",Daylight,Clear,Dry,Atlanta Police Department,"[""Unknown"",""Unknown""]","[""Motor Vehicle in Motion"",""Motor Vehicle in Motion""]","[""Motor Vehicle in Motion"",""Motor Vehicle in Motion""]",Aggressive Driving,315,154.21947972566863
2022-04-24,19:53:00,19,2022,4,24,Sunday,33.759385,-84.378344,(C) Possible Injury / Complaint,0.0,0.0,0.0,Atlanta,FULTON,Fort St Ne,Fort St Ne and John Lewis Freedom Pkwy Ne,Angle Crash,On Roadway - Roadway Intersection,Daylight,Clear,Dry,Atlanta Police Department,"[""Unknown"",""Unknown"",""Booster Seat (Properly Used)""]","[""Motor Vehicle in Motion"",""Motor Vehicle in Motion""]","[""Motor Vehicle in Motion"",""Motor Vehicle in Motion""]",Disregard Stop Sign/Signal,9,73.11078710435534
2022-04-24,13:00:00,13,2022,4,24,Sunday,33.743497,-84.378683,(C) Possible Injury / Complaint,0.0,0.0,0.0,Atlanta,FULTON,Hill St Se,Exit 58A and Hill St Se,Rear End,On Roadway - Non-Intersection,Daylight,Clear,Dry,Atlanta Police Department,"[""Lap and Shoulder Belt Used"",""Lap and Shoulder Belt Used"",""Lap and Shoulder Belt Used""]","[""Motor Vehicle in Motion"",""Motor Vehicle in Motion""]","[""Parked Motor Vehicle"",""Motor Vehicle in Motion""]",Following Too Close,77,39.6159021487338
2022-04-25,17:43:00,17,2022,4,25,Monday,33.756848,-84.378314,(C) Possible Injury / Complaint,0.0,0.0,0.0,Atlanta,FULTON,I-7585 Nb,I-7585 Nb and John Wesley Dobbs Ave Ne,Rear End,On Roadway - Non-Intersection,Daylight,Clear,Dry,Gsp Post 00,"[""Lap and Shoulder Belt Used"",""Lap and Shoulder Belt Used"",""Lap and Shoulder Belt Used"",""Lap and Shoulder Belt Used"",""Child Restraint System (Properly Used)""]","[""Motor Vehicle in Motion"",""Motor Vehicle in Motion""]","[""Motor Vehicle in Motion"",""Motor Vehicle in Motion""]","[""Following Too Close"",""Driver Condition""]",9,209.09250742227388
2022-04-25,14:00:00,14,2022,4,25,Monday,33.786206,-84.401896,(C) Possible Injury / Complaint,0.0,0.0,0.0,Atlanta,FULTON,Snyder St Nw,14Th St Nw and Snyder St Nw,Angle Crash,On Roadway - Roadway Intersection,Daylight,Clear,Dry,Atlanta Police Department,"[""Unknown"",""Unknown"",""Unknown""]","[""Motor Vehicle in Motion"",""Motor Vehicle in Motion""]","[""Motor Vehicle in Motion"",""Motor Vehicle in Motion""]",,86,234.76225860416812
2022-04-25,06:44:00,6,2022,4,25,Monday,33.794251,-84.3935,(O) No Injury,0.0,0.0,0.0,Atlanta,FULTON,I-85 Southbound,17Th Street and I-85 Southbound,Rear End,On Roadway - Non-Intersection,Daylight,Clear,Dry,Gsp Post 00,"[""Lap and Shoulder Belt Used"",""Lap and Shoulder Belt Used""]","[""Motor Vehicle in Motion"",""Motor Vehicle in Motion""]","[""Motor Vehicle in Motion"",""Motor Vehicle in Motion""]",Following Too Close,R378,164.23133765022416
2022-04-25,10:00:00,10,2022,4,25,Monday,33.743493,-84.378472,(O) No Injury,0.0,0.0,0.0,Atlanta,FULTON,I-20,None and I-20,Sideswipe-Same Direction,On Roadway - Non-Intersection,Daylight,Clear,Dry,Atlanta Police Department,"[""Unknown"",""Unknown""]","[""Motor Vehicle in Motion"",""Motor Vehicle in Motion""]","[""Motor Vehicle in Motion"",""Motor Vehicle in Motion""]",,77,44.07214109014189
2022-04-26,19:26:00,19,2022,4,26,Tuesday,33.806047,-84.380084,(O) No Injury,0.0,0.0,0.0,Atlanta,FULTON,Ga-13Nb,Ga-13Nb and Peachtree Rd,Rear End,On Roadway - Non-Intersection,Daylight,Cloudy,Dry,Gsp Post 00,"[""Lap and Shoulder Belt Used"",""Lap and Shoulder Belt Used""]","[""Motor Vehicle in Motion"",""Motor Vehicle in Motion""]","[""Motor Vehicle in Motion"",""Motor Vehicle in Motion""]",Following Too Close,322,120.03224388731648
2022-04-26,08:25:00,8,2022,4,26,Tuesday,33.688108,-84.399456,(C) Possible Injury / Complaint,0.0,0.0,0.0,Atlanta,FULTON,I-75 Northbound,I-75 Northbound and I-85 Northbound Overpass,Rear End,On Roadway - Non-Intersection,Daylight,Clear,Dry,Gsp Post 00,"[""Lap and Shoulder Belt Used"",""Lap and Shoulder Belt Used"",""Lap and Shoulder Belt Used"",""Lap and Shoulder Belt Used""]","[""Motor Vehicle in Motion"",""Motor Vehicle in Motion""]","[""Motor Vehicle in Motion"",""Motor Vehicle in Motion""]","[""Following Too Close"",""Changed Lanes Improperly""]",R357,237.53089905625723
2022-04-26,11:51:00,11,2022,4,26,Tuesday,33.742638,-84.403479,(O) No Injury,0.0,0.0,0.0,Atlanta,FULTON,I-20 Eb,I-20 Eb and Mcdaniel Street,Rear End,On Roadway - Non-Intersection,Daylight,Rain,Wet,Gsp Post 00,"[""Lap and Shoulder Belt Used"",""Lap and Shoulder Belt Used"",""Lap and Shoulder Belt Used""]","[""Motor Vehicle in Motion"",""Motor Vehicle in Motion""]","[""Motor Vehicle in Motion"",""Motor Vehicle in Motion""]",Following Too Close,315,90.37137041533504
2022-04-27,15:00:00,15,2022,4,27,Wednesday,33.763198,-84.492694,(O) No Injury,0.0,0.0,0.0,Atlanta,FULTON,I-285,None and I-285,Sideswipe-Same Direction,On Roadway - Non-Intersection,Daylight,Clear,Dry,Atlanta Police Department,"[""Unknown"",""Unknown""]","[""Motor Vehicle in Motion"",""Motor Vehicle in Motion""]","[""Motor Vehicle in Motion"",""Motor Vehicle in Motion""]",Changed Lanes Improperly,R376,109.87792506169616
2022-04-28,21:00:00,21,2022,4,28,Thursday,33.794145,-84.391584,(B) Suspected Minor/Visible Injury,0.0,0.0,1.0,Atlanta,FULTON,I-75,None and I-75,Not a Collision with Motor Vehicle,Entrance/Exit Ramp,Dark-Lighted,Clear,Dry,Atlanta Police Department,Unknown,Other Non-Collision,Over Turn,Driver Lost Control,R378,106.51915512369438
2022-04-28,17:50:00,17,2022,4,28,Thursday,33.798108,-84.393175,(O) No Injury,0.0,0.0,0.0,Atlanta,FULTON,I-85Sb,I-85Sb and Peachtree Rd,Sideswipe-Same Direction,On Roadway - Non-Intersection,Daylight,Clear,Dry,Gsp Post 00,"[""Lap and Shoulder Belt Used"",""Lap and Shoulder Belt Used""]","[""Motor Vehicle in Motion"",""Motor Vehicle in Motion""]","[""Motor Vehicle in Motion"",""Motor Vehicle in Motion""]",Changed Lanes Improperly,R365,102.56167775458958
2022-04-28,10:02:00,10,2022,4,28,Thursday,33.7435,-84.379558,(O) No Injury,0.0,0.0,0.0,Atlanta,FULTON,I-20 Wb,I-20 Wb and Boulevard,Sideswipe-Same Direction,On Roadway - Non-Intersection,Daylight,Clear,Dry,Gsp Post 00,"[""Lap and Shoulder Belt Used"",""Lap and Shoulder Belt Used""]","[""Motor Vehicle in Motion"",""Motor Vehicle in Motion""]","[""Motor Vehicle in Motion"",""Motor Vehicle in Motion""]",Following Too Close,77,89.82623997913336
2022-04-28,11:40:00,11,2022,4,28,Thursday,33.742921,-84.37933,(O) No Injury,0.0,0.0,0.0,Atlanta,FULTON,Glenwood Dr Se,Hill St Se and Glenwood Dr Se,Angle Crash,On Roadway - Driveway Intersection,Daylight,Clear,Dry,Atlanta Police Department,"[""Unknown"",""Unknown""]","[""Motor Vehicle in Motion"",""Motor Vehicle in Motion""]","[""Motor Vehicle in Motion"",""Motor Vehicle in Motion""]",,77,64.10668335412792
2022-04-28,23:30:00,23,2022,4,28,Thursday,33.757736,-84.377921,(O) No Injury,0.0,0.0,0.0,Atlanta,FULTON,John Wesley Dobbs Ave Ne,Exit 248C and John Wesley Dobbs Ave Ne,Rear End,On Roadway - Roadway Intersection,Dark-Lighted,Clear,Dry,Atlanta Police Department,"[""Lap and Shoulder Belt Used"",""Unknown""]","[""Motor Vehicle in Motion"",""Motor Vehicle in Motion""]","[""Motor Vehicle in Motion"",""Motor Vehicle in Motion""]",,9,119.95321914520277
2022-04-28,17:30:00,17,2022,4,28,Thursday,33.759628,-84.480876,(O) No Injury,0.0,0.0,0.0,Atlanta,FULTON,I-20 Wb,I-20 Wb and Hamilton E. Holmes Drive,Not a Collision with Motor Vehicle,On Roadway - Non-Intersection,Daylight,Clear,Dry,Gsp Post 00,Lap and Shoulder Belt Used,Other Object (Not Fixed),Impact Attenuate,,313,200.3341219972428
2022-04-28,10:57:00,10,2022,4,28,Thursday,33.806174,-84.380566,(O) No Injury,0.0,0.0,0.0,Atlanta,FULTON,Ramp From Ga-13Sb To I-85Sb,Ramp From Ga-13Sb To I-85Sb and Interim Eastside Beltline Trai,Rear End,Entrance/Exit Ramp,Daylight,Clear,Dry,Gsp Post 00,"[""Lap and Shoulder Belt Used"",""Lap and Shoulder Belt Used""]","[""Motor Vehicle in Motion"",""Motor Vehicle in Motion""]","[""Motor Vehicle in Motion"",""Motor Vehicle in Motion""]",Following Too Close,322,127.212297286022
2022-04-29,20:28:00,20,2022,4,29,Friday,33.795791,-84.393658,(O) No Injury,0.0,0.0,0.0,Atlanta,FULTON,I-85 Noth,I-75 N and I-85 Noth,Sideswipe-Same Direction,On Roadway - Non-Intersection,Dark-Lighted,Clear,Dry,Atlanta Police Department,"[""Unknown"",""Unknown""]","[""Motor Vehicle in Motion"",""Motor Vehicle in Motion""]","[""Motor Vehicle in Motion"",""Motor Vehicle in Motion""]",Changed Lanes Improperly,R356,98.32119043743388
2022-04-29,20:13:00,20,2022,4,29,Friday,33.796535,-84.394994,(C) Possible Injury / Complaint,0.0,0.0,0.0,Atlanta,FULTON,I-75 Exit 250 Rp,None and I-75 Exit 250 Rp,Rear End,"On Roadway - Managed Lane (HOV, HOT, Reversible)",Dark-Lighted,Clear,Dry,Atlanta Police Department,"[""Unknown"",""Lap and Shoulder Belt Used"",""Lap and Shoulder Belt Used"",""Lap and Shoulder Belt Used"",""Lap and Shoulder Belt Used""]","[""Motor Vehicle in Motion"",""Motor Vehicle in Motion""]",Motor Vehicle in Motion,Following Too Close,R356,61.01032349849789
2022-04-29,10:28:00,10,2022,4,29,Friday,33.797063,-84.395338,(O) No Injury,0.0,0.0,0.0,Atlanta,FULTON,I-75Sb,I-75Sb and Northside Dr,Sideswipe-Same Direction,On Roadway - Non-Intersection,Daylight,Cloudy,Dry,Gsp Post 00,"[""Lap and Shoulder Belt Used"",""Lap and Shoulder Belt Used"",""Lap and Shoulder Belt Used"",""Lap and Shoulder Belt Used""]","[""Motor Vehicle in Motion"",""Motor Vehicle in Motion""]","[""Motor Vehicle in Motion"",""Motor Vehicle in Motion""]",Changed Lanes Improperly,R356,113.47141350543042
2022-04-30,20:00:00,20,2022,4,30,Saturday,33.743445,-84.376271,(O) No Injury,0.0,0.0,0.0,Atlanta,FULTON,I-20,None and I-20,Rear End,On Roadway - Non-Intersection,Daylight,Clear,Dry,Atlanta Police Department,"[""Unknown"",""Lap and Shoulder Belt Used""]","[""Motor Vehicle in Motion"",""Motor Vehicle in Motion""]","[""Motor Vehicle in Motion"",""Motor Vehicle in Motion""]",Following Too Close,77,226.7616156732306
2022-04-30,20:00:00,20,2022,4,30,Saturday,33.685734,-84.398647,(O) No Injury,0.0,0.0,0.0,Atlanta,FULTON,I-75,None and I-75,Sideswipe-Same Direction,On Roadway - Non-Intersection,Dark-Lighted,Clear,Dry,Atlanta Police Department,"[""Lap and Shoulder Belt Used"",""Lap and Shoulder Belt Used"",""Lap and Shoulder Belt Used""]","[""Motor Vehicle in Motion"",""Motor Vehicle in Motion""]","[""Motor Vehicle in Motion"",""Motor Vehicle in Motion""]",,R357,230.4169746899088
2022-04-30,08:20:00,8,2022,4,30,Saturday,33.806593,-84.379025,(O) No Injury,0.0,0.0,0.0,Atlanta,FULTON,Ga-13,None and Ga-13,Rear End,On Roadway - Non-Intersection,Dark-Lighted,Clear,Dry,Atlanta Police Department,"[""Lap and Shoulder Belt Used"",""Lap and Shoulder Belt Used""]","[""Motor Vehicle in Motion"",""Motor Vehicle in Motion""]","[""Motor Vehicle in Motion"",""Motor Vehicle in Motion""]",Following Too Close,322,86.17882137710079
2022-04-30,18:00:00,18,2022,4,30,Saturday,33.743504,-84.379465,(O) No Injury,0.0,0.0,0.0,Atlanta,FULTON,I-20,None and I-20,Sideswipe-Same Direction,On Roadway - Non-Intersection,Daylight,Clear,Dry,Atlanta Police Department,"[""Unknown"",""Lap and Shoulder Belt Used""]","[""Motor Vehicle in Motion"",""Motor Vehicle in Motion""]","[""Motor Vehicle in Motion"",""Motor Vehicle in Motion""]",Changed Lanes Improperly,77,82.41107789915341
2022-04-30,21:33:00,21,2022,4,30,Saturday,33.677004,-84.396738,(C) Possible Injury / Complaint,0.0,0.0,0.0,Atlanta,FULTON,Baker Dr Sw,Baker Dr Sw and Old Hapeville Rd Sw,Not a Collision with Motor Vehicle,Off Roadway,Dark-Not Lighted,Cloudy,Dry,Atlanta Police Department,Lap and Shoulder Belt Used,"[""Motor Vehicle in Motion"",""Curb""]",Motor Vehicle in Motion,Distracted,309,97.35569640623156