Date,Time,Hour,Year,Month,Day,DayOfWeek,Crash Latitude,Crash Longitude,KABCO Severity,# of Fatalities per Crash,# Serious Injuries,# Visible Injuries,Geolocated City,Geolocated County,Roadway (From Crash Report),Intersection Name (from Crash Report),Manner of Collision (Crash Level),Location at Impact (Crash Level),Light Conditions (Crash Level),Weather Conditions (Crash Level),Surface Condition (Crash Level),Agency Name (Crash Level),Safety Equipment (Crash Level),First Harmful Event (Unit Order),Most Harmful Event (Crash Level),"Operator/Pedestrian Contrib Factor (excl None, Other, No Contrib Factors)",join_id,Crash_to_TMAS_m
2022-04-30,12:45:00,12,2022,4,30,Saturday,33.797878,-84.393302,(C) Possible Injury / Complaint,0.0,0.0,0.0,Atlanta,FULTON,I-85,I-85 and 17Th St Nw,Angle Crash,On Roadway - Non-Intersection,Daylight,Clear,Dry,Atlanta Police Department,"[""Lap and Shoulder Belt Used"",""Lap and Shoulder Belt Used"",""Lap and Shoulder Belt Used""]","[""Motor Vehicle in Motion"",""Motor Vehicle in Motion""]","[""Motor Vehicle in Motion"",""Motor Vehicle in Motion""]",Changed Lanes Improperly,R365,80.0981498941949
2022-04-30,11:30:00,11,2022,4,30,Saturday,33.797401,-84.395549,(O) No Injury,0.0,0.0,0.0,Atlanta,FULTON,I-75,None and I-75,Sideswipe-Same Direction,On Roadway - Non-Intersection,Daylight,Clear,Dry,Atlanta Police Department,"[""Unknown"",""Unknown"",""Unknown"",""Unknown"",""Child Restraint System (Properly Used)""]","[""Motor Vehicle in Motion"",""Motor Vehicle in Motion""]","[""Motor Vehicle in Motion"",""Motor Vehicle in Motion""]",,R365,136.0288556791119
2022-05-01,07:20:00,7,2022,5,1,Sunday,33.743445,-84.376314,(O) No Injury,0.0,0.0,0.0,Atlanta,FULTON,I-20,None and I-20,Not a Collision with Motor Vehicle,Entrance/Exit Ramp,Daylight,Cloudy,Dry,Atlanta Police Department,Unknown,Other Non-Collision,Over Turn,,77,222.8212797349189
2022-05-01,22:00:00,22,2022,5,1,Sunday,33.797081,-84.393308,(O) No Injury,0.0,0.0,0.0,Atlanta,FULTON,I-85,None and I-85,Angle Crash,On Roadway - Non-Intersection,Dark-Lighted,Clear,Dry,Atlanta Police Department,"[""Unknown"",""Unknown""]","[""Motor Vehicle in Motion"",""Motor Vehicle in Motion""]","[""Motor Vehicle in Motion"",""Motor Vehicle in Motion""]",Changed Lanes Improperly,R365,93.26586386145566
2022-05-01,21:23:00,21,2022,5,1,Sunday,33.795699,-84.392397,(B) Suspected Minor/Visible Injury,0.0,0.0,1.0,Atlanta,FULTON,I-75,None and I-75,Not a Collision with Motor Vehicle,On Shoulder,Dark-Lighted,Clear,Dry,Atlanta Police Department,Lap and Shoulder Belt Used,Motor Vehicle in Motion,Motor Vehicle in Motion,Driver Lost Control,R378,81.84640464334103
2022-05-02,07:30:00,7,2022,5,2,Monday,33.744398,-84.379317,(O) No Injury,0.0,0.0,0.0,Atlanta,FULTON,Interstate 20 West,Interstate 20 West and Hill Street Overpass,Sideswipe-Same Direction,On Roadway - Non-Intersection,Daylight,Clear,Dry,Gsp Post 00,"[""Lap and Shoulder Belt Used"",""Lap and Shoulder Belt Used""]","[""Motor Vehicle in Motion"",""Motor Vehicle in Motion""]","[""Motor Vehicle in Motion"",""Motor Vehicle in Motion""]",Changed Lanes Improperly,77,151.1961423323201
2022-05-03,08:34:00,8,2022,5,3,Tuesday,33.798325,-84.393026,(O) No Injury,0.0,0.0,0.0,Atlanta,FULTON,I-85Sb,Ga-13 and I-85Sb,Rear End,On Roadway - Non-Intersection,Daylight,Clear,Dry,Gsp Post 00,"[""Lap and Shoulder Belt Used"",""Lap and Shoulder Belt Used""]","[""Motor Vehicle in Motion"",""Motor Vehicle in Motion""]","[""Motor Vehicle in Motion"",""Motor Vehicle in Motion""]",Following Too Close,R365,127.9396490589284
2022-05-03,06:08:00,6,2022,5,3,Tuesday,33.758147,-84.37932,(O) No Injury,0.0,0.0,0.0,Atlanta,FULTON,I-75,I-75 and I-75 S,Rear End,On Roadway - Non-Intersection,Dark-Lighted,Clear,Dry,Atlanta Police Department,"[""Lap and Shoulder Belt Used"",""Lap and Shoulder Belt Used""]","[""Motor Vehicle in Motion"",""Motor Vehicle in Motion""]","[""Motor Vehicle in Motion"",""Motor Vehicle in Motion""]",Following Too Close,9,104.82129362595616
2022-05-03,15:35:00,15,2022,5,3,Tuesday,33.686394,-84.398744,(O) No Injury,0.0,0.0,0.0,Atlanta,FULTON,I-75 N,I-75 N and Cleveland Ave,Not a Collision with Motor Vehicle,On Roadway - Non-Intersection,Daylight,Clear,Dry,Gsp Post 00,"[""Lap and Shoulder Belt Used"",""Lap and Shoulder Belt Used"",""Lap and Shoulder Belt Used""]","[""Cargo/Equipment Loss or Shift"",""Other Object (Not Fixed)""]","[""Cargo/Equipment Lost or Shift"",""Impact Attenuate""]",,R357,209.25006922898183
2022-05-03,14:13:00,14,2022,5,3,Tuesday,33.760142,-84.37924,(O) No Injury,0.0,0.0,0.0,Atlanta,FULTON,I-7585 Nb,I-7585 Nb and Andrew Young International,Rear End,On Roadway - Non-Intersection,Daylight,Clear,Dry,Gsp Post 00,"[""Lap and Shoulder Belt Used"",""Lap and Shoulder Belt Used""]","[""Motor Vehicle in Motion"",""Motor Vehicle in Motion""]","[""Motor Vehicle in Motion"",""Motor Vehicle in Motion""]",Following Too Close,9,173.72294948066587
2022-05-03,07:50:00,7,2022,5,3,Tuesday,33.685784,-84.398652,(O) No Injury,0.0,0.0,0.0,Atlanta,FULTON,I-75 North,I-85 and I-75 North,Sideswipe-Same Direction,On Roadway - Non-Intersection,Daylight,Cloudy,Dry,Gsp Post 00,"[""Lap and Shoulder Belt Used"",""Lap and Shoulder Belt Used""]","[""Motor Vehicle in Motion"",""Motor Vehicle in Motion""]","[""Motor Vehicle in Motion"",""Motor Vehicle in Motion""]",,R357,228.25566729700603
2022-05-03,09:55:00,9,2022,5,3,Tuesday,33.709946,-84.401932,(O) No Injury,0.0,0.0,0.0,Atlanta,FULTON,I-7585 North,I-7585 North and University Ave,Sideswipe-Same Direction,On Roadway - Non-Intersection,Daylight,Clear,Dry,Gsp Post 00,"[""Lap and Shoulder Belt Used"",""Lap and Shoulder Belt Used""]","[""Motor Vehicle in Motion"",""Motor Vehicle in Motion""]","[""Motor Vehicle in Motion"",""Motor Vehicle in Motion""]",,310,129.87985910306938
2022-05-03,18:25:00,18,2022,5,3,Tuesday,33.743954,-84.401234,(O) No Injury,0.0,0.0,0.0,Atlanta,FULTON,I-75 I-85 South,Mlk Blvd and I-75 I-85 South,Sideswipe-Same Direction,On Roadway - Non-Intersection,Daylight,Clear,Dry,Gsp Post 00,"[""Unknown"",""Lap and Shoulder Belt Used"",""Lap and Shoulder Belt Used""]","[""Motor Vehicle in Motion"",""Motor Vehicle in Motion""]","[""Motor Vehicle in Motion"",""Motor Vehicle in Motion""]",,315,168.8904634702023
2022-05-03,11:45:00,11,2022,5,3,Tuesday,33.796197,-84.394767,(O) No Injury,0.0,0.0,0.0,Atlanta,FULTON,I-7585 S,I-7585 S and Williams St,Rear End,On Roadway - Non-Intersection,Daylight,Clear,Dry,Gsp Post 00,"[""Lap and Shoulder Belt Used"",""Lap and Shoulder Belt Used""]","[""Motor Vehicle in Motion"",""Motor Vehicle in Motion""]","[""Motor Vehicle in Motion"",""Motor Vehicle in Motion""]",Following Too Close,R356,49.82055342885835
2022-05-03,21:00:00,21,2022,5,3,Tuesday,33.742771,-84.403202,(C) Possible Injury / Complaint,0.0,0.0,0.0,Atlanta,FULTON,I-20,I-20 and Exit 57,Sideswipe-Same Direction,On Roadway - Non-Intersection,Dark-Lighted,Clear,Dry,Atlanta Police Department,Lap and Shoulder Belt Used,"[""Motor Vehicle in Motion"",""Motor Vehicle in Motion""]",Motor Vehicle in Motion,Changed Lanes Improperly,315,61.473826571988624
2022-05-04,12:30:00,12,2022,5,4,Wednesday,33.806829,-84.380361,(O) No Injury,0.0,0.0,0.0,Atlanta,FULTON,I-85,I-85 and Exit 86,Sideswipe-Same Direction,On Roadway - Non-Intersection,Daylight,Clear,Dry,Atlanta Police Department,"[""Unknown"",""Unknown""]","[""Motor Vehicle in Motion"",""Motor Vehicle in Motion""]","[""Motor Vehicle in Motion"",""Motor Vehicle in Motion""]",Changed Lanes Improperly,322,64.39786378499724
2022-05-04,07:27:00,7,2022,5,4,Wednesday,33.759385,-84.378344,(C) Possible Injury / Complaint,0.0,0.0,0.0,Atlanta,FULTON,Fort St Ne,Fort St Ne and John Lewis Freedom Pkwy Ne,Angle Crash,On Roadway - Roadway Intersection,Daylight,Cloudy,Dry,Atlanta Police Department,"[""Unknown"",""Unknown"",""Unknown"",""Lap and Shoulder Belt Used""]","[""Motor Vehicle in Motion"",""Motor Vehicle in Motion""]","[""Motor Vehicle in Motion"",""Motor Vehicle in Motion""]",Disregard Stop Sign/Signal,9,73.11078710435534
2022-05-04,18:08:00,18,2022,5,4,Wednesday,33.793805,-84.392903,(O) No Injury,0.0,0.0,0.0,Atlanta,FULTON,I-85,None and I-85,Sideswipe-Same Direction,On Roadway - Non-Intersection,Daylight,Clear,Dry,Atlanta Police Department,"[""Lap and Shoulder Belt Used"",""Lap and Shoulder Belt Used""]","[""Motor Vehicle in Motion"",""Motor Vehicle in Motion""]","[""Motor Vehicle in Motion"",""Motor Vehicle in Motion""]","[""Changed Lanes Improperly"",""Changed Lanes Improperly""]",R378,160.54325918177412
2022-05-04,16:45:00,16,2022,5,4,Wednesday,33.798075,-84.393198,(O) No Injury,0.0,0.0,0.0,Atlanta,FULTON,I-85,None and I-85,Rear End,On Roadway - Non-Intersection,Daylight,Rain,Wet,Atlanta Police Department,"[""Unknown"",""Unknown""]","[""Motor Vehicle in Motion"",""Motor Vehicle in Motion""]","[""Motor Vehicle in Motion"",""Motor Vehicle in Motion""]",Following Too Close,R365,98.7875388983176
2022-05-04,07:00:00,7,2022,5,4,Wednesday,33.759267,-84.379474,(O) No Injury,0.0,0.0,0.0,Atlanta,FULTON,I-75,I-75 and Ellis St Ne,Rear End,On Roadway - Non-Intersection,Daylight,Clear,Dry,Atlanta Police Department,"[""Unknown"",""Unknown"",""Unknown""]","[""Motor Vehicle in Motion"",""Motor Vehicle in Motion""]","[""Motor Vehicle in Motion"",""Motor Vehicle in Motion""]",Following Too Close,9,113.62736281828316
2022-05-05,12:10:00,12,2022,5,5,Thursday,33.808166,-84.378524,(C) Possible Injury / Complaint,0.0,0.0,0.0,Atlanta,FULTON,I-85 North,I-85 North and Exit Ramp To Ga 13 N,Sideswipe-Same Direction,On Roadway - Non-Intersection,Daylight,Clear,Dry,Gsp Post 00,"[""Lap and Shoulder Belt Used"",""Lap and Shoulder Belt Used""]","[""Motor Vehicle in Motion"",""Motor Vehicle in Motion""]","[""Motor Vehicle in Motion"",""Motor Vehicle in Motion""]",Failure to Yield,322,164.13023661897105
2022-05-05,15:00:00,15,2022,5,5,Thursday,33.741617,-84.402894,(C) Possible Injury / Complaint,0.0,0.0,0.0,Atlanta,FULTON,Fulton St Sw,Fulton St Sw and Mcdaniel St Sw,Angle Crash,On Roadway - Roadway Intersection,Daylight,Clear,Dry,Atlanta Police Department,"[""Unknown"",""Unknown"",""Unknown"",""Unknown""]","[""Motor Vehicle in Motion"",""Motor Vehicle in Motion""]","[""Motor Vehicle in Motion"",""Motor Vehicle in Motion""]",,315,146.76411846026735
2022-05-05,15:59:00,15,2022,5,5,Thursday,33.760142,-84.37924,(O) No Injury,0.0,0.0,0.0,Atlanta,FULTON,I-7585 Sb,I-7585 Sb and John Lewis Freedom Parkway,Sideswipe-Same Direction,On Roadway - Non-Intersection,Daylight,Clear,Dry,Gsp Post 00,"[""Unknown"",""Lap and Shoulder Belt Used"",""Lap and Shoulder Belt Used""]","[""Motor Vehicle in Motion"",""Motor Vehicle in Motion""]","[""Motor Vehicle in Motion"",""Motor Vehicle in Motion""]",,9,173.72294948066587
2022-05-05,22:30:00,22,2022,5,5,Thursday,33.793771,-84.392453,(B) Suspected Minor/Visible Injury,0.0,0.0,6.0,Atlanta,FULTON,I-85,None and I-85,Angle Crash,On Roadway - Non-Intersection,Dark-Lighted,Clear,Dry,Atlanta Police Department,"[""Unknown"",""Unknown"",""None Used"",""Unknown"",""Unknown"",""Unknown""]","[""Motor Vehicle in Motion"",""Motor Vehicle in Motion"",""Motor Vehicle in Motion""]","[""Motor Vehicle in Motion"",""Motor Vehicle in Motion"",""Motor Vehicle in Motion""]","[""Driver Lost Control"",""Too Fast for Conditions""]",R378,146.92113785289223
2022-05-05,10:05:00,10,2022,5,5,Thursday,33.760546,-84.379543,(O) No Injury,0.0,0.0,0.0,Atlanta,FULTON,I-7585 North,Edgewood Ave and I-7585 North,Sideswipe-Same Direction,On Roadway - Non-Intersection,Daylight,Clear,Dry,Gsp Post 00,"[""Unknown"",""Lap and Shoulder Belt Used""]","[""Motor Vehicle in Motion"",""Motor Vehicle in Motion""]","[""Motor Vehicle in Motion"",""Motor Vehicle in Motion""]",Changed Lanes Improperly,9,226.35954504460943
2022-05-05,10:50:00,10,2022,5,5,Thursday,33.796906,-84.396076,(C) Possible Injury / Complaint,0.0,0.0,0.0,Atlanta,FULTON,Deering Rd Nw,Loring Dr Nw and Deering Rd Nw,Rear End,On Roadway - Roadway Intersection,Daylight,Clear,Dry,Atlanta Police Department,"[""Lap and Shoulder Belt Used"",""Lap and Shoulder Belt Used"",""Lap and Shoulder Belt Used""]","[""Motor Vehicle in Motion"",""Motor Vehicle in Motion""]","[""Motor Vehicle in Motion"",""Motor Vehicle in Motion""]",Following Too Close,R356,167.9307439005719
2022-05-05,15:43:00,15,2022,5,5,Thursday,33.758945,-84.47744,(B) Suspected Minor/Visible Injury,0.0,0.0,1.0,Atlanta,FULTON,I-20 Eb,I-20 Eb and Linkwood Rd,Sideswipe-Same Direction,On Roadway - Non-Intersection,Daylight,Clear,Dry,Gsp Post 00,"[""Lap and Shoulder Belt Used"",""Lap and Shoulder Belt Used"",""Lap and Shoulder Belt Used""]","[""Motor Vehicle in Motion"",""Motor Vehicle in Motion"",""Motor Vehicle in Motion""]","[""Motor Vehicle in Motion"",""Motor Vehicle in Motion"",""Motor Vehicle in Motion""]",Changed Lanes Improperly,313,130.20155973927749
2022-05-05,19:30:00,19,2022,5,5,Thursday,33.743944,-84.379327,(O) No Injury,0.0,0.0,0.0,Atlanta,FULTON,Hill St Se,Exit 58B and Hill St Se,Sideswipe-Opposite Direction,On Roadway - Driveway Intersection,Daylight,Clear,Dry,Atlanta Police Department,"[""Lap and Shoulder Belt Used"",""Lap and Shoulder Belt Used""]","[""Motor Vehicle in Motion"",""Motor Vehicle in Motion""]","[""Motor Vehicle in Motion"",""Motor Vehicle in Motion""]",Failure to Yield,77,106.97740706327276
2022-05-06,12:22:00,12,2022,5,6,Friday,33.758945,-84.37928,(O) No Injury,0.0,0.0,0.0,Atlanta,FULTON,I-7585 Sb,Ellis St and I-7585 Sb,Rear End,On Roadway - Non-Intersection,Daylight,Clear,Dry,Gsp Post 00,"[""Lap and Shoulder Belt Used"",""Lap and Shoulder Belt Used""]","[""Motor Vehicle in Motion"",""Motor Vehicle in Motion""]","[""Motor Vehicle in Motion"",""Motor Vehicle in Motion""]",Following Too Close,9,82.30682518801191
2022-05-06,03:18:00,3,2022,5,6,Friday,33.806515,-84.38075,(O) No Injury,0.0,0.0,0.0,Atlanta,FULTON,I-85,None and I-85,Sideswipe-Same Direction,On Roadway - Non-Intersection,Dark-Lighted,Clear,Dry,Atlanta Police Department,"[""Unknown"",""Lap and Shoulder Belt Used""]","[""Motor Vehicle in Motion"",""Motor Vehicle in Motion""]","[""Motor Vehicle in Motion"",""Motor Vehicle in Motion""]",Changed Lanes Improperly,322,113.23373924624715
2022-05-06,10:55:00,10,2022,5,6,Friday,33.710768,-84.401626,(O) No Injury,0.0,0.0,0.0,Atlanta,FULTON,7585 North,7585 North and Langford Pkwy,Rear End,On Roadway - Non-Intersection,Daylight,Cloudy,Dry,Gsp Post 00,"[""Lap Belt Only Used"",""Lap and Shoulder Belt Used""]","[""Motor Vehicle in Motion"",""Motor Vehicle in Motion""]","[""Motor Vehicle in Motion"",""Motor Vehicle in Motion""]","[""Following Too Close"",""Too Fast for Conditions""]",310,225.30209609370488
2022-05-06,12:11:00,12,2022,5,6,Friday,33.807934,-84.379283,(C) Possible Injury / Complaint,0.0,0.0,0.0,Atlanta,FULTON,I-85 S,I-85 S and Armour Drive,Sideswipe-Same Direction,On Roadway - Non-Intersection,Daylight,Cloudy,Wet,Gsp Post 00,"[""Lap and Shoulder Belt Used"",""Lap and Shoulder Belt Used"",""Lap and Shoulder Belt Used"",""Lap and Shoulder Belt Used"",""Lap and Shoulder Belt Used""]","[""Motor Vehicle in Motion"",""Motor Vehicle in Motion""]","[""Motor Vehicle in Motion"",""Motor Vehicle in Motion""]",Changed Lanes Improperly,322,102.76813887660153
2022-05-06,13:00:00,13,2022,5,6,Friday,33.756844,-84.378668,(O) No Injury,0.0,0.0,0.0,Atlanta,FULTON,I-75,I-75 and John Wesley Dobbs Ave Ne,Rear End,On Roadway - Non-Intersection,Daylight,Clear,Dry,Atlanta Police Department,"[""Lap and Shoulder Belt Used"",""Lap and Shoulder Belt Used""]","[""Motor Vehicle in Motion"",""Motor Vehicle in Motion""]","[""Motor Vehicle in Motion"",""Motor Vehicle in Motion""]",Following Too Close,9,210.41900026682
2022-05-07,20:00:00,20,2022,5,7,Saturday,33.760149,-84.379245,(O) No Injury,0.0,0.0,0.0,Atlanta,FULTON,I-75,I-75 and Andrew Young International Blvd Ne,Rear End,Entrance/Exit Ramp,Dark-Lighted,Clear,Dry,Atlanta Police Department,"[""Unknown"",""Unknown"",""Unknown"",""Unknown"",""Unknown"",""Unknown"",""Unknown""]","[""Highway Traffic Sign Post"",""Highway Traffic Sign Post"",""Highway Traffic Sign Post""]","[""Motor Vehicle in Motion"",""Motor Vehicle in Motion"",""Motor Vehicle in Motion""]",Changed Lanes Improperly,9,174.62362132279037
2022-05-07,17:28:00,17,2022,5,7,Saturday,33.743505,-84.379428,(O) No Injury,0.0,0.0,0.0,Atlanta,FULTON,I-20,None and I-20,Rear End,On Roadway - Non-Intersection,Daylight,Clear,Dry,Atlanta Police Department,"[""Lap and Shoulder Belt Used"",""Lap and Shoulder Belt Used""]","[""Motor Vehicle in Motion"",""Motor Vehicle in Motion""]","[""Motor Vehicle in Motion"",""Motor Vehicle in Motion""]",Following Too Close,77,79.49580085324396
2022-05-07,00:15:00,0,2022,5,7,Saturday,33.742349,-84.404583,(O) No Injury,0.0,0.0,0.0,Atlanta,FULTON,I-20,None and I-20,Sideswipe-Same Direction,"On Roadway - Managed Lane (HOV, HOT, Reversible)",Dark-Lighted,Clear,Dry,Atlanta Police Department,"[""Unknown"",""Unknown"",""Unknown""]","[""Motor Vehicle in Motion"",""Motor Vehicle in Motion""]","[""Motor Vehicle in Motion"",""Motor Vehicle in Motion""]",,315,197.5758101632195
2022-05-07,13:48:00,13,2022,5,7,Saturday,33.743499,-84.379598,(O) No Injury,0.0,0.0,0.0,Atlanta,FULTON,I-20,None and I-20,Rear End,On Roadway - Non-Intersection,Daylight,Clear,Dry,Atlanta Police Department,"[""Unknown"",""Lap and Shoulder Belt Used""]","[""Motor Vehicle in Motion"",""Motor Vehicle in Motion""]","[""Motor Vehicle in Motion"",""Motor Vehicle in Motion""]",Following Too Close,77,93.11425194697902
2022-05-07,18:00:00,18,2022,5,7,Saturday,33.741204,-84.37894,(O) No Injury,0.0,0.0,0.0,Atlanta,FULTON,Hill St Se,Hill St Se and Sydney St Se,Angle Crash,On Roadway - Roadway Intersection,Daylight,Clear,Dry,Atlanta Police Department,"[""Lap and Shoulder Belt Used"",""Lap and Shoulder Belt Used""]","[""Motor Vehicle in Motion"",""Motor Vehicle in Motion""]","[""Motor Vehicle in Motion"",""Motor Vehicle in Motion""]",,77,216.05329846031168
2022-05-07,01:30:00,1,2022,5,7,Saturday,33.685277,-84.398895,(O) No Injury,0.0,0.0,0.0,Atlanta,FULTON,I-75,None and I-75,Head On,On Roadway - Non-Intersection,Dark-Not Lighted,Clear,Dry,Atlanta Police Department,"[""Lap and Shoulder Belt Used"",""Lap and Shoulder Belt Used""]","[""Motor Vehicle in Motion"",""Motor Vehicle in Motion""]","[""Motor Vehicle in Motion"",""Motor Vehicle in Motion""]","[""Following Too Close"",""Changed Lanes Improperly""]",R357,231.61468830502125
2022-05-08,01:00:00,1,2022,5,8,Sunday,33.757961,-84.380229,(O) No Injury,0.0,0.0,0.0,Atlanta,FULTON,John Wesley Dobbs Ave Ne,Jesse Hill Jr Dr Ne and John Wesley Dobbs Ave Ne,Angle Crash,On Roadway - Non-Intersection,Dark-Lighted,Clear,Dry,Atlanta Police Department,Unknown,"[""Motor Vehicle in Motion"",""Motor Vehicle in Motion""]","[""Motor Vehicle in Motion"",""Motor Vehicle in Motion""]",,9,187.28847047988128
2022-05-09,08:37:00,8,2022,5,9,Monday,33.765008,-84.492945,(O) No Injury,0.0,0.0,0.0,Atlanta,FULTON,I-285 North,I-20 East and I-285 North,Sideswipe-Same Direction,On Roadway - Non-Intersection,Daylight,Clear,Dry,Gsp Post 00,"[""Lap and Shoulder Belt Used"",""Lap and Shoulder Belt Used"",""Lap and Shoulder Belt Used""]","[""Motor Vehicle in Motion"",""Motor Vehicle in Motion""]","[""Motor Vehicle in Motion"",""Motor Vehicle in Motion""]",,R376,201.57963828999027
2022-05-10,15:57:00,15,2022,5,10,Tuesday,33.798499,-84.395756,(O) No Injury,0.0,0.0,0.0,Atlanta,FULTON,I-75 N,I-75 N and 17Th Street,Sideswipe-Same Direction,On Roadway - Non-Intersection,Daylight,Clear,Dry,Gsp Post 00,"[""Lap and Shoulder Belt Used"",""Lap and Shoulder Belt Used""]","[""Motor Vehicle in Motion"",""Motor Vehicle in Motion""]","[""Motor Vehicle in Motion"",""Motor Vehicle in Motion""]",Changed Lanes Improperly,R365,182.97761666341825
2022-05-10,10:35:00,10,2022,5,10,Tuesday,33.743473,-84.377395,(O) No Injury,0.0,0.0,0.0,Atlanta,FULTON,I-20 W,I-20 W and Hill St,Rear End,On Roadway - Non-Intersection,Daylight,Clear,Dry,Gsp Post 00,"[""Lap and Shoulder Belt Used"",""Lap and Shoulder Belt Used""]","[""Motor Vehicle in Motion"",""Motor Vehicle in Motion""]","[""Motor Vehicle in Motion"",""Motor Vehicle in Motion""]",Following Too Close,77,125.59392026260932
2022-05-10,18:29:00,18,2022,5,10,Tuesday,33.743473,-84.377393,(O) No Injury,0.0,0.0,0.0,Atlanta,FULTON,I-20 Wb,I-20 Wb and Hill Street,Rear End,On Roadway - Non-Intersection,Daylight,Clear,Dry,Gsp Post 00,"[""Lap and Shoulder Belt Used"",""Lap and Shoulder Belt Used""]","[""Motor Vehicle in Motion"",""Motor Vehicle in Motion""]","[""Motor Vehicle in Motion"",""Motor Vehicle in Motion""]",Changed Lanes Improperly,77,125.77111285536768
2022-05-10,08:20:00,8,2022,5,10,Tuesday,33.797254,-84.392842,(O) No Injury,0.0,0.0,0.0,Atlanta,FULTON,I-85Nb,I-85Nb and 17Th St,Sideswipe-Same Direction,On Roadway - Non-Intersection,Daylight,Clear,Dry,Gsp Post 00,"[""Lap and Shoulder Belt Used"",""Lap and Shoulder Belt Used""]","[""Motor Vehicle in Motion"",""Motor Vehicle in Motion""]","[""Motor Vehicle in Motion"",""Motor Vehicle in Motion""]","[""Changed Lanes Improperly"",""Changed Lanes Improperly""]",R365,122.69296316066624
2022-05-10,19:03:00,19,2022,5,10,Tuesday,33.674836,-84.397485,(A) Suspected Serious Injury,0.0,1.0,0.0,Atlanta,FULTON,I-75 North,I-75 North and Cleveland Avenue,Not a Collision with Motor Vehicle,Median,Daylight,Clear,Dry,Gsp Post 00,Motorcycle Helmet,Median Barrier,Over Turn,Driver Lost Control,309,165.90790822612522
2022-05-11,18:02:00,18,2022,5,11,Wednesday,33.743899,-84.400966,(O) No Injury,0.0,0.0,0.0,Atlanta,FULTON,I-20E,I-75N and I-20E,Rear End,On Roadway - Non-Intersection,Daylight,Clear,Dry,Atlanta Police Department,"[""Lap and Shoulder Belt Used"",""Lap and Shoulder Belt Used""]","[""Motor Vehicle in Motion"",""Motor Vehicle in Motion""]","[""Motor Vehicle in Motion"",""Motor Vehicle in Motion""]",Following Too Close,315,184.04056699214937
2022-05-11,16:00:00,16,2022,5,11,Wednesday,33.764019,-84.491918,(O) No Injury,0.0,0.0,0.0,Atlanta,FULTON,I-20,None and I-20,Rear End,On Roadway - Non-Intersection,Daylight,Clear,Dry,Atlanta Police Department,"[""Unknown"",""Unknown""]","[""Motor Vehicle in Motion"",""Motor Vehicle in Motion""]","[""Motor Vehicle in Motion"",""Motor Vehicle in Motion""]",Following Too Close,R376,56.92618363292821
2022-05-11,15:15:00,15,2022,5,11,Wednesday,33.759583,-84.378394,(C) Possible Injury / Complaint,0.0,0.0,0.0,Atlanta,FULTON,Fort St Ne,Fort St Ne and John Lewis Freedom Pkwy Ne,Sideswipe-Same Direction,On Roadway - Roadway Intersection,Daylight,Clear,Dry,Atlanta Police Department,"[""Unknown"",""Unknown""]","[""Motor Vehicle in Motion"",""Motor Vehicle in Motion""]","[""Motor Vehicle in Motion"",""Motor Vehicle in Motion""]",Changed Lanes Improperly,9,94.70280438954244
2022-05-11,00:30:00,0,2022,5,11,Wednesday,33.697684,-84.421752,(C) Possible Injury / Complaint,0.0,0.0,0.0,Atlanta,FULTON,Langford Pkwy,Langford Pkwy and Perkerson Road Sw,Rear End,On Roadway - Non-Intersection,Dark-Lighted,Clear,Dry,Atlanta Police Department,"[""Unknown"",""Unknown""]","[""Motor Vehicle in Motion"",""Motor Vehicle in Motion""]","[""Motor Vehicle in Motion"",""Motor Vehicle in Motion""]","[""Driver Lost Control"",""Following Too Close""]",113,241.58073853908
2022-05-11,08:32:00,8,2022,5,11,Wednesday,33.798755,-84.396312,(O) No Injury,0.0,0.0,0.0,Atlanta,FULTON,I-75,None and I-75,Sideswipe-Same Direction,On Roadway - In Crosswalk,Daylight,Clear,Dry,Atlanta Police Department,"[""Lap and Shoulder Belt Used"",""Lap and Shoulder Belt Used"",""Lap and Shoulder Belt Used""]","[""Motor Vehicle in Motion"",""Motor Vehicle in Motion"",""Motor Vehicle in Motion""]","[""Motor Vehicle in Motion"",""Motor Vehicle in Motion"",""Motor Vehicle in Motion""]",Changed Lanes Improperly,R365,241.6769334457888
2022-05-11,10:55:00,10,2022,5,11,Wednesday,33.793119,-84.392556,(C) Possible Injury / Complaint,0.0,0.0,0.0,Atlanta,FULTON,I-85,None and I-85,Rear End,On Roadway - Non-Intersection,Daylight,Clear,Dry,Atlanta Police Department,"[""Lap and Shoulder Belt Used"",""Lap and Shoulder Belt Used""]","[""Motor Vehicle in Motion"",""Motor Vehicle in Motion""]","[""Motor Vehicle in Motion"",""Motor Vehicle in Motion""]",Following Too Close,R378,219.2775807718914