Date,Time,Hour,Year,Month,Day,DayOfWeek,Crash Latitude,Crash Longitude,KABCO Severity,# of Fatalities per Crash,# Serious Injuries,# Visible Injuries,Geolocated City,Geolocated County,Roadway (From Crash Report),Intersection Name (from Crash Report),Manner of Collision (Crash Level),Location at Impact (Crash Level),Light Conditions (Crash Level),Weather Conditions (Crash Level),Surface Condition (Crash Level),Agency Name (Crash Level),Safety Equipment (Crash Level),First Harmful Event (Unit Order),Most Harmful Event (Crash Level),"Operator/Pedestrian Contrib Factor (excl None, Other, No Contrib Factors)",join_id,Crash_to_TMAS_m
2022-05-12,08:30:00,8,2022,5,12,Thursday,33.80664,-84.381056,(O) No Injury,0.0,0.0,0.0,Atlanta,FULTON,I-85S,I-85S and Armour Dr,Rear End,On Roadway - Non-Intersection,Daylight,Clear,Dry,Gsp Post 00,"[""Lap and Shoulder Belt Used"",""Lap and Shoulder Belt Used""]","[""Motor Vehicle in Motion"",""Motor Vehicle in Motion""]","[""Motor Vehicle in Motion"",""Motor Vehicle in Motion""]",Inattentive or Other Distraction (Distracted),322,131.7222233542476
2022-05-12,18:03:00,18,2022,5,12,Thursday,33.798901,-84.39257,(O) No Injury,0.0,0.0,0.0,Atlanta,FULTON,I-85,None and I-85,Rear End,On Roadway - Non-Intersection,Dark-Lighted,Clear,Dry,Atlanta Police Department,"[""Lap and Shoulder Belt Used"",""Lap and Shoulder Belt Used""]","[""Motor Vehicle in Motion"",""Motor Vehicle in Motion""]","[""Motor Vehicle in Motion"",""Motor Vehicle in Motion""]",Following Too Close,R365,202.29637063387187
2022-05-12,09:44:00,9,2022,5,12,Thursday,33.759755,-84.378515,(O) No Injury,0.0,0.0,0.0,Atlanta,FULTON,Fort St Ne,Fort St Ne and Andrew Young International Blvd Ne,Sideswipe-Same Direction,On Roadway - Non-Intersection,Daylight,Clear,Dry,Atlanta Police Department,"[""Unknown"",""Unknown"",""Unknown""]","[""Motor Vehicle in Motion"",""Motor Vehicle in Motion""]","[""Motor Vehicle in Motion"",""Motor Vehicle in Motion""]","[""Changed Lanes Improperly"",""Changed Lanes Improperly""]",9,114.00064190224572
2022-05-12,16:50:00,16,2022,5,12,Thursday,33.707593,-84.403188,(O) No Injury,0.0,0.0,0.0,Atlanta,FULTON,I-7585 Southbound Lanes,Langford Parkway (166) and I-7585 Southbound Lanes,Sideswipe-Same Direction,On Roadway - Non-Intersection,Daylight,Clear,Dry,Gsp Post 00,"[""Lap and Shoulder Belt Used"",""Lap and Shoulder Belt Used""]","[""Motor Vehicle in Motion"",""Motor Vehicle in Motion""]","[""Motor Vehicle in Motion"",""Motor Vehicle in Motion""]","[""Changed Lanes Improperly"",""Changed Lanes Improperly""]",310,159.62129608139446
2022-05-13,12:27:00,12,2022,5,13,Friday,33.760142,-84.37924,(O) No Injury,0.0,0.0,0.0,Atlanta,FULTON,I-7585 Nb,I-20 and I-7585 Nb,Sideswipe-Same Direction,On Roadway - Non-Intersection,Daylight,Clear,Dry,Gsp Post 00,"[""Lap and Shoulder Belt Used"",""Lap and Shoulder Belt Used"",""Lap and Shoulder Belt Used"",""Lap and Shoulder Belt Used""]","[""Motor Vehicle in Motion"",""Motor Vehicle in Motion""]","[""Motor Vehicle in Motion"",""Motor Vehicle in Motion""]",Changed Lanes Improperly,9,173.72294948066587
2022-05-13,17:00:00,17,2022,5,13,Friday,33.764636,-84.492563,(O) No Injury,0.0,0.0,0.0,Atlanta,FULTON,I-20,None and I-20,Rear End,On Roadway - Non-Intersection,Daylight,Clear,Dry,Atlanta Police Department,"[""Lap and Shoulder Belt Used"",""Lap and Shoulder Belt Used""]","[""Motor Vehicle in Motion"",""Motor Vehicle in Motion""]","[""Motor Vehicle in Motion"",""Motor Vehicle in Motion""]",Following Too Close,R376,147.27374915784085
2022-05-13,13:45:00,13,2022,5,13,Friday,33.742586,-84.403598,(C) Possible Injury / Complaint,0.0,0.0,0.0,Atlanta,FULTON,I-20 East,I-20 East and Mcdaniel Street Overpass,Rear End,On Roadway - Non-Intersection,Daylight,Clear,Dry,Gsp Post 00,"[""Lap and Shoulder Belt Used"",""Lap and Shoulder Belt Used"",""Child Restraint System (Properly Used)"",""Lap and Shoulder Belt Used"",""Lap and Shoulder Belt Used"",""Lap and Shoulder Belt Used"",""Lap and Shoulder Belt Used""]","[""Motor Vehicle in Motion"",""Motor Vehicle in Motion"",""Motor Vehicle in Motion""]","[""Motor Vehicle in Motion"",""Motor Vehicle in Motion"",""Motor Vehicle in Motion""]",Following Too Close,315,102.7101464318073
2022-05-13,02:40:00,2,2022,5,13,Friday,33.793917,-84.391724,(A) Suspected Serious Injury,0.0,1.0,0.0,Atlanta,FULTON,I-75,None and I-75,Not a Collision with Motor Vehicle,Off Roadway,Dark-Lighted,Clear,Dry,Atlanta Police Department,Unknown,Embankment,Embankment,Driver Lost Control,R378,127.19751959205708
2022-05-13,14:43:00,14,2022,5,13,Friday,33.798356,-84.396086,(O) No Injury,0.0,0.0,0.0,Atlanta,FULTON,I-75 South,I-75 South and Northside Dr,Rear End,On Roadway - Non-Intersection,Daylight,Cloudy,Dry,Gsp Post 00,"[""Lap and Shoulder Belt Used"",""Lap and Shoulder Belt Used""]","[""Motor Vehicle in Motion"",""Motor Vehicle in Motion""]","[""Motor Vehicle in Motion"",""Motor Vehicle in Motion""]",Following Too Close,R365,202.18842240447404
2022-05-14,21:52:00,21,2022,5,14,Saturday,33.806953,-84.380648,(C) Possible Injury / Complaint,0.0,0.0,0.0,Atlanta,FULTON,I-85,None and I-85,Rear End,"On Roadway - Managed Lane (HOV, HOT, Reversible)",Dark-Lighted,Clear,Dry,Atlanta Police Department,"[""Unknown"",""Unknown"",""Unknown"",""Unknown""]","[""Motor Vehicle in Motion"",""Motor Vehicle in Motion"",""Motor Vehicle in Motion""]","[""Motor Vehicle in Motion"",""Motor Vehicle in Motion"",""Motor Vehicle in Motion""]",Following Too Close,322,85.46461538410833
2022-05-14,00:50:00,0,2022,5,14,Saturday,33.742639,-84.403462,(O) No Injury,0.0,0.0,0.0,Atlanta,FULTON,Mcdaniel Street,Mcdaniel Street and I-20 East / West,Sideswipe-Same Direction,On Roadway - Roadway Intersection,Dark-Not Lighted,Clear,Dry,Gsp Post 00,"[""Unknown"",""Lap and Shoulder Belt Used""]","[""Motor Vehicle in Motion"",""Motor Vehicle in Motion""]","[""Motor Vehicle in Motion"",""Motor Vehicle in Motion""]","[""Disregard Police - Evasion"",""Exceeding Speed Limit"",""Reckless Driving""]",315,88.85002543437014
2022-05-14,13:00:00,13,2022,5,14,Saturday,33.798262,-84.396028,(O) No Injury,0.0,0.0,0.0,Atlanta,FULTON,Exit 251 Rp,None and Exit 251 Rp,Rear End,On Shoulder,Daylight,Clear,Dry,Atlanta Police Department,"[""Unknown"",""Unknown""]","[""Motor Vehicle in Motion"",""Motor Vehicle in Motion""]","[""Motor Vehicle in Motion"",""Motor Vehicle in Motion""]",Following Too Close,R365,193.1096496767541
2022-05-14,18:00:00,18,2022,5,14,Saturday,33.743504,-84.379061,(C) Possible Injury / Complaint,0.0,0.0,0.0,Atlanta,FULTON,I-20 Exit 58A,None and I-20 Exit 58A,Rear End,On Roadway - Non-Intersection,Daylight,Clear,Dry,Atlanta Police Department,"[""Unknown"",""Lap and Shoulder Belt Used""]","[""Motor Vehicle in Motion"",""Motor Vehicle in Motion""]","[""Motor Vehicle in Motion"",""Motor Vehicle in Motion""]",Following Too Close,77,53.044475457032206
2022-05-14,14:26:00,14,2022,5,14,Saturday,33.758358,-84.378485,(O) No Injury,0.0,0.0,0.0,Atlanta,FULTON,I-75,I-75 and I-75 N,Rear End,On Roadway - Non-Intersection,Daylight,Clear,Dry,Atlanta Police Department,"[""Unknown"",""Unknown"",""Unknown""]","[""Motor Vehicle in Motion"",""Motor Vehicle in Motion"",""Motor Vehicle in Motion""]","[""Motor Vehicle in Motion"",""Motor Vehicle in Motion"",""Motor Vehicle in Motion""]",Following Too Close,9,41.5885353509383
2022-05-14,00:30:00,0,2022,5,14,Saturday,33.807413,-84.379303,(O) No Injury,0.0,0.0,0.0,Atlanta,FULTON,I-85 Exit 86 Rp,None and I-85 Exit 86 Rp,Rear End,Entrance/Exit Ramp,Dark-Lighted,Clear,Dry,Atlanta Police Department,"[""Unknown"",""Unknown"",""Unknown"",""Unknown"",""Unknown""]","[""Motor Vehicle in Motion"",""Motor Vehicle in Motion""]","[""Motor Vehicle in Motion"",""Motor Vehicle in Motion""]",Following Too Close,322,54.06223100081866
2022-05-14,20:11:00,20,2022,5,14,Saturday,33.797724,-84.395728,(B) Suspected Minor/Visible Injury,0.0,0.0,1.0,Atlanta,FULTON,I-75,None and I-75,Angle Crash,On Roadway - Non-Intersection,Daylight,Clear,Dry,Atlanta Police Department,"[""Unknown"",""Unknown""]","[""Motor Vehicle in Motion"",""Motor Vehicle in Motion""]","[""Motor Vehicle in Motion"",""Motor Vehicle in Motion""]",Changed Lanes Improperly,R365,151.43220153462974
2022-05-15,08:15:00,8,2022,5,15,Sunday,33.759034,-84.478055,(O) No Injury,0.0,0.0,0.0,Atlanta,FULTON,I-20,None and I-20,Rear End,On Roadway - Non-Intersection,Dawn,Cloudy,Dry,Atlanta Police Department,"[""Unknown"",""Unknown""]","[""Motor Vehicle in Motion"",""Motor Vehicle in Motion""]","[""Motor Vehicle in Motion"",""Motor Vehicle in Motion""]",Aggressive Driving,313,75.18672506917567
2022-05-15,05:00:00,5,2022,5,15,Sunday,33.74302,-84.402683,(C) Possible Injury / Complaint,0.0,0.0,0.0,Atlanta,FULTON,I-20,None and I-20,Not a Collision with Motor Vehicle,On Roadway - Non-Intersection,Dark-Lighted,Clear,Dry,Atlanta Police Department,Unknown,Other Object (Not Fixed),Other Object (Not Fixed),,315,16.70149273920215
2022-05-15,17:22:00,17,2022,5,15,Sunday,33.743474,-84.379341,(O) No Injury,0.0,0.0,0.0,Atlanta,FULTON,Hill St Se,I-20 W and Hill St Se,Sideswipe-Same Direction,On Roadway - Non-Intersection,Daylight,Clear,Dry,Atlanta Police Department,"[""Unknown"",""Unknown""]","[""Motor Vehicle in Motion"",""Motor Vehicle in Motion""]","[""Motor Vehicle in Motion"",""Motor Vehicle in Motion""]","[""Changed Lanes Improperly"",""Changed Lanes Improperly""]",77,70.81356790070645
2022-05-16,00:00:00,0,2022,5,16,Monday,33.806901,-84.378496,(O) No Injury,0.0,0.0,0.0,Atlanta,FULTON,Ga-13 S,Ga-13 S and Armour Dr,Rear End,On Roadway - Non-Intersection,Daylight,Clear,Dry,Gsp Post 00,"[""Unknown"",""Lap and Shoulder Belt Used""]","[""Motor Vehicle in Motion"",""Motor Vehicle in Motion""]","[""Motor Vehicle in Motion"",""Motor Vehicle in Motion""]",Following Too Close,322,117.11621185839591
2022-05-16,17:49:00,17,2022,5,16,Monday,33.757662,-84.378391,(O) No Injury,0.0,0.0,0.0,Atlanta,FULTON,I-7585 South,I-7585 South and Martin Luther King Jr Dr,Sideswipe-Same Direction,On Roadway - Non-Intersection,Daylight,Clear,Dry,Gsp Post 00,"[""Unknown"",""Lap and Shoulder Belt Used""]","[""Motor Vehicle in Motion"",""Motor Vehicle in Motion""]","[""Motor Vehicle in Motion"",""Motor Vehicle in Motion""]",Misjudged Clearance,9,118.55428528668008
2022-05-16,21:30:00,21,2022,5,16,Monday,33.742836,-84.403582,(O) No Injury,0.0,0.0,0.0,Atlanta,FULTON,I-20,I-20 and Mcdaniel St Sw,Sideswipe-Same Direction,On Roadway - Non-Intersection,Dark-Lighted,Clear,Dry,Atlanta Police Department,"[""Unknown"",""Unknown""]","[""Motor Vehicle in Motion"",""Motor Vehicle in Motion""]","[""Motor Vehicle in Motion"",""Motor Vehicle in Motion""]",Other Activity - Mobile Device (Distracted),315,95.085618486344
2022-05-17,14:25:00,14,2022,5,17,Tuesday,33.796253,-84.393684,(O) No Injury,0.0,0.0,0.0,Atlanta,FULTON,I-7585N,17Th St and I-7585N,Sideswipe-Same Direction,On Roadway - Non-Intersection,Daylight,Clear,Dry,Gsp Post 00,"[""Lap and Shoulder Belt Used"",""Lap and Shoulder Belt Used""]","[""Motor Vehicle in Motion"",""Motor Vehicle in Motion""]","[""Motor Vehicle in Motion"",""Motor Vehicle in Motion""]",,R356,65.36394949152289
2022-05-17,16:35:00,16,2022,5,17,Tuesday,33.764504,-84.492749,(O) No Injury,0.0,0.0,0.0,Atlanta,FULTON,I-285 North,I-20 West and I-285 North,Rear End,On Roadway - Non-Intersection,Daylight,Clear,Dry,Gsp Post 00,"[""Lap and Shoulder Belt Used"",""Lap and Shoulder Belt Used""]","[""Motor Vehicle in Motion"",""Motor Vehicle in Motion""]","[""Motor Vehicle in Motion"",""Impact Attenuate""]",Following Too Close,R376,147.80220505143927
2022-05-18,08:15:00,8,2022,5,18,Wednesday,33.68514,-84.399107,(C) Possible Injury / Complaint,0.0,0.0,0.0,Atlanta,FULTON,I-75,None and I-75,Sideswipe-Same Direction,"On Roadway - Managed Lane (HOV, HOT, Reversible)",Daylight,Clear,Dry,Atlanta Police Department,"[""Unknown"",""Unknown""]","[""Motor Vehicle in Motion"",""Motor Vehicle in Motion""]","[""Motor Vehicle in Motion"",""Motor Vehicle in Motion""]",Changed Lanes Improperly,R357,224.43839790228367
2022-05-18,12:20:00,12,2022,5,18,Wednesday,33.677457,-84.398272,(O) No Injury,0.0,0.0,0.0,Atlanta,FULTON,I-75,I-75 and Exit 241,Sideswipe-Same Direction,"On Roadway - Managed Lane (HOV, HOT, Reversible)",Daylight,Clear,Dry,Atlanta Police Department,"[""Unknown"",""Lap and Shoulder Belt Used"",""Lap and Shoulder Belt Used""]","[""Motor Vehicle in Motion"",""Motor Vehicle in Motion""]","[""Motor Vehicle in Motion"",""Motor Vehicle in Motion""]",Changed Lanes Improperly,309,148.4233081635319
2022-05-18,19:10:00,19,2022,5,18,Wednesday,33.743495,-84.379686,(O) No Injury,0.0,0.0,0.0,Atlanta,FULTON,I-20,None and I-20,Rear End,On Roadway - Non-Intersection,Daylight,Clear,Dry,Atlanta Police Department,"[""Lap and Shoulder Belt Used"",""Lap and Shoulder Belt Used""]","[""Motor Vehicle in Motion"",""Motor Vehicle in Motion""]","[""Motor Vehicle in Motion"",""Motor Vehicle in Motion""]",Following Too Close,77,100.37270012904916
2022-05-18,09:30:00,9,2022,5,18,Wednesday,33.759585,-84.379668,(O) No Injury,0.0,0.0,0.0,Atlanta,FULTON,I-75,I-75 and Andrew Young International Blvd Ne,Sideswipe-Same Direction,On Roadway - Non-Intersection,Daylight,Clear,Dry,Atlanta Police Department,"[""Unknown"",""Lap and Shoulder Belt Used""]","[""Motor Vehicle in Motion"",""Motor Vehicle in Motion""]","[""Motor Vehicle in Motion"",""Motor Vehicle in Motion""]",Changed Lanes Improperly,9,148.87200867355313
2022-05-18,08:00:00,8,2022,5,18,Wednesday,33.75988,-84.379856,(O) No Injury,0.0,0.0,0.0,Atlanta,FULTON,Andrew Young International Blvd Ne,I-75 S and Andrew Young International Blvd Ne,Sideswipe-Same Direction,On Roadway - Non-Intersection,Daylight,Clear,Dry,Atlanta Police Department,"[""Lap and Shoulder Belt Used"",""Lap and Shoulder Belt Used""]","[""Motor Vehicle in Motion"",""Motor Vehicle in Motion""]","[""Motor Vehicle in Motion"",""Motor Vehicle in Motion""]",Changed Lanes Improperly,9,183.7004084186437
2022-05-19,17:00:00,17,2022,5,19,Thursday,33.806276,-84.381514,(O) No Injury,0.0,0.0,0.0,Atlanta,FULTON,I-85S,I-85S and Armour Dr,Rear End,On Roadway - Non-Intersection,Daylight,Clear,Dry,Gsp Post 00,"[""Lap and Shoulder Belt Used"",""Lap and Shoulder Belt Used""]","[""Motor Vehicle in Motion"",""Motor Vehicle in Motion""]","[""Motor Vehicle in Motion"",""Motor Vehicle in Motion""]",Following Too Close,322,187.5004155476838
2022-05-19,14:38:00,14,2022,5,19,Thursday,33.743497,-84.378655,(O) No Injury,0.0,0.0,0.0,Atlanta,FULTON,I-20 Wb,Hill St and I-20 Wb,Rear End,On Roadway - Non-Intersection,Daylight,Clear,Dry,Gsp Post 00,"[""Lap and Shoulder Belt Used"",""Lap and Shoulder Belt Used"",""Child Restraint System (Properly Used)""]","[""Motor Vehicle in Motion"",""Motor Vehicle in Motion""]","[""Motor Vehicle in Motion"",""Motor Vehicle in Motion""]",Following Too Close,77,39.74322206371957
2022-05-20,22:56:00,22,2022,5,20,Friday,33.759175,-84.378258,(O) No Injury,0.0,0.0,0.0,Atlanta,FULTON,Ellis St Ne,Ellis St Ne and John Lewis Freedom Pkwy Ne,Angle Crash,On Roadway - Roadway Intersection,Dark-Not Lighted,Clear,Dry,Atlanta Police Department,"[""Unknown"",""Unknown"",""Unknown"",""Unknown""]","[""Motor Vehicle in Motion"",""Motor Vehicle in Motion""]","[""Motor Vehicle in Motion"",""Motor Vehicle in Motion""]","[""Disregard Stop Sign/Signal"",""Disregard Stop Sign/Signal""]",9,51.88396086432903
2022-05-20,07:36:00,7,2022,5,20,Friday,33.763512,-84.492716,(C) Possible Injury / Complaint,0.0,0.0,0.0,Atlanta,FULTON,I-285 Nb,I-20 and I-285 Nb,Rear End,On Roadway - Non-Intersection,Daylight,Clear,Dry,Gsp Post 00,"[""Lap and Shoulder Belt Used"",""Lap and Shoulder Belt Used"",""Lap and Shoulder Belt Used""]","[""Motor Vehicle in Motion"",""Motor Vehicle in Motion""]","[""Motor Vehicle in Motion"",""Motor Vehicle in Motion""]",Following Too Close,R376,103.68845319670432
2022-05-20,00:49:00,0,2022,5,20,Friday,33.764364,-84.492014,(O) No Injury,0.0,0.0,0.0,Atlanta,FULTON,I-20,I-20 and I-285 N,Sideswipe-Same Direction,On Roadway - Non-Intersection,Dark-Lighted,Clear,Dry,Atlanta Police Department,"[""Lap and Shoulder Belt Used"",""Lap and Shoulder Belt Used""]","[""Motor Vehicle in Motion"",""Motor Vehicle in Motion""]","[""Motor Vehicle in Motion"",""Motor Vehicle in Motion""]",Changed Lanes Improperly,R376,95.06701007062178
2022-05-20,16:51:00,16,2022,5,20,Friday,33.743508,-84.379283,(C) Possible Injury / Complaint,0.0,0.0,0.0,Atlanta,FULTON,I-20 West,Hill St and I-20 West,Rear End,On Roadway - Non-Intersection,Daylight,Clear,Dry,Gsp Post 00,"[""Lap and Shoulder Belt Used"",""Lap and Shoulder Belt Used"",""Lap and Shoulder Belt Used"",""Lap and Shoulder Belt Used"",""Lap and Shoulder Belt Used""]","[""Motor Vehicle in Motion"",""Motor Vehicle in Motion"",""Motor Vehicle in Motion""]","[""Motor Vehicle in Motion"",""Motor Vehicle in Motion"",""Motor Vehicle in Motion""]",Following Too Close,77,68.47246087495476
2022-05-21,15:45:00,15,2022,5,21,Saturday,33.7432,-84.402853,(B) Suspected Minor/Visible Injury,0.0,0.0,1.0,Atlanta,FULTON,I-20,None and I-20,Not a Collision with Motor Vehicle,"On Roadway - Managed Lane (HOV, HOT, Reversible)",Daylight,Clear,Dry,Atlanta Police Department,Bicycle Helmet,Other Non-Collision,Median Barrier,,315,42.10574747365898
2022-05-21,14:34:00,14,2022,5,21,Saturday,33.743906,-84.379328,(O) No Injury,0.0,0.0,0.0,Atlanta,FULTON,Hill St Se,Exit 58B and Hill St Se,Rear End,Entrance/Exit Ramp,Daylight,Clear,Dry,Atlanta Police Department,"[""Lap and Shoulder Belt Used"",""Lap and Shoulder Belt Used""]","[""Motor Vehicle in Motion"",""Motor Vehicle in Motion""]","[""Motor Vehicle in Motion"",""Motor Vehicle in Motion""]",Following Too Close,77,103.5406186795966
2022-05-21,20:37:00,20,2022,5,21,Saturday,33.796561,-84.395011,(A) Suspected Serious Injury,0.0,1.0,0.0,Atlanta,FULTON,I-75,None and I-75,Rear End,On Roadway - Non-Intersection,Dark-Lighted,Clear,Dry,Atlanta Police Department,"[""Unknown"",""Unknown""]","[""Motor Vehicle in Motion"",""Motor Vehicle in Motion""]","[""Motor Vehicle in Motion"",""Motor Vehicle in Motion""]",Too Fast for Conditions,R356,62.97204691646469
2022-05-21,15:55:00,15,2022,5,21,Saturday,33.806287,-84.379762,(O) No Injury,0.0,0.0,0.0,Atlanta,FULTON,Ga-13,None and Ga-13,Rear End,On Roadway - Non-Intersection,Daylight,Clear,Dry,Atlanta Police Department,"[""Lap and Shoulder Belt Used"",""Lap and Shoulder Belt Used""]","[""Motor Vehicle in Motion"",""Motor Vehicle in Motion""]","[""Motor Vehicle in Motion"",""Motor Vehicle in Motion""]",Following Too Close,322,89.12015191010964
2022-05-21,18:14:00,18,2022,5,21,Saturday,33.806938,-84.378227,(O) No Injury,0.0,0.0,0.0,Atlanta,FULTON,Ga-13,None and Ga-13,Rear End,On Roadway - Non-Intersection,Daylight,Clear,Dry,Atlanta Police Department,"[""Lap and Shoulder Belt Used"",""Lap and Shoulder Belt Used""]","[""Motor Vehicle in Motion"",""Motor Vehicle in Motion""]","[""Motor Vehicle in Motion"",""Motor Vehicle in Motion""]",Following Too Close,322,141.15029974450465
2022-05-21,23:21:00,23,2022,5,21,Saturday,33.763911,-84.491098,(A) Suspected Serious Injury,0.0,1.0,0.0,Atlanta,FULTON,I-20,I-20 and I-285 N,Rear End,On Roadway - Non-Intersection,Dark-Lighted,Clear,Dry,Atlanta Police Department,"[""Lap and Shoulder Belt Used"",""Lap and Shoulder Belt Used"",""Lap and Shoulder Belt Used"",""Lap and Shoulder Belt Used"",""Child Restraint System (Properly Used)"",""Child Restraint System (Properly Used)""]","[""Motor Vehicle in Motion"",""Motor Vehicle in Motion"",""Motor Vehicle in Motion""]","[""Motor Vehicle in Motion"",""Motor Vehicle in Motion"",""Motor Vehicle in Motion""]",Following Too Close,R376,59.26638913010577
2022-05-21,16:40:00,16,2022,5,21,Saturday,33.806838,-84.378597,(O) No Injury,0.0,0.0,0.0,Atlanta,FULTON,Ga-13,None and Ga-13,Angle Crash,"On Roadway - Managed Lane (HOV, HOT, Reversible)",Daylight,Clear,Dry,Atlanta Police Department,"[""Lap and Shoulder Belt Used"",""Lap and Shoulder Belt Used""]","[""Motor Vehicle in Motion"",""Motor Vehicle in Motion""]","[""Motor Vehicle in Motion"",""Motor Vehicle in Motion""]",,322,109.49860924578095
2022-05-22,17:19:00,17,2022,5,22,Sunday,33.797106,-84.393301,(O) No Injury,0.0,0.0,0.0,Atlanta,FULTON,I-85,None and I-85,Not a Collision with Motor Vehicle,On Roadway - Non-Intersection,Daylight,Clear,Dry,Atlanta Police Department,Lap and Shoulder Belt Used,Motor Vehicle in Motion,Motor Vehicle in Motion,,R365,92.09948104156884
2022-05-22,20:00:00,20,2022,5,22,Sunday,33.807134,-84.379969,(O) No Injury,0.0,0.0,0.0,Atlanta,FULTON,I-85,None and I-85,Rear End,On Roadway - Non-Intersection,Daylight,Clear,Dry,Atlanta Police Department,"[""Lap and Shoulder Belt Used"",""Lap and Shoulder Belt Used"",""Lap and Shoulder Belt Used"",""Lap and Shoulder Belt Used""]","[""Motor Vehicle in Motion"",""Motor Vehicle in Motion"",""Motor Vehicle in Motion""]","[""Motor Vehicle in Motion"",""Motor Vehicle in Motion"",""Motor Vehicle in Motion""]",Following Too Close,322,21.76530265200188
2022-05-23,06:30:00,6,2022,5,23,Monday,33.798924,-84.392547,(O) No Injury,0.0,0.0,0.0,Atlanta,FULTON,I-85 S,I-85 S and Peachtree St,Angle Crash,Median,Dark-Lighted,Rain,Wet,Gsp Post 00,"[""Lap and Shoulder Belt Used"",""Lap and Shoulder Belt Used"",""Lap and Shoulder Belt Used""]","[""Median Barrier"",""Motor Vehicle in Motion"",""Motor Vehicle in Motion""]","[""Median Barrier"",""Motor Vehicle in Motion"",""Motor Vehicle in Motion""]",Too Fast for Conditions,R365,205.61013992230315
2022-05-23,18:05:00,18,2022,5,23,Monday,33.794252,-84.393132,(C) Possible Injury / Complaint,0.0,0.0,0.0,Atlanta,FULTON,I-85S,I-85S and 17Th St,Rear End,On Roadway - Non-Intersection,Daylight,Clear,Dry,Gsp Post 00,"[""Lap and Shoulder Belt Used"",""Lap and Shoulder Belt Used""]","[""Motor Vehicle in Motion"",""Motor Vehicle in Motion""]","[""Motor Vehicle in Motion"",""Motor Vehicle in Motion""]",Following Too Close,R378,136.53116441877597
2022-05-23,09:01:00,9,2022,5,23,Monday,33.743456,-84.380702,(O) No Injury,0.0,0.0,0.0,Atlanta,FULTON,I-20 Wb,I-20 Wb and Boulevard,Sideswipe-Same Direction,On Roadway - Non-Intersection,Daylight,Rain,Wet,Gsp Post 00,"[""Unknown"",""Lap and Shoulder Belt Used""]","[""Motor Vehicle in Motion"",""Motor Vehicle in Motion""]","[""Motor Vehicle in Motion"",""Motor Vehicle in Motion""]",,77,189.763485363302
2022-05-23,11:50:00,11,2022,5,23,Monday,33.786207,-84.402205,(O) No Injury,0.0,0.0,0.0,Atlanta,FULTON,14Th St Nw,14Th St Nw and Snyder St Nw,Rear End,On Roadway - Non-Intersection,Daylight,Cloudy,Dry,Atlanta Police Department,"[""Unknown"",""Unknown""]","[""Motor Vehicle in Motion"",""Motor Vehicle in Motion""]","[""Motor Vehicle in Motion"",""Motor Vehicle in Motion""]",Following Too Close,86,206.13559019131415
2022-05-23,01:15:00,1,2022,5,23,Monday,33.743309,-84.380585,(O) No Injury,0.0,0.0,0.0,Atlanta,FULTON,I-20,None and I-20,Sideswipe-Same Direction,On Roadway - Non-Intersection,Dark-Lighted,Clear,Dry,Atlanta Police Department,"[""Unknown"",""Lap and Shoulder Belt Used"",""Lap and Shoulder Belt Used"",""Lap Belt Only Used""]","[""Motor Vehicle in Motion"",""Motor Vehicle in Motion""]","[""Motor Vehicle in Motion"",""Motor Vehicle in Motion""]",Aggressive Driving,77,176.6495380787577
2022-05-23,09:30:00,9,2022,5,23,Monday,33.759667,-84.378965,(O) No Injury,0.0,0.0,0.0,Atlanta,FULTON,I-75I-85Nb,I-75I-85Nb and Freedom Pkwy,Rear End,On Roadway - Non-Intersection,Daylight,Rain,Wet,Gsp Post 00,"[""Lap and Shoulder Belt Used"",""Lap and Shoulder Belt Used"",""Lap and Shoulder Belt Used""]","[""Motor Vehicle in Motion"",""Motor Vehicle in Motion"",""Motor Vehicle in Motion""]","[""Motor Vehicle in Motion"",""Motor Vehicle in Motion"",""Motor Vehicle in Motion""]","[""Following Too Close"",""Vision Obscured""]",9,115.1817316588103
2022-05-24,16:29:00,16,2022,5,24,Tuesday,33.764396,-84.492078,(C) Possible Injury / Complaint,0.0,0.0,0.0,Atlanta,FULTON,I-20 West,I-285 and I-20 West,Rear End,On Roadway - Non-Intersection,Daylight,Clear,Dry,Gsp Post 00,"[""Lap and Shoulder Belt Used"",""Lap and Shoulder Belt Used"",""Lap and Shoulder Belt Used"",""Lap and Shoulder Belt Used""]","[""Motor Vehicle in Motion"",""Motor Vehicle in Motion"",""Motor Vehicle in Motion""]","[""Motor Vehicle in Motion"",""Motor Vehicle in Motion"",""Motor Vehicle in Motion""]","[""Other Interior Distraction (Distracted)"",""Following Too Close""]",R376,100.78773902704206