Date,Time,Hour,Year,Month,Day,DayOfWeek,Crash Latitude,Crash Longitude,KABCO Severity,# of Fatalities per Crash,# Serious Injuries,# Visible Injuries,Geolocated City,Geolocated County,Roadway (From Crash Report),Intersection Name (from Crash Report),Manner of Collision (Crash Level),Location at Impact (Crash Level),Light Conditions (Crash Level),Weather Conditions (Crash Level),Surface Condition (Crash Level),Agency Name (Crash Level),Safety Equipment (Crash Level),First Harmful Event (Unit Order),Most Harmful Event (Crash Level),"Operator/Pedestrian Contrib Factor (excl None, Other, No Contrib Factors)",join_id,Crash_to_TMAS_m
2022-05-24,17:30:00,17,2022,5,24,Tuesday,33.71067,-84.401661,(O) No Injury,0.0,0.0,0.0,Atlanta,FULTON,I-7585 North,I-7585 North and University Avenue,Rear End,On Roadway - Non-Intersection,Daylight,Cloudy,Dry,Gsp Post 00,"[""Lap and Shoulder Belt Used"",""Child Restraint System (Properly Used)"",""Lap and Shoulder Belt Used""]","[""Motor Vehicle in Motion"",""Motor Vehicle in Motion""]","[""Motor Vehicle in Motion"",""Motor Vehicle in Motion""]",Following Too Close,310,213.95762476281223
2022-05-24,23:00:00,23,2022,5,24,Tuesday,33.744267,-84.400568,(C) Possible Injury / Complaint,0.0,0.0,0.0,Atlanta,FULTON,I-20 Westbound,I-20 Westbound and Mcdaniel Street,Not a Collision with Motor Vehicle,On Roadway - Non-Intersection,Dark-Lighted,Cloudy,Dry,Gsp Post 00,Lap and Shoulder Belt Used,Other Non-Collision,Median Barrier,"[""Too Fast for Conditions"",""Driver Lost Control""]",315,238.24550821833975
2022-05-25,09:36:00,9,2022,5,25,Wednesday,33.759506,-84.378874,(O) No Injury,0.0,0.0,0.0,Atlanta,FULTON,I-75 Nb,I-75 Nb and John Lewis Freedom Pkwy Nw,Rear End,On Roadway - Non-Intersection,Daylight,Cloudy,Dry,Atlanta Police Department,"[""Lap and Shoulder Belt Used"",""Lap and Shoulder Belt Used""]","[""Motor Vehicle in Motion"",""Motor Vehicle in Motion""]","[""Motor Vehicle in Motion"",""Motor Vehicle in Motion""]",Following Too Close,9,95.42763839520696
2022-05-25,18:20:00,18,2022,5,25,Wednesday,33.807001,-84.380583,(O) No Injury,0.0,0.0,0.0,Atlanta,FULTON,I-85,None and I-85,Rear End,On Roadway - Non-Intersection,Daylight,Cloudy,Dry,Atlanta Police Department,"[""Unknown"",""Unknown""]","[""Motor Vehicle in Motion"",""Motor Vehicle in Motion""]","[""Motor Vehicle in Motion"",""Motor Vehicle in Motion""]",,322,78.70337066447335
2022-05-25,04:00:00,4,2022,5,25,Wednesday,33.793819,-84.392016,(C) Possible Injury / Complaint,0.0,0.0,0.0,Atlanta,FULTON,I-85,None and I-85,Not a Collision with Motor Vehicle,Off Roadway,Dark-Lighted,Clear,Dry,Atlanta Police Department,"[""Unknown"",""Unknown"",""Unknown""]",Motor Vehicle in Motion,Motor Vehicle in Motion,"[""Too Fast for Conditions"",""Driver Lost Control""]",R378,135.48298527903754
2022-05-25,18:45:00,18,2022,5,25,Wednesday,33.743944,-84.379296,(O) No Injury,0.0,0.0,0.0,Atlanta,FULTON,Hill St Se Exit 58B,Hill St Se and Hill St Se Exit 58B,Rear End,Entrance/Exit Ramp,Daylight,Clear,Wet,Atlanta Police Department,"[""Lap and Shoulder Belt Used"",""Lap and Shoulder Belt Used""]","[""Motor Vehicle in Motion"",""Motor Vehicle in Motion""]","[""Motor Vehicle in Motion"",""Motor Vehicle in Motion""]",Following Too Close,77,105.41868577927158
2022-05-25,18:10:00,18,2022,5,25,Wednesday,33.759559,-84.379652,(O) No Injury,0.0,0.0,0.0,Atlanta,FULTON,I-75,I-75 and Andrew Young International Blvd  Ne,Rear End,On Roadway - Non-Intersection,Daylight,Clear,Wet,Atlanta Police Department,"[""Lap and Shoulder Belt Used"",""Lap and Shoulder Belt Used""]","[""Motor Vehicle in Motion"",""Motor Vehicle in Motion""]","[""Motor Vehicle in Motion"",""Motor Vehicle in Motion""]",,9,145.89657880482392
2022-05-25,17:10:00,17,2022,5,25,Wednesday,33.808271,-84.378779,(O) No Injury,0.0,0.0,0.0,Atlanta,FULTON,I-85,None and I-85,Rear End,On Roadway - Non-Intersection,Daylight,Cloudy,Wet,Atlanta Police Department,"[""Unknown"",""Unknown"",""Unknown"",""Unknown""]","[""Motor Vehicle in Motion"",""Motor Vehicle in Motion"",""Motor Vehicle in Motion""]","[""Motor Vehicle in Motion"",""Motor Vehicle in Motion"",""Motor Vehicle in Motion""]",,322,158.4101254989741
2022-05-25,14:36:00,14,2022,5,25,Wednesday,33.759705,-84.378987,(O) No Injury,0.0,0.0,0.0,Atlanta,FULTON,I-75,I-75 and Andrew Young International Blvd Ne,Sideswipe-Same Direction,On Roadway - Non-Intersection,Daylight,Clear,Dry,Atlanta Police Department,"[""Unknown"",""Lap and Shoulder Belt Used""]","[""Motor Vehicle in Motion"",""Motor Vehicle in Motion""]","[""Motor Vehicle in Motion"",""Motor Vehicle in Motion""]",,9,119.86501110216052
2022-05-25,20:00:00,20,2022,5,25,Wednesday,33.806207,-84.381117,(C) Possible Injury / Complaint,0.0,0.0,0.0,Atlanta,FULTON,I-85,None and I-85,Sideswipe-Same Direction,On Roadway - Non-Intersection,Dark-Lighted,Cloudy,Wet,Atlanta Police Department,"[""Unknown"",""Unknown""]","[""Motor Vehicle in Motion"",""Motor Vehicle in Motion""]","[""Motor Vehicle in Motion"",""Motor Vehicle in Motion""]",,322,160.82883233291406
2022-05-26,11:25:00,11,2022,5,26,Thursday,33.79633,-84.393735,(O) No Injury,0.0,0.0,0.0,Atlanta,FULTON,I-75,None and I-75,Sideswipe-Same Direction,On Roadway - Non-Intersection,Dark-Lighted,Rain,Water (standing or moving),Atlanta Police Department,"[""Unknown"",""Unknown""]","[""Motor Vehicle in Motion"",""Motor Vehicle in Motion""]","[""Motor Vehicle in Motion"",""Median Barrier""]",Changed Lanes Improperly,R356,58.15646800644614
2022-05-26,09:07:00,9,2022,5,26,Thursday,33.7959,-84.39283,(O) No Injury,0.0,0.0,0.0,Atlanta,FULTON,I-75 Nb,I-75 Nb and Northside Dr,Sideswipe-Same Direction,On Roadway - Non-Intersection,Daylight,Clear,Dry,Gsp Post 00,"[""Lap and Shoulder Belt Used"",""Lap and Shoulder Belt Used""]","[""Motor Vehicle in Motion"",""Motor Vehicle in Motion""]","[""Motor Vehicle in Motion"",""Motor Vehicle in Motion""]",Changed Lanes Improperly,R378,122.5426362663957
2022-05-26,10:04:00,10,2022,5,26,Thursday,33.795336,-84.393278,(O) No Injury,0.0,0.0,0.0,Atlanta,FULTON,I-85 South,I-75 North and I-85 South,Rear End,On Roadway - Non-Intersection,Daylight,Cloudy,Dry,Gsp Post 00,"[""Lap and Shoulder Belt Used"",""Lap and Shoulder Belt Used"",""Lap and Shoulder Belt Used"",""Lap and Shoulder Belt Used""]","[""Motor Vehicle in Motion"",""Motor Vehicle in Motion"",""Motor Vehicle in Motion""]","[""Motor Vehicle in Motion"",""Motor Vehicle in Motion"",""Motor Vehicle in Motion""]",Following Too Close,R378,122.85907473561852
2022-05-26,09:05:00,9,2022,5,26,Thursday,33.79492,-84.393138,(C) Possible Injury / Complaint,0.0,0.0,0.0,Atlanta,FULTON,I-85 North,17Th St and I-85 North,Not a Collision with Motor Vehicle,On Roadway - Non-Intersection,Daylight,Cloudy,Dry,Gsp Post 00,"[""Unknown"",""Lap and Shoulder Belt Used"",""Lap and Shoulder Belt Used""]","[""Cargo/Equipment Loss or Shift"",""Other Object (Not Fixed)"",""Other Object (Not Fixed)""]","[""Cargo/Equipment Lost or Shift"",""Impact Attenuate"",""Impact Attenuate""]",,R378,106.25683449603288
2022-05-26,07:10:00,7,2022,5,26,Thursday,33.763565,-84.49272,(O) No Injury,0.0,0.0,0.0,Atlanta,FULTON,I-285,None and I-285,Rear End,On Roadway - Roadway Intersection,Daylight,Cloudy,Wet,Atlanta Police Department,"[""Unknown"",""Unknown""]","[""Motor Vehicle in Motion"",""Motor Vehicle in Motion""]","[""Motor Vehicle in Motion"",""Motor Vehicle in Motion""]",Following Too Close,R376,103.79758863479074
2022-05-26,17:35:00,17,2022,5,26,Thursday,33.797445,-84.393484,(O) No Injury,0.0,0.0,0.0,Atlanta,FULTON,Interstate 85 South,Interstate 75 North and Interstate 85 South,Sideswipe-Same Direction,On Roadway - Non-Intersection,Daylight,Clear,Dry,Gsp Post 00,"[""Unknown"",""Lap and Shoulder Belt Used""]","[""Motor Vehicle in Motion"",""Motor Vehicle in Motion""]","[""Motor Vehicle in Motion"",""Motor Vehicle in Motion""]",Changed Lanes Improperly,R365,59.59713203829224
2022-05-26,02:00:00,2,2022,5,26,Thursday,33.685822,-84.402742,(O) No Injury,0.0,0.0,0.0,Atlanta,FULTON,I-85,None and I-85,Sideswipe-Same Direction,On Roadway - Non-Intersection,Dark-Lighted,Cloudy,Wet,Atlanta Police Department,"[""Unknown"",""Unknown"",""Unknown""]","[""Motor Vehicle in Motion"",""Motor Vehicle in Motion""]","[""Motor Vehicle in Motion"",""Motor Vehicle in Motion""]",Changed Lanes Improperly,R357,173.83629859035517
2022-05-26,18:20:00,18,2022,5,26,Thursday,33.797687,-84.393389,(O) No Injury,0.0,0.0,0.0,Atlanta,FULTON,I-85S,I-85S and Peachtree St,Rear End,On Roadway - Non-Intersection,Daylight,Clear,Dry,Gsp Post 00,"[""Lap and Shoulder Belt Used"",""Lap and Shoulder Belt Used"",""Lap and Shoulder Belt Used""]","[""Motor Vehicle in Motion"",""Motor Vehicle in Motion"",""Motor Vehicle in Motion""]","[""Motor Vehicle in Motion"",""Motor Vehicle in Motion"",""Motor Vehicle in Motion""]",Inattentive or Other Distraction (Distracted),R365,66.56548340534499
2022-05-26,18:30:00,18,2022,5,26,Thursday,33.760142,-84.37924,(O) No Injury,0.0,0.0,0.0,Atlanta,FULTON,I-7585 Nb,I-7585 Nb and Edgewood Ave,Sideswipe-Same Direction,On Roadway - Non-Intersection,Daylight,Cloudy,Dry,Gsp Post 00,"[""Unknown"",""Lap and Shoulder Belt Used"",""Lap and Shoulder Belt Used""]","[""Motor Vehicle in Motion"",""Motor Vehicle in Motion""]","[""Motor Vehicle in Motion"",""Motor Vehicle in Motion""]",Changed Lanes Improperly,9,173.72294948066587
2022-05-26,18:40:00,18,2022,5,26,Thursday,33.759373,-84.480392,(C) Possible Injury / Complaint,0.0,0.0,0.0,Atlanta,FULTON,I-20Eb,I-20Eb and Hamilton E. Holmes Dr,Sideswipe-Same Direction,On Roadway - Non-Intersection,Daylight,Cloudy,Wet,Gsp Post 00,"[""Lap and Shoulder Belt Used"",""Lap and Shoulder Belt Used"",""Lap and Shoulder Belt Used""]","[""Motor Vehicle in Motion"",""Motor Vehicle in Motion""]","[""Other - Fixed Object"",""Motor Vehicle in Motion""]",,313,154.07162599858876
2022-05-27,11:00:00,11,2022,5,27,Friday,33.743504,-84.379094,(O) No Injury,0.0,0.0,0.0,Atlanta,FULTON,I-20 Wb,Hill St and I-20 Wb,Sideswipe-Same Direction,On Roadway - Non-Intersection,Daylight,Cloudy,Dry,Gsp Post 00,"[""Unknown"",""Lap and Shoulder Belt Used""]","[""Motor Vehicle in Motion"",""Motor Vehicle in Motion""]","[""Motor Vehicle in Motion"",""Motor Vehicle in Motion""]",Changed Lanes Improperly,77,55.076781685302265
2022-05-27,13:40:00,13,2022,5,27,Friday,33.707019,-84.403106,(O) No Injury,0.0,0.0,0.0,Atlanta,FULTON,I-7585 Northbound,Fair Drive and I-7585 Northbound,Rear End,On Roadway - Non-Intersection,Daylight,Cloudy,Dry,Gsp Post 00,"[""Lap and Shoulder Belt Used"",""Lap and Shoulder Belt Used""]","[""Motor Vehicle in Motion"",""Motor Vehicle in Motion""]","[""Motor Vehicle in Motion"",""Motor Vehicle in Motion""]",Changed Lanes Improperly,310,213.3007719801692
2022-05-28,18:32:00,18,2022,5,28,Saturday,33.743233,-84.37934,(O) No Injury,0.0,0.0,0.0,Atlanta,FULTON,Hill Street,Hill Street and 20W Off Ramp,Not a Collision with Motor Vehicle,Off Roadway,Daylight,Clear,Dry,Gsp Post 00,Lap and Shoulder Belt Used,Curb,Curb,"[""Driver Lost Control"",""Too Fast for Conditions"",""Disregard Police - Evasion""]",77,61.12713756520473
2022-05-28,02:00:00,2,2022,5,28,Saturday,33.759351,-84.480238,(O) No Injury,0.0,0.0,0.0,Atlanta,FULTON,I-20,None and I-20,Sideswipe-Same Direction,On Roadway - Non-Intersection,Dark-Lighted,Clear,Dry,Atlanta Police Department,"[""Unknown"",""Lap and Shoulder Belt Used""]","[""Motor Vehicle in Motion"",""Motor Vehicle in Motion""]","[""Motor Vehicle in Motion"",""Motor Vehicle in Motion""]",Changed Lanes Improperly,313,139.89905651372814
2022-05-29,16:45:00,16,2022,5,29,Sunday,33.76451,-84.493658,(O) No Injury,0.0,0.0,0.0,Atlanta,FULTON,Exit 10A Rp,None and Exit 10A Rp,Sideswipe-Same Direction,On Roadway - Non-Intersection,Daylight,Clear,Dry,Atlanta Police Department,"[""Unknown"",""Lap and Shoulder Belt Used""]","[""Motor Vehicle in Motion"",""Motor Vehicle in Motion""]","[""Motor Vehicle in Motion"",""Motor Vehicle in Motion""]",Changed Lanes Improperly,R376,216.82662024563663
2022-05-29,04:48:00,4,2022,5,29,Sunday,33.805876,-84.381539,(O) No Injury,0.0,0.0,0.0,Atlanta,FULTON,I-85,None and I-85,Rear End,On Roadway - Non-Intersection,Dark-Not Lighted,Clear,Dry,Atlanta Police Department,"[""Unknown"",""Unknown"",""Unknown""]","[""Motor Vehicle in Motion"",""Motor Vehicle in Motion"",""Motor Vehicle in Motion""]","[""Motor Vehicle in Motion"",""Motor Vehicle in Motion"",""Motor Vehicle in Motion""]","[""Reckless Driving"",""Under the Influence (U.I.)""]",322,214.2651283656049
2022-05-29,16:10:00,16,2022,5,29,Sunday,33.741217,-84.377666,(O) No Injury,0.0,0.0,0.0,Atlanta,FULTON,Broyles St Se,Sydney St Se and Broyles St Se,Angle Crash,On Roadway - Roadway Intersection,Daylight,Clear,Dry,Atlanta Police Department,"[""Unknown"",""Unknown""]","[""Motor Vehicle in Motion"",""Motor Vehicle in Motion""]","[""Motor Vehicle in Motion"",""Motor Vehicle in Motion""]",Improper Turn,77,233.52489163332788
2022-05-29,08:00:00,8,2022,5,29,Sunday,33.764202,-84.493575,(O) No Injury,0.0,0.0,0.0,Atlanta,FULTON,Exit 10A Rp,None and Exit 10A Rp,Sideswipe-Same Direction,On Roadway - Non-Intersection,Daylight,Clear,Dry,Atlanta Police Department,"[""Lap and Shoulder Belt Used"",""Lap and Shoulder Belt Used"",""Lap and Shoulder Belt Used""]","[""Motor Vehicle in Motion"",""Motor Vehicle in Motion""]","[""Motor Vehicle in Motion"",""Motor Vehicle in Motion""]",Changed Lanes Improperly,R376,195.59029881728748
2022-05-30,10:50:00,10,2022,5,30,Monday,33.74347,-84.380326,(B) Suspected Minor/Visible Injury,0.0,0.0,2.0,Atlanta,FULTON,I-20 Wb,I-20 Wb and Hill Street,Sideswipe-Same Direction,On Roadway - Non-Intersection,Daylight,Clear,Dry,Gsp Post 00,"[""Lap and Shoulder Belt Used"",""Lap and Shoulder Belt Used""]","[""Motor Vehicle in Motion"",""Motor Vehicle in Motion""]","[""Median Barrier"",""Median Barrier""]",Changed Lanes Improperly,77,156.0018735687938
2022-05-31,02:00:00,2,2022,5,31,Tuesday,33.743544,-84.401193,(O) No Injury,0.0,0.0,0.0,Atlanta,FULTON,Exit 56B,Exit 56B and Rawson St Sw,Not a Collision with Motor Vehicle,"On Roadway - Managed Lane (HOV, HOT, Reversible)",Dark-Lighted,Clear,Dry,Atlanta Police Department,Unknown,Motor Vehicle in Motion,Motor Vehicle in Motion,,315,144.92522709914374
2022-05-31,18:44:00,18,2022,5,31,Tuesday,33.795104,-84.393525,(O) No Injury,0.0,0.0,0.0,Atlanta,FULTON,I-85 South,I-75 North and I-85 South,Rear End,On Roadway - Non-Intersection,Daylight,Clear,Dry,Gsp Post 00,"[""Lap and Shoulder Belt Used"",""Lap and Shoulder Belt Used""]","[""Motor Vehicle in Motion"",""Motor Vehicle in Motion""]","[""Motor Vehicle in Motion"",""Motor Vehicle in Motion""]",Following Too Close,R378,141.4475329023028
2022-06-01,14:11:00,14,2022,6,1,Wednesday,33.807233,-84.379839,(C) Possible Injury / Complaint,0.0,0.0,0.0,Atlanta,FULTON,I-85,None and I-85,Rear End,On Roadway - Non-Intersection,Daylight,Clear,Dry,Atlanta Police Department,"[""Lap and Shoulder Belt Used"",""Lap and Shoulder Belt Used""]","[""Motor Vehicle in Motion"",""Motor Vehicle in Motion""]","[""Motor Vehicle in Motion"",""Motor Vehicle in Motion""]",Following Too Close,322,18.325694489327155
2022-06-01,10:10:00,10,2022,6,1,Wednesday,33.760592,-84.377096,(O) No Injury,0.0,0.0,0.0,Atlanta,FULTON,Andrew Young International Blvd Ne,John Lewis Freedom Pkwy Ne and Andrew Young International Blvd Ne,Angle Crash,On Roadway - Non-Intersection,Daylight,Clear,Dry,Atlanta Police Department,"[""Unknown"",""Unknown""]","[""Motor Vehicle in Motion"",""Motor Vehicle in Motion""]","[""Motor Vehicle in Motion"",""Motor Vehicle in Motion""]",Following Too Close,9,240.7615818313282
2022-06-01,17:00:00,17,2022,6,1,Wednesday,33.675247,-84.397506,(O) No Injury,0.0,0.0,0.0,Atlanta,FULTON,I-75,None and I-75,Sideswipe-Same Direction,On Roadway - Driveway Intersection,Daylight,Clear,Dry,Atlanta Police Department,"[""Lap Belt Only Used"",""Lap and Shoulder Belt Used""]","[""Motor Vehicle in Motion"",""Motor Vehicle in Motion""]","[""Motor Vehicle in Motion"",""Motor Vehicle in Motion""]",Improper Passing of School Bus,309,120.49032921090075
2022-06-01,16:35:00,16,2022,6,1,Wednesday,33.765448,-84.49307,(O) No Injury,0.0,0.0,0.0,Atlanta,FULTON,I-285,None and I-285,Sideswipe-Same Direction,On Roadway - Non-Intersection,Daylight,Clear,Dry,Atlanta Police Department,"[""Lap and Shoulder Belt Used"",""Lap and Shoulder Belt Used"",""Lap and Shoulder Belt Used""]","[""Motor Vehicle in Motion"",""Motor Vehicle in Motion""]","[""Motor Vehicle in Motion"",""Motor Vehicle in Motion""]",,R376,248.0063919553573
2022-06-02,21:22:00,21,2022,6,2,Thursday,33.758623,-84.378584,(O) No Injury,0.0,0.0,0.0,Atlanta,FULTON,Ellis St Ne,I-75 N and Ellis St Ne,Angle Crash,On Roadway - Non-Intersection,Dark-Lighted,Clear,Dry,Atlanta Police Department,"[""Lap and Shoulder Belt Used"",""Lap and Shoulder Belt Used""]","[""Motor Vehicle in Motion"",""Motor Vehicle in Motion""]","[""Motor Vehicle in Motion"",""Motor Vehicle in Motion""]",Changed Lanes Improperly,9,18.56442032298833
2022-06-02,14:30:00,14,2022,6,2,Thursday,33.793865,-84.391811,(O) No Injury,0.0,0.0,0.0,Atlanta,FULTON,I-85,None and I-85,Angle Crash,On Roadway - Non-Intersection,Daylight,Clear,Dry,Atlanta Police Department,Lap and Shoulder Belt Used,"[""Motor Vehicle in Motion"",""Motor Vehicle in Motion""]","[""Motor Vehicle in Motion"",""Motor Vehicle in Motion""]",Changed Lanes Improperly,R378,131.541386380054
2022-06-02,14:10:00,14,2022,6,2,Thursday,33.760088,-84.380005,(O) No Injury,0.0,0.0,0.0,Atlanta,FULTON,Interstate 7585 South,Interstate 7585 South and Freedom Parkway Overpass,Rear End,On Roadway - Non-Intersection,Daylight,Clear,Dry,Gsp Post 00,"[""Lap and Shoulder Belt Used"",""Lap and Shoulder Belt Used""]","[""Motor Vehicle in Motion"",""Motor Vehicle in Motion""]","[""Motor Vehicle in Motion"",""Motor Vehicle in Motion""]",Following Too Close,9,209.7815590089193
2022-06-03,17:42:00,17,2022,6,3,Friday,33.794757,-84.394092,(O) No Injury,0.0,0.0,0.0,Atlanta,FULTON,Interstate 75 South,Interstate 75 South and Deering Road Overpass,Rear End,On Roadway - Non-Intersection,Daylight,Clear,Dry,Gsp Post 00,"[""Lap and Shoulder Belt Used"",""Lap and Shoulder Belt Used""]","[""Motor Vehicle in Motion"",""Motor Vehicle in Motion""]","[""Motor Vehicle in Motion"",""Motor Vehicle in Motion""]",Following Too Close,R356,191.4474546675886
2022-06-03,16:18:00,16,2022,6,3,Friday,33.743471,-84.380307,(C) Possible Injury / Complaint,0.0,0.0,0.0,Atlanta,FULTON,I-20 West,I-20 West and Hill Street,Sideswipe-Same Direction,On Roadway - Non-Intersection,Daylight,Clear,Dry,Gsp Post 00,"[""Lap and Shoulder Belt Used"",""Lap and Shoulder Belt Used"",""Lap and Shoulder Belt Used"",""Lap and Shoulder Belt Used"",""Lap and Shoulder Belt Used""]","[""Motor Vehicle in Motion"",""Motor Vehicle in Motion"",""Motor Vehicle in Motion""]","[""Motor Vehicle in Motion"",""Motor Vehicle in Motion"",""Motor Vehicle in Motion""]",Changed Lanes Improperly,77,154.31684319025663
2022-06-03,10:25:00,10,2022,6,3,Friday,33.743473,-84.377398,(O) No Injury,0.0,0.0,0.0,Atlanta,FULTON,I-20 Wb,I-20 Wb and Hill St Overpass,Rear End,On Roadway - Non-Intersection,Daylight,Cloudy,Dry,Gsp Post 00,"[""Lap and Shoulder Belt Used"",""Lap and Shoulder Belt Used"",""Lap and Shoulder Belt Used"",""Child Restraint System (Properly Used)""]","[""Motor Vehicle in Motion"",""Motor Vehicle in Motion""]","[""Motor Vehicle in Motion"",""Motor Vehicle in Motion""]",Following Too Close,77,125.3281758117785
2022-06-03,11:03:00,11,2022,6,3,Friday,33.743487,-84.378119,(O) No Injury,0.0,0.0,0.0,Atlanta,FULTON,I-20 Wb,I-20 Wb and Hill St Overpass,Rear End,On Roadway - Non-Intersection,Daylight,Cloudy,Dry,Gsp Post 00,"[""Lap and Shoulder Belt Used"",""None Used"",""Lap and Shoulder Belt Used""]","[""Motor Vehicle in Motion"",""Motor Vehicle in Motion""]","[""Motor Vehicle in Motion"",""Motor Vehicle in Motion""]",Following Too Close,77,65.44933722260791
2022-06-03,10:21:00,10,2022,6,3,Friday,33.743307,-84.379296,(O) No Injury,0.0,0.0,0.0,Atlanta,FULTON,I-20 Wb,I-20 Wb and Capitol Ave,Rear End,On Roadway - Non-Intersection,Daylight,Cloudy,Dry,Gsp Post 00,"[""Lap and Shoulder Belt Used"",""Lap and Shoulder Belt Used""]","[""Motor Vehicle in Motion"",""Motor Vehicle in Motion""]","[""Motor Vehicle in Motion"",""Motor Vehicle in Motion""]","[""Other Activity - Mobile Device (Distracted)"",""Following Too Close""]",77,59.14866609472824
2022-06-03,11:55:00,11,2022,6,3,Friday,33.76007,-84.379992,(O) No Injury,0.0,0.0,0.0,Atlanta,FULTON,I-7585 Southbound,I-7585 Southbound and Andrew Young International Blv,Sideswipe-Same Direction,On Roadway - Non-Intersection,Daylight,Cloudy,Dry,Gsp Post 00,"[""Lap and Shoulder Belt Used"",""Lap and Shoulder Belt Used"",""Lap and Shoulder Belt Used"",""Lap and Shoulder Belt Used"",""Lap and Shoulder Belt Used""]","[""Motor Vehicle in Motion"",""Motor Vehicle in Motion""]","[""Motor Vehicle in Motion"",""Motor Vehicle in Motion""]",,9,207.5094978707426
2022-06-04,05:00:00,5,2022,6,4,Saturday,33.806842,-84.380346,(O) No Injury,0.0,0.0,0.0,Atlanta,FULTON,I-85,None and I-85,Sideswipe-Same Direction,On Roadway - Non-Intersection,Daylight,Clear,Dry,Atlanta Police Department,Lap and Shoulder Belt Used,"[""Motor Vehicle in Motion"",""Motor Vehicle in Motion""]",Motor Vehicle in Motion,,322,62.51179438292061
2022-06-06,16:30:00,16,2022,6,6,Monday,33.79738,-84.395359,(O) No Injury,0.0,0.0,0.0,Atlanta,FULTON,Ga 13 Sb,Ga 13 Sb and Monroe Dr,Rear End,On Roadway - Non-Intersection,Daylight,Clear,Wet,Gsp Post 00,"[""Unknown"",""Lap and Shoulder Belt Used""]","[""Motor Vehicle in Motion"",""Motor Vehicle in Motion""]","[""Motor Vehicle in Motion"",""Motor Vehicle in Motion""]",Following Too Close,R365,119.15185853125148
2022-06-06,12:04:00,12,2022,6,6,Monday,33.786226,-84.406976,(O) No Injury,0.0,0.0,0.0,Atlanta,FULTON,14Th St Nw,14Th St Nw and Hemphill Ave Nw,Angle Crash,On Roadway - Roadway Intersection,Daylight,Clear,Dry,Atlanta Police Department,"[""Lap and Shoulder Belt Used"",""Lap and Shoulder Belt Used""]","[""Motor Vehicle in Motion"",""Motor Vehicle in Motion""]","[""Motor Vehicle in Motion"",""Motor Vehicle in Motion""]",Disregard Stop Sign/Signal,86,235.8903333372001
2022-06-06,20:43:00,20,2022,6,6,Monday,33.687704,-84.401179,(O) No Injury,0.0,0.0,0.0,Atlanta,FULTON,I-85,None and I-85,Rear End,On Roadway - Non-Intersection,Dark-Not Lighted,Cloudy,Dry,Atlanta Police Department,"[""Unknown"",""Unknown""]","[""Motor Vehicle in Motion"",""Motor Vehicle in Motion""]","[""Motor Vehicle in Motion"",""Motor Vehicle in Motion""]",Following Too Close,R357,145.63055336938547
2022-06-06,17:30:00,17,2022,6,6,Monday,33.685364,-84.3989,(O) No Injury,0.0,0.0,0.0,Atlanta,FULTON,I-75 Southbound,I-75 Southbound and N Of Cleveland Avenue,Sideswipe-Same Direction,On Roadway - Non-Intersection,Daylight,Rain,Wet,Gsp Post 00,"[""Lap and Shoulder Belt Used"",""Lap and Shoulder Belt Used""]","[""Motor Vehicle in Motion"",""Motor Vehicle in Motion""]","[""Motor Vehicle in Motion"",""Motor Vehicle in Motion""]",,R357,226.1684435449289
2022-06-06,16:56:00,16,2022,6,6,Monday,33.697351,-84.42615,(C) Possible Injury / Complaint,0.0,0.0,0.0,Atlanta,FULTON,Ga-166 E,Main St and Ga-166 E,Rear End,On Roadway - Non-Intersection,Daylight,Rain,Wet,Gsp Post 00,"[""Lap and Shoulder Belt Used"",""Lap and Shoulder Belt Used"",""Lap and Shoulder Belt Used""]","[""Motor Vehicle in Motion"",""Motor Vehicle in Motion""]","[""Motor Vehicle in Motion"",""Motor Vehicle in Motion""]",Following Too Close,113,168.12249065997128
2022-06-06,17:15:00,17,2022,6,6,Monday,33.743307,-84.378812,(C) Possible Injury / Complaint,0.0,0.0,0.0,Atlanta,FULTON,I-20 East,I-20 East and Hill Street,Rear End,On Roadway - Non-Intersection,Daylight,Clear,Wet,Gsp Post 00,"[""Lap and Shoulder Belt Used"",""Lap and Shoulder Belt Used"",""Lap and Shoulder Belt Used"",""Lap and Shoulder Belt Used""]","[""Motor Vehicle in Motion"",""Motor Vehicle in Motion"",""Motor Vehicle in Motion""]","[""Motor Vehicle in Motion"",""Motor Vehicle in Motion"",""Motor Vehicle in Motion""]",Following Too Close,77,21.7075238418953
2022-06-07,17:50:00,17,2022,6,7,Tuesday,33.798145,-84.39315,(A) Suspected Serious Injury,0.0,1.0,0.0,Atlanta,FULTON,I-85Sb,I-85Sb and Peachtree Rd,Rear End,On Roadway - Non-Intersection,Daylight,Cloudy,Dry,Gsp Post 00,"[""Lap and Shoulder Belt Used"",""Lap and Shoulder Belt Used""]","[""Motor Vehicle in Motion"",""Motor Vehicle in Motion""]","[""Motor Vehicle in Motion"",""Motor Vehicle in Motion""]",Driver Condition,R365,106.77433717347446