Date,Time,Hour,Year,Month,Day,DayOfWeek,Crash Latitude,Crash Longitude,KABCO Severity,# of Fatalities per Crash,# Serious Injuries,# Visible Injuries,Geolocated City,Geolocated County,Roadway (From Crash Report),Intersection Name (from Crash Report),Manner of Collision (Crash Level),Location at Impact (Crash Level),Light Conditions (Crash Level),Weather Conditions (Crash Level),Surface Condition (Crash Level),Agency Name (Crash Level),Safety Equipment (Crash Level),First Harmful Event (Unit Order),Most Harmful Event (Crash Level),"Operator/Pedestrian Contrib Factor (excl None, Other, No Contrib Factors)",join_id,Crash_to_TMAS_m
2022-06-07,10:52:00,10,2022,6,7,Tuesday,33.759303,-84.380144,(C) Possible Injury / Complaint,0.0,0.0,0.0,Atlanta,FULTON,I-7585 Conn Sb Exit Ramp To F,None and I-7585 Conn Sb Exit Ramp To F,Not a Collision with Motor Vehicle,Entrance/Exit Ramp,Daylight,Cloudy,Dry,Gsp Post 00,Lap and Shoulder Belt Used,Median Barrier,Median Barrier,Too Fast for Conditions,9,171.09580350215975
2022-06-07,15:50:00,15,2022,6,7,Tuesday,33.867024,-84.381072,(A) Suspected Serious Injury,0.0,1.0,0.0,Atlanta,FULTON,Roswell Rd Ne,Roswell Rd Ne and Chastain Dr Ne,Not a Collision with Motor Vehicle,On Roadway - In Crosswalk,Daylight,Clear,Dry,Atlanta Police Department,"[""Lap and Shoulder Belt Used"",""Lap and Shoulder Belt Used"",""None Used""]","[""Pedestrian"",""Motor Vehicle in Motion""]",Pedestrian,"[""Not Visible (Object, Person, or Vehicle)"",""Vision Obscured""]",271,194.41748324734817
2022-06-07,11:19:00,11,2022,6,7,Tuesday,33.760019,-84.379952,(O) No Injury,0.0,0.0,0.0,Atlanta,FULTON,I-7585 Sb,I-7585 Sb and John Lewis Freedom Parkway,Sideswipe-Same Direction,On Roadway - Non-Intersection,Dawn,Clear,Dry,Gsp Post 00,"[""Unknown"",""Lap and Shoulder Belt Used""]","[""Motor Vehicle in Motion"",""Motor Vehicle in Motion""]","[""Motor Vehicle in Motion"",""Motor Vehicle in Motion""]",Changed Lanes Improperly,9,200.873315743579
2022-06-07,09:15:00,9,2022,6,7,Tuesday,33.742599,-84.40357,(O) No Injury,0.0,0.0,0.0,Atlanta,FULTON,I-20,I-20 and Mcdaniel St Sw,Sideswipe-Same Direction,On Roadway - Roadway Intersection,Daylight,Cloudy,Water (standing or moving),Atlanta Police Department,"[""Lap and Shoulder Belt Used"",""Lap and Shoulder Belt Used""]","[""Motor Vehicle in Motion"",""Motor Vehicle in Motion""]","[""Motor Vehicle in Motion"",""Motor Vehicle in Motion""]",Changed Lanes Improperly,315,99.77508676789856
2022-06-07,23:10:00,23,2022,6,7,Tuesday,33.762922,-84.489099,(C) Possible Injury / Complaint,0.0,0.0,0.0,Atlanta,FULTON,I-20,None and I-20,Angle Crash,On Shoulder,Dark-Lighted,Rain,Water (standing or moving),Atlanta Police Department,"[""Unknown"",""Unknown"",""Unknown"",""Unknown"",""Unknown"",""Unknown"",""Unknown""]","[""Other Object (Not Fixed)"",""Other Non-Collision"",""Motor Vehicle in Motion"",""Motor Vehicle in Motion""]","[""Parked Motor Vehicle"",""Motor Vehicle in Motion"",""Other - Fixed Object"",""Other Object (Not Fixed)""]","[""Reaction to Object or Animal"",""Too Fast for Conditions"",""Too Fast for Conditions"",""Too Fast for Conditions""]",R376,242.981285270386
2022-06-07,23:33:00,23,2022,6,7,Tuesday,33.742397,-84.377866,(O) No Injury,0.0,0.0,0.0,Atlanta,FULTON,75 85 Nb Expy Ne   Andrew Young Inter Rp,None and 75 85 Nb Expy Ne   Andrew Young Inter Rp,Sideswipe-Same Direction,On Roadway - Non-Intersection,Dark-Not Lighted,Rain,Wet,Atlanta Police Department,"[""Unknown"",""Unknown"",""Unknown"",""Unknown""]","[""Motor Vehicle in Motion"",""Motor Vehicle in Motion""]","[""Motor Vehicle in Motion"",""Motor Vehicle in Motion""]",Too Fast for Conditions,77,112.38272602559508
2022-06-08,10:00:00,10,2022,6,8,Wednesday,33.74279,-84.404377,(O) No Injury,0.0,0.0,0.0,Atlanta,FULTON,I-20 Rp,None and I-20 Rp,Not a Collision with Motor Vehicle,Entrance/Exit Ramp,Daylight,Cloudy,Wet,Atlanta Police Department,Lap and Shoulder Belt Used,Other Object (Not Fixed),Other Object (Not Fixed),,315,168.94549475543002
2022-06-08,11:25:00,11,2022,6,8,Wednesday,33.798053,-84.3959,(O) No Injury,0.0,0.0,0.0,Atlanta,FULTON,I-75,None and I-75,Rear End,On Roadway - Non-Intersection,Daylight,Cloudy,Dry,Atlanta Police Department,"[""Unknown"",""Unknown"",""Unknown"",""Unknown"",""Unknown""]","[""Motor Vehicle in Motion"",""Motor Vehicle in Motion"",""Motor Vehicle in Motion"",""Motor Vehicle in Motion"",""Motor Vehicle in Motion""]","[""Motor Vehicle in Motion"",""Motor Vehicle in Motion"",""Motor Vehicle in Motion"",""Motor Vehicle in Motion"",""Motor Vehicle in Motion""]","[""Following Too Close"",""Following Too Close"",""Following Too Close"",""Following Too Close"",""Following Too Close""]",R365,174.1492784550872
2022-06-08,05:00:00,5,2022,6,8,Wednesday,33.764043,-84.491956,(C) Possible Injury / Complaint,0.0,0.0,0.0,Atlanta,FULTON,I-285,None and I-285,Rear End,On Roadway - Non-Intersection,Dark-Not Lighted,Clear,Dry,Atlanta Police Department,"[""Lap and Shoulder Belt Used"",""Unknown""]","[""Motor Vehicle in Motion"",""Motor Vehicle in Motion""]","[""Motor Vehicle in Motion"",""Motor Vehicle in Motion""]",Changed Lanes Improperly,R376,61.04903597042807
2022-06-09,18:15:00,18,2022,6,9,Thursday,33.796052,-84.39466,(C) Possible Injury / Complaint,0.0,0.0,0.0,Atlanta,FULTON,I-75 Sb,I-75 Sb and Deering Road,Rear End,On Roadway - Non-Intersection,Daylight,Clear,Dry,Gsp Post 00,"[""Lap and Shoulder Belt Used"",""Lap and Shoulder Belt Used"",""Unknown""]","[""Motor Vehicle in Motion"",""Motor Vehicle in Motion"",""Motor Vehicle in Motion""]","[""Motor Vehicle in Motion"",""Motor Vehicle in Motion"",""Motor Vehicle in Motion""]",Changed Lanes Improperly,R356,55.04262300770707
2022-06-09,06:35:00,6,2022,6,9,Thursday,33.686336,-84.398524,(O) No Injury,0.0,0.0,0.0,Atlanta,FULTON,I-75 Northbound Cd Ramp,I-75 Northbound Cd Ramp and Cleveland Avenue Off Ramp,Sideswipe-Same Direction,On Roadway - Non-Intersection,Daylight,Clear,Dry,Gsp Post 00,"[""Unknown"",""Lap and Shoulder Belt Used""]","[""Motor Vehicle in Motion"",""Motor Vehicle in Motion""]","[""Motor Vehicle in Motion"",""Motor Vehicle in Motion""]",,R357,229.7643439058399
2022-06-09,12:19:00,12,2022,6,9,Thursday,33.872731,-84.44511,(O) No Injury,0.0,0.0,0.0,Atlanta,FULTON,I-75 Nb,I-75 Nb and Mt Paran Rd,Not a Collision with Motor Vehicle,On Roadway - Non-Intersection,Daylight,Cloudy,Dry,Gsp Post 00,Lap and Shoulder Belt Used,Other Non-Collision,Other Non-Collision,,308,198.47405394375548
2022-06-09,23:02:00,23,2022,6,9,Thursday,33.757774,-84.378876,(O) No Injury,0.0,0.0,0.0,Atlanta,FULTON,I-75,I-75 and John Wesley Dobbs Ave Ne,Rear End,On Roadway - Non-Intersection,Dark-Not Lighted,Clear,Dry,Atlanta Police Department,"[""Unknown"",""Unknown""]","[""Motor Vehicle in Motion"",""Motor Vehicle in Motion""]",Motor Vehicle in Motion,Following Too Close,9,113.8410524503251
2022-06-09,06:13:00,6,2022,6,9,Thursday,33.708453,-84.402543,(O) No Injury,0.0,0.0,0.0,Atlanta,FULTON,I-7585 Northbound,I-7585 Northbound and Fair Drive Overpass,Not a Collision with Motor Vehicle,On Shoulder,Daylight,Cloudy,Wet,Gsp Post 00,None Used,Median Barrier,Median Barrier,Under the Influence (U.I.),310,47.00830103115501
2022-06-10,16:54:00,16,2022,6,10,Friday,33.741613,-84.402904,(O) No Injury,0.0,0.0,0.0,Atlanta,FULTON,Mcdaniel St Sw,Fulton St Sw and Mcdaniel St Sw,Rear End,On Roadway - Roadway Intersection,Daylight,Clear,Dry,Atlanta Police Department,"[""Unknown"",""Unknown""]","[""Motor Vehicle in Motion"",""Motor Vehicle in Motion""]","[""Motor Vehicle in Motion"",""Motor Vehicle in Motion""]",,315,147.39570952176376
2022-06-10,14:30:00,14,2022,6,10,Friday,33.806211,-84.381112,(O) No Injury,0.0,0.0,0.0,Atlanta,FULTON,I-85 N,I-85 N and Peachtree Rd,Sideswipe-Same Direction,On Roadway - Non-Intersection,Daylight,Clear,Dry,Gsp Post 00,"[""Unknown"",""Lap and Shoulder Belt Used""]","[""Motor Vehicle in Motion"",""Motor Vehicle in Motion""]","[""Motor Vehicle in Motion"",""Motor Vehicle in Motion""]",Changed Lanes Improperly,322,160.1912119449313
2022-06-10,07:00:00,7,2022,6,10,Friday,33.793557,-84.392777,(C) Possible Injury / Complaint,0.0,0.0,0.0,Atlanta,FULTON,I-85S,I-85S and 17Th St,Rear End,On Roadway - Non-Intersection,Daylight,Clear,Dry,Gsp Post 00,"[""Lap and Shoulder Belt Used"",""Lap and Shoulder Belt Used"",""Lap and Shoulder Belt Used"",""Lap and Shoulder Belt Used""]","[""Motor Vehicle in Motion"",""Motor Vehicle in Motion"",""Motor Vehicle in Motion"",""Motor Vehicle in Motion""]","[""Motor Vehicle in Motion"",""Motor Vehicle in Motion"",""Motor Vehicle in Motion"",""Motor Vehicle in Motion""]",Following Too Close,R378,179.5992476689448
2022-06-11,03:20:00,3,2022,6,11,Saturday,33.806248,-84.37986,(O) No Injury,0.0,0.0,0.0,Atlanta,FULTON,Ga-13,None and Ga-13,Rear End,On Roadway - Non-Intersection,Dark-Lighted,Clear,Dry,Atlanta Police Department,"[""Lap and Shoulder Belt Used"",""Lap and Shoulder Belt Used""]","[""Motor Vehicle in Motion"",""Motor Vehicle in Motion""]","[""Motor Vehicle in Motion"",""Motor Vehicle in Motion""]",Following Too Close,322,94.08294797886848
2022-06-11,09:30:00,9,2022,6,11,Saturday,33.796263,-84.393684,(O) No Injury,0.0,0.0,0.0,Atlanta,FULTON,I-85,I-85 and I-75 N,Angle Crash,On Roadway - Non-Intersection,Daylight,Clear,Dry,Atlanta Police Department,"[""Lap and Shoulder Belt Used"",""Lap and Shoulder Belt Used""]","[""Motor Vehicle in Motion"",""Motor Vehicle in Motion""]","[""Motor Vehicle in Motion"",""Motor Vehicle in Motion""]",,R356,64.96343406985726
2022-06-11,15:30:00,15,2022,6,11,Saturday,33.743478,-84.377652,(O) No Injury,0.0,0.0,0.0,Atlanta,FULTON,I-20,None and I-20,Angle Crash,On Roadway - Non-Intersection,Daylight,Clear,Dry,Atlanta Police Department,"[""Unknown"",""Unknown""]","[""Motor Vehicle in Motion"",""Motor Vehicle in Motion""]","[""Motor Vehicle in Motion"",""Motor Vehicle in Motion""]",Changed Lanes Improperly,77,103.2649040387093
2022-06-12,23:00:00,23,2022,6,12,Sunday,33.807078,-84.380042,(C) Possible Injury / Complaint,0.0,0.0,0.0,Atlanta,FULTON,I-85,None and I-85,Rear End,"On Roadway - Managed Lane (HOV, HOT, Reversible)",Dark-Lighted,Clear,Dry,Atlanta Police Department,"[""Unknown"",""Unknown"",""Unknown""]","[""Motor Vehicle in Motion"",""Motor Vehicle in Motion""]","[""Motor Vehicle in Motion"",""Motor Vehicle in Motion""]",Following Too Close,322,28.003883772918527
2022-06-12,22:34:00,22,2022,6,12,Sunday,33.741556,-84.402936,(A) Suspected Serious Injury,0.0,1.0,0.0,Atlanta,FULTON,Mcdaniel St Sw,Fulton St Sw and Mcdaniel St Sw,Angle Crash,On Roadway - Roadway Intersection,Dark-Not Lighted,Clear,Dry,Atlanta Police Department,"[""Unknown"",""Unknown""]","[""Motor Vehicle in Motion"",""Motor Vehicle in Motion""]","[""Motor Vehicle in Motion"",""Motor Vehicle in Motion""]",Failure to Yield,315,154.21947972566863
2022-06-12,17:21:00,17,2022,6,12,Sunday,33.785769,-84.402813,(O) No Injury,0.0,0.0,0.0,Atlanta,FULTON,Center St Nw,14Th St Nw and Center St Nw,Angle Crash,On Roadway - Non-Intersection,Daylight,Clear,Dry,Atlanta Police Department,"[""Unknown"",""Lap and Shoulder Belt Used""]","[""Motor Vehicle in Motion"",""Motor Vehicle in Motion""]",Motor Vehicle in Motion,,86,157.25408644972657
2022-06-12,19:26:00,19,2022,6,12,Sunday,33.677698,-84.3978,(O) No Injury,0.0,0.0,0.0,Atlanta,FULTON,I-75,I-75 and Exit 241,Rear End,On Roadway - Non-Intersection,Daylight,Clear,Dry,Atlanta Police Department,"[""None Used"",""None Used""]","[""Motor Vehicle in Motion"",""Motor Vehicle in Motion""]","[""Motor Vehicle in Motion"",""Motor Vehicle in Motion""]",,309,156.03395324316378
2022-06-13,17:40:00,17,2022,6,13,Monday,33.797756,-84.395744,(O) No Injury,0.0,0.0,0.0,Atlanta,FULTON,I-75S,I-75S and Northside Dr,Sideswipe-Same Direction,On Roadway - Non-Intersection,Daylight,Clear,Dry,Gsp Post 00,"[""Unknown"",""Lap and Shoulder Belt Used""]","[""Motor Vehicle in Motion"",""Motor Vehicle in Motion""]","[""Motor Vehicle in Motion"",""Motor Vehicle in Motion""]",Changed Lanes Improperly,R365,153.26848821154186
2022-06-13,16:04:00,16,2022,6,13,Monday,33.763493,-84.493771,(O) No Injury,0.0,0.0,0.0,Atlanta,FULTON,I-285 Sb,I-285 Sb and Martin Luther King Jr Drive,Sideswipe-Same Direction,On Roadway - Non-Intersection,Daylight,Clear,Dry,Gsp Post 00,"[""Lap and Shoulder Belt Used"",""Lap and Shoulder Belt Used"",""Lap and Shoulder Belt Used"",""Lap and Shoulder Belt Used"",""Lap and Shoulder Belt Used"",""Lap and Shoulder Belt Used""]","[""Motor Vehicle in Motion"",""Motor Vehicle in Motion""]","[""Motor Vehicle in Motion"",""Motor Vehicle in Motion""]",,R376,201.4061005060238
2022-06-13,03:05:00,3,2022,6,13,Monday,33.758711,-84.379191,(O) No Injury,0.0,0.0,0.0,Atlanta,FULTON,I-75,I-75 and I-75 S,Sideswipe-Same Direction,On Roadway - Non-Intersection,Dark-Lighted,Clear,Dry,Atlanta Police Department,"[""Lap and Shoulder Belt Used"",""Lap and Shoulder Belt Used""]","[""Motor Vehicle in Motion"",""Motor Vehicle in Motion""]","[""Motor Vehicle in Motion"",""Motor Vehicle in Motion""]","[""Failure to Yield"",""Failure to Yield""]",9,70.5575049137204
2022-06-14,18:10:00,18,2022,6,14,Tuesday,33.76474,-84.493241,(O) No Injury,0.0,0.0,0.0,Atlanta,FULTON,I-20 East,I-20 East and I-285 North,Sideswipe-Same Direction,On Roadway - Non-Intersection,Daylight,Cloudy,Dry,Gsp Post 00,"[""Lap and Shoulder Belt Used"",""Lap and Shoulder Belt Used""]","[""Motor Vehicle in Motion"",""Motor Vehicle in Motion""]","[""Motor Vehicle in Motion"",""Motor Vehicle in Motion""]",Changed Lanes Improperly,R376,199.2137841706665
2022-06-14,17:50:00,17,2022,6,14,Tuesday,33.807675,-84.379657,(O) No Injury,0.0,0.0,0.0,Atlanta,FULTON,I-7585 Nb,I-7585 Nb and Spring Street,Rear End,On Roadway - Non-Intersection,Daylight,Clear,Dry,Gsp Post 00,"[""Unknown"",""Lap and Shoulder Belt Used"",""Lap and Shoulder Belt Used""]","[""Motor Vehicle in Motion"",""Motor Vehicle in Motion""]","[""Motor Vehicle in Motion"",""Motor Vehicle in Motion""]",Following Too Close,322,65.36234989027719
2022-06-14,08:23:00,8,2022,6,14,Tuesday,33.710161,-84.401849,(C) Possible Injury / Complaint,0.0,0.0,0.0,Atlanta,FULTON,I-7585 South,I-7585 South and Fair Dr Overpass,Rear End,On Roadway - Non-Intersection,Daylight,Clear,Dry,Gsp Post 00,"[""Lap and Shoulder Belt Used"",""Lap and Shoulder Belt Used""]","[""Motor Vehicle in Motion"",""Motor Vehicle in Motion""]","[""Motor Vehicle in Motion"",""Motor Vehicle in Motion""]",Following Too Close,310,154.8962761142885
2022-06-14,14:17:00,14,2022,6,14,Tuesday,33.698768,-84.425724,(O) No Injury,0.0,0.0,0.0,Atlanta,FULTON,Lakewood Ave Sw,Arrow St Sw and Lakewood Ave Sw,Angle Crash,On Roadway - Non-Intersection,Daylight,Cloudy,Dry,Atlanta Police Department,Unknown,"[""Motor Vehicle in Motion"",""Parked Motor Vehicle""]","[""Motor Vehicle in Motion"",""Parked Motor Vehicle""]",Improper Turn,113,195.74064569033536
2022-06-14,09:00:00,9,2022,6,14,Tuesday,33.743508,-84.379305,(O) No Injury,0.0,0.0,0.0,Atlanta,FULTON,I-20 West Rp,None and I-20 West Rp,Rear End,"On Roadway - Managed Lane (HOV, HOT, Reversible)",Daylight,Clear,Dry,Atlanta Police Department,"[""Lap and Shoulder Belt Used"",""Lap and Shoulder Belt Used""]","[""Motor Vehicle in Motion"",""Motor Vehicle in Motion""]","[""Motor Vehicle in Motion"",""Motor Vehicle in Motion""]","[""Aggressive Driving"",""No Signal/Improper Signal"",""Changed Lanes Improperly"",""Following Too Close""]",77,70.11999544971351
2022-06-15,11:00:00,11,2022,6,15,Wednesday,33.795172,-84.394044,(O) No Injury,0.0,0.0,0.0,Atlanta,FULTON,I-75 Sb,I-75 Sb and 16Th St Exit 250,Sideswipe-Same Direction,Entrance/Exit Ramp,Daylight,Clear,Dry,Atlanta Police Department,"[""Unknown"",""Unknown""]","[""Motor Vehicle in Motion"",""Motor Vehicle in Motion""]","[""Motor Vehicle in Motion"",""Motor Vehicle in Motion""]",Changed Lanes Improperly,R356,146.60521359161132
2022-06-15,09:20:00,9,2022,6,15,Wednesday,33.80684,-84.380348,(B) Suspected Minor/Visible Injury,0.0,0.0,1.0,Atlanta,FULTON,I-85,None and I-85,Rear End,On Roadway - Non-Intersection,Daylight,Clear,Dry,Atlanta Police Department,"[""Unknown"",""Unknown""]","[""Motor Vehicle in Motion"",""Motor Vehicle in Motion""]","[""Motor Vehicle in Motion"",""Motor Vehicle in Motion""]",Following Too Close,322,62.77592120247643
2022-06-15,19:20:00,19,2022,6,15,Wednesday,33.798399,-84.392645,(C) Possible Injury / Complaint,0.0,0.0,0.0,Atlanta,FULTON,I-85,None and I-85,Sideswipe-Same Direction,On Roadway - Non-Intersection,Daylight,Cloudy,Dry,Atlanta Police Department,"[""Unknown"",""Unknown"",""Unknown"",""Unknown"",""Unknown""]","[""Motor Vehicle in Motion"",""Motor Vehicle in Motion"",""Motor Vehicle in Motion"",""Motor Vehicle in Motion""]","[""Motor Vehicle in Motion"",""Motor Vehicle in Motion"",""Motor Vehicle in Motion""]",Changed Lanes Improperly,R365,161.3222962240405
2022-06-15,09:31:00,9,2022,6,15,Wednesday,33.759083,-84.378705,(O) No Injury,0.0,0.0,0.0,Atlanta,FULTON,I-75,I-75 and John Lewis Freedom Pkwy Ne,Angle Crash,On Roadway - Non-Intersection,Daylight,Clear,Dry,Atlanta Police Department,"[""Lap and Shoulder Belt Used"",""Lap and Shoulder Belt Used"",""Lap and Shoulder Belt Used"",""Lap and Shoulder Belt Used"",""Child Restraint System (Properly Used)"",""Child Restraint System (Properly Used)""]","[""Motor Vehicle in Motion"",""Motor Vehicle in Motion""]","[""Motor Vehicle in Motion"",""Motor Vehicle in Motion""]","[""Changed Lanes Improperly"",""Misjudged Clearance""]",9,46.728617589578334
2022-06-15,20:32:00,20,2022,6,15,Wednesday,33.75933,-84.478831,(B) Suspected Minor/Visible Injury,0.0,0.0,2.0,Atlanta,FULTON,I-20,None and I-20,Not a Collision with Motor Vehicle,Off Roadway,Dusk,Clear,Dry,Atlanta Police Department,"[""Lap and Shoulder Belt Used"",""Lap and Shoulder Belt Used""]",Other - Fixed Object,Over Turn,"[""Changed Lanes Improperly"",""Too Fast for Conditions""]",313,12.898981733075376
2022-06-15,19:11:00,19,2022,6,15,Wednesday,33.685915,-84.40259,(C) Possible Injury / Complaint,0.0,0.0,0.0,Atlanta,FULTON,I-85,None and I-85,Angle Crash,On Roadway - Non-Intersection,Dusk,Cloudy,Wet,Atlanta Police Department,"[""Unknown"",""Unknown"",""Unknown""]","[""Motor Vehicle in Motion"",""Motor Vehicle in Motion""]","[""Motor Vehicle in Motion"",""Motor Vehicle in Motion""]",Changed Lanes Improperly,R357,156.98706814353417
2022-06-15,17:39:00,17,2022,6,15,Wednesday,33.686176,-84.402222,(O) No Injury,0.0,0.0,0.0,Atlanta,FULTON,I-85,None and I-85,Sideswipe-Same Direction,On Roadway - Non-Intersection,Dusk,Cloudy,Wet,Atlanta Police Department,"[""None Used"",""Unknown""]","[""Motor Vehicle in Motion"",""Motor Vehicle in Motion""]","[""Motor Vehicle in Motion"",""Motor Vehicle in Motion""]","[""Changed Lanes Improperly"",""Changed Lanes Improperly""]",R357,116.03608336275006
2022-06-15,14:40:00,14,2022,6,15,Wednesday,33.756882,-84.378674,(O) No Injury,0.0,0.0,0.0,Atlanta,FULTON,I-75,None and I-75,Rear End,Entrance/Exit Ramp,Daylight,Clear,Dry,Atlanta Police Department,"[""Unknown"",""Unknown""]","[""Motor Vehicle in Motion"",""Motor Vehicle in Motion""]","[""Motor Vehicle in Motion"",""Motor Vehicle in Motion""]",,9,206.2866538683433
2022-06-16,18:00:00,18,2022,6,16,Thursday,33.795617,-84.393342,(O) No Injury,0.0,0.0,0.0,Atlanta,FULTON,I-75Sb Ramp To I-85Nb,None and I-75Sb Ramp To I-85Nb,Sideswipe-Same Direction,Entrance/Exit Ramp,Daylight,Cloudy,Dry,Gsp Post 00,"[""Lap and Shoulder Belt Used"",""Lap and Shoulder Belt Used"",""Lap and Shoulder Belt Used""]","[""Motor Vehicle in Motion"",""Motor Vehicle in Motion""]","[""Motor Vehicle in Motion"",""Motor Vehicle in Motion""]",Other Activity - Mobile Device (Distracted),R356,132.30373877447053
2022-06-16,10:50:00,10,2022,6,16,Thursday,33.798027,-84.393224,(O) No Injury,0.0,0.0,0.0,Atlanta,FULTON,I-85 Sb,I-85 Sb and Armour Drive,Rear End,On Roadway - Non-Intersection,Daylight,Clear,Dry,Gsp Post 00,"[""Unknown"",""Lap and Shoulder Belt Used""]","[""Motor Vehicle in Motion"",""Motor Vehicle in Motion""]","[""Motor Vehicle in Motion"",""Motor Vehicle in Motion""]",Following Too Close,R365,93.9643615530615
2022-06-16,16:43:00,16,2022,6,16,Thursday,33.874454,-84.446488,(C) Possible Injury / Complaint,0.0,0.0,0.0,Atlanta,FULTON,I-75 Nb,I-75 Nb and Cumberland Blvd,Rear End,On Roadway - Non-Intersection,Daylight,Clear,Dry,Gsp Post 00,"[""Lap and Shoulder Belt Used"",""Lap and Shoulder Belt Used"",""Lap and Shoulder Belt Used"",""Lap and Shoulder Belt Used"",""Lap and Shoulder Belt Used""]","[""Motor Vehicle in Motion"",""Motor Vehicle in Motion"",""Motor Vehicle in Motion""]","[""Motor Vehicle in Motion"",""Motor Vehicle in Motion"",""Motor Vehicle in Motion""]",Following Too Close,308,36.458278402496845
2022-06-17,08:14:00,8,2022,6,17,Friday,33.759385,-84.378344,(C) Possible Injury / Complaint,0.0,0.0,0.0,Atlanta,FULTON,John Lewis Freeddom Parkway,Fort Street and John Lewis Freeddom Parkway,Angle Crash,On Roadway - Roadway Intersection,Daylight,Clear,Dry,Gsp Post 00,"[""Lap and Shoulder Belt Used"",""Lap and Shoulder Belt Used""]","[""Motor Vehicle in Motion"",""Motor Vehicle in Motion""]","[""Motor Vehicle in Motion"",""Impact Attenuate""]",Disregard Stop Sign/Signal,9,73.11078710435534
2022-06-17,13:45:00,13,2022,6,17,Friday,33.687018,-84.398904,(O) No Injury,0.0,0.0,0.0,Atlanta,FULTON,75 North,85 North and 75 North,Sideswipe-Same Direction,On Roadway - Non-Intersection,Daylight,Clear,Dry,Gsp Post 00,"[""Unknown"",""Lap and Shoulder Belt Used""]","[""Motor Vehicle in Motion"",""Motor Vehicle in Motion""]","[""Motor Vehicle in Motion"",""Motor Vehicle in Motion""]",Changed Lanes Improperly,R357,206.1456986036118
2022-06-18,16:30:00,16,2022,6,18,Saturday,33.806666,-84.378898,(O) No Injury,0.0,0.0,0.0,Atlanta,FULTON,Ga-13,None and Ga-13,Angle Crash,On Roadway - Non-Intersection,Daylight,Clear,Dry,Atlanta Police Department,"[""Lap and Shoulder Belt Used"",""Lap and Shoulder Belt Used"",""Lap and Shoulder Belt Used""]","[""Motor Vehicle in Motion"",""Motor Vehicle in Motion""]","[""Motor Vehicle in Motion"",""Motor Vehicle in Motion""]",Following Too Close,322,91.0796565833943
2022-06-18,23:45:00,23,2022,6,18,Saturday,33.743253,-84.404867,(C) Possible Injury / Complaint,0.0,0.0,0.0,Atlanta,FULTON,Whitehall St Sw,Mcdaniel St Sw and Whitehall St Sw,Angle Crash,On Roadway - Non-Intersection,Dark-Not Lighted,Clear,Dry,Atlanta Police Department,Unknown,"[""Motor Vehicle in Motion"",""Parked Motor Vehicle""]","[""Parked Motor Vehicle"",""Parked Motor Vehicle""]",Driver Lost Control,315,217.19822864499207
2022-06-19,12:51:00,12,2022,6,19,Sunday,33.743445,-84.376156,(O) No Injury,0.0,0.0,0.0,Atlanta,FULTON,I-20,None and I-20,Rear End,On Roadway - Non-Intersection,Daylight,Clear,Dry,Atlanta Police Department,"[""Unknown"",""Unknown"",""Booster Seat (Properly Used)"",""Unknown"",""Unknown""]","[""Motor Vehicle in Motion"",""Motor Vehicle in Motion""]","[""Motor Vehicle in Motion"",""Motor Vehicle in Motion""]",,77,237.3071792216924
2022-06-19,15:30:00,15,2022,6,19,Sunday,33.743492,-84.379783,(O) No Injury,0.0,0.0,0.0,Atlanta,FULTON,I-20,None and I-20,Rear End,On Roadway - Non-Intersection,Daylight,Clear,Dry,Atlanta Police Department,"[""Lap and Shoulder Belt Used"",""Lap Belt Only Used"",""Lap and Shoulder Belt Used""]","[""Motor Vehicle in Motion"",""Motor Vehicle in Motion"",""Motor Vehicle in Motion""]","[""Motor Vehicle in Motion"",""Motor Vehicle in Motion"",""Motor Vehicle in Motion""]",Following Too Close,77,108.57970083907084
2022-06-19,02:00:00,2,2022,6,19,Sunday,33.798905,-84.392743,(C) Possible Injury / Complaint,0.0,0.0,0.0,Atlanta,FULTON,I-85 Exit 85 Rp,None and I-85 Exit 85 Rp,Sideswipe-Same Direction,On Roadway - Non-Intersection,Dark-Lighted,Clear,Dry,Atlanta Police Department,"[""Lap and Shoulder Belt Used"",""Lap and Shoulder Belt Used""]","[""Motor Vehicle in Motion"",""Motor Vehicle in Motion""]","[""Motor Vehicle in Motion"",""Motor Vehicle in Motion""]",,R365,191.74594137294528
2022-06-19,00:30:00,0,2022,6,19,Sunday,33.797345,-84.395507,(O) No Injury,0.0,0.0,0.0,Atlanta,FULTON,Deering Rd Nw,I-75 S and Deering Rd Nw,Rear End,On Roadway - Non-Intersection,Dark-Lighted,Clear,Dry,Atlanta Police Department,"[""Unknown"",""Unknown""]","[""Motor Vehicle in Motion"",""Motor Vehicle in Motion""]","[""Motor Vehicle in Motion"",""Motor Vehicle in Motion""]",Following Too Close,R365,133.3700180733469