Date,Time,Hour,Year,Month,Day,DayOfWeek,Crash Latitude,Crash Longitude,KABCO Severity,# of Fatalities per Crash,# Serious Injuries,# Visible Injuries,Geolocated City,Geolocated County,Roadway (From Crash Report),Intersection Name (from Crash Report),Manner of Collision (Crash Level),Location at Impact (Crash Level),Light Conditions (Crash Level),Weather Conditions (Crash Level),Surface Condition (Crash Level),Agency Name (Crash Level),Safety Equipment (Crash Level),First Harmful Event (Unit Order),Most Harmful Event (Crash Level),"Operator/Pedestrian Contrib Factor (excl None, Other, No Contrib Factors)",join_id,Crash_to_TMAS_m
2022-06-30,20:47:00,20,2022,6,30,Thursday,33.79629,-84.39483,(O) No Injury,0.0,0.0,0.0,Atlanta,FULTON,I-75,None and I-75,Rear End,On Roadway - Non-Intersection,Dark-Lighted,Severe Thunderstorm or Tornadic,Water (standing or moving),Atlanta Police Department,"[""Unknown"",""Unknown"",""Child Restraint System (Properly Used)""]","[""Motor Vehicle in Motion"",""Motor Vehicle in Motion""]","[""Motor Vehicle in Motion"",""Motor Vehicle in Motion""]",Following Too Close,R356,49.59013871834232
2022-07-01,12:40:00,12,2022,7,1,Friday,33.79839,-84.395689,(O) No Injury,0.0,0.0,0.0,Atlanta,FULTON,I-75Nb,I-85 and I-75Nb,Rear End,On Roadway - Non-Intersection,Daylight,Rain,Wet,Gsp Post 00,"[""Lap and Shoulder Belt Used"",""Lap and Shoulder Belt Used"",""Child Restraint System (Properly Used)"",""Lap and Shoulder Belt Used""]","[""Motor Vehicle in Motion"",""Motor Vehicle in Motion""]","[""Motor Vehicle in Motion"",""Motor Vehicle in Motion""]",Following Too Close,R365,171.31501120096038
2022-07-01,16:30:00,16,2022,7,1,Friday,33.743506,-84.379185,(O) No Injury,0.0,0.0,0.0,Atlanta,FULTON,I-20 Wb,Hill St and I-20 Wb,Rear End,On Roadway - Non-Intersection,Daylight,Clear,Dry,Gsp Post 00,"[""Lap and Shoulder Belt Used"",""Lap and Shoulder Belt Used""]","[""Motor Vehicle in Motion"",""Motor Vehicle in Motion""]","[""Motor Vehicle in Motion"",""Motor Vehicle in Motion""]",Following Too Close,77,61.272447593056114
2022-07-01,10:57:00,10,2022,7,1,Friday,33.873191,-84.445551,(C) Possible Injury / Complaint,0.0,0.0,0.0,Atlanta,FULTON,I-75 Southbound,Mt Paran and I-75 Southbound,Rear End,On Roadway - Non-Intersection,Daylight,Clear,Wet,Gsp Post 00,"[""Lap and Shoulder Belt Used"",""Lap and Shoulder Belt Used""]","[""Motor Vehicle in Motion"",""Motor Vehicle in Motion""]","[""Motor Vehicle in Motion"",""Motor Vehicle in Motion""]","[""Too Fast for Conditions"",""Following Too Close""]",308,134.5797016872901
2022-07-01,12:40:00,12,2022,7,1,Friday,33.807691,-84.379213,(O) No Injury,0.0,0.0,0.0,Atlanta,FULTON,I-85 Nb,I-85 Nb and Peachtree Street,Rear End,On Roadway - Non-Intersection,Daylight,Rain,Wet,Gsp Post 00,"[""Lap and Shoulder Belt Used"",""Lap and Shoulder Belt Used""]","[""Motor Vehicle in Motion"",""Motor Vehicle in Motion""]","[""Motor Vehicle in Motion"",""Motor Vehicle in Motion""]",Following Too Close,322,82.6401181549794
2022-07-01,14:39:00,14,2022,7,1,Friday,33.743307,-84.379296,(O) No Injury,0.0,0.0,0.0,Atlanta,FULTON,I-20 W,I-20 W and Cherokee Ave,Rear End,On Roadway - Non-Intersection,Daylight,Rain,Wet,Gsp Post 00,"[""Lap and Shoulder Belt Used"",""Lap and Shoulder Belt Used"",""Lap and Shoulder Belt Used""]","[""Motor Vehicle in Motion"",""Motor Vehicle in Motion""]","[""Motor Vehicle in Motion"",""Motor Vehicle in Motion""]",Following Too Close,77,59.14866609472824
2022-07-01,10:50:00,10,2022,7,1,Friday,33.74349,-84.378309,(C) Possible Injury / Complaint,0.0,0.0,0.0,Atlanta,FULTON,I-20 West,I-20 West and Hill Street Overpass,Rear End,On Roadway - Non-Intersection,Daylight,Clear,Dry,Gsp Post 00,"[""Lap and Shoulder Belt Used"",""Lap and Shoulder Belt Used""]","[""Motor Vehicle in Motion"",""Motor Vehicle in Motion""]","[""Motor Vehicle in Motion"",""Motor Vehicle in Motion""]",Following Too Close,77,52.490660563951096
2022-07-01,13:15:00,13,2022,7,1,Friday,33.68694,-84.398419,(O) No Injury,0.0,0.0,0.0,Atlanta,FULTON,Langford Pkwy,I-75 Nb and Langford Pkwy,Angle Crash,On Roadway - Non-Intersection,Daylight,Rain,Wet,Gsp Post 00,"[""Lap and Shoulder Belt Used"",""Lap and Shoulder Belt Used""]","[""Motor Vehicle in Motion"",""Motor Vehicle in Motion""]","[""Motor Vehicle in Motion"",""Motor Vehicle in Motion""]",Changed Lanes Improperly,R357,246.776361060816
2022-07-01,10:16:00,10,2022,7,1,Friday,33.743467,-84.380416,(O) No Injury,0.0,0.0,0.0,Atlanta,FULTON,I-20 West,I-20 West and Hill Street,Rear End,On Roadway - Non-Intersection,Daylight,Clear,Dry,Gsp Post 00,"[""Lap and Shoulder Belt Used"",""Child Restraint System (Properly Used)"",""Lap and Shoulder Belt Used""]","[""Motor Vehicle in Motion"",""Motor Vehicle in Motion""]","[""Motor Vehicle in Motion"",""Motor Vehicle in Motion""]",Following Too Close,77,164.04886115608303
2022-07-01,00:55:00,0,2022,7,1,Friday,33.79755,-84.39548,(O) No Injury,0.0,0.0,0.0,Atlanta,FULTON,Deering Rd Nw Exit 251 Rp,None and Deering Rd Nw Exit 251 Rp,Sideswipe-Same Direction,On Roadway - Non-Intersection,Dark-Lighted,Rain,Wet,Atlanta Police Department,"[""Lap and Shoulder Belt Used"",""Lap and Shoulder Belt Used"",""Lap and Shoulder Belt Used"",""Lap and Shoulder Belt Used""]","[""Motor Vehicle in Motion"",""Motor Vehicle in Motion""]","[""Motor Vehicle in Motion"",""Motor Vehicle in Motion""]",Changed Lanes Improperly,R365,127.95347697933371
2022-07-02,16:21:00,16,2022,7,2,Saturday,33.743494,-84.379714,(O) No Injury,0.0,0.0,0.0,Atlanta,FULTON,I-20,None and I-20,Sideswipe-Same Direction,On Roadway - Non-Intersection,Daylight,Clear,Dry,Atlanta Police Department,"[""Lap and Shoulder Belt Used"",""Lap and Shoulder Belt Used""]","[""Motor Vehicle in Motion"",""Motor Vehicle in Motion""]","[""Motor Vehicle in Motion"",""Motor Vehicle in Motion""]",Changed Lanes Improperly,77,102.72245723251582
2022-07-02,05:13:00,5,2022,7,2,Saturday,33.806358,-84.379591,(O) No Injury,0.0,0.0,0.0,Atlanta,FULTON,Ga-13,None and Ga-13,Sideswipe-Same Direction,"On Roadway - Managed Lane (HOV, HOT, Reversible)",Dark-Lighted,Clear,Dry,Atlanta Police Department,"[""Unknown"",""Unknown""]","[""Motor Vehicle in Motion"",""Motor Vehicle in Motion""]","[""Motor Vehicle in Motion"",""Motor Vehicle in Motion""]",Changed Lanes Improperly,322,82.38325057952335
2022-07-02,08:00:00,8,2022,7,2,Saturday,33.743494,-84.378521,(C) Possible Injury / Complaint,0.0,0.0,0.0,Atlanta,FULTON,Exit 58A,I-20 W and Exit 58A,Rear End,On Roadway - Non-Intersection,Daylight,Clear,Dry,Atlanta Police Department,"[""Unknown"",""Unknown"",""Unknown""]","[""Motor Vehicle in Motion"",""Motor Vehicle in Motion""]","[""Motor Vehicle in Motion"",""Motor Vehicle in Motion""]",Following Too Close,77,42.28629472960038
2022-07-02,21:36:00,21,2022,7,2,Saturday,33.806629,-84.380612,(O) No Injury,0.0,0.0,0.0,Atlanta,FULTON,I-85,None and I-85,Rear End,On Roadway - Non-Intersection,Dark-Lighted,Clear,Dry,Atlanta Police Department,"[""Lap and Shoulder Belt Used"",""Lap and Shoulder Belt Used""]","[""Motor Vehicle in Motion"",""Motor Vehicle in Motion""]","[""Motor Vehicle in Motion"",""Motor Vehicle in Motion""]","[""Too Fast for Conditions"",""Following Too Close""]",322,95.60209149321682
2022-07-02,17:41:00,17,2022,7,2,Saturday,33.743481,-84.38006,(C) Possible Injury / Complaint,0.0,0.0,0.0,Atlanta,FULTON,I-20,I-20 and Hill St Se,Rear End,On Roadway - Non-Intersection,Daylight,Clear,Dry,Atlanta Police Department,"[""Lap and Shoulder Belt Used"",""Lap and Shoulder Belt Used"",""Lap and Shoulder Belt Used""]","[""Motor Vehicle in Motion"",""Motor Vehicle in Motion""]","[""Motor Vehicle in Motion"",""Motor Vehicle in Motion""]",Following Too Close,77,132.5046248043732
2022-07-03,01:30:00,1,2022,7,3,Sunday,33.793105,-84.391299,(O) No Injury,0.0,0.0,0.0,Atlanta,FULTON,I-75 South,I-75 South and Northside Drive,Rear End,On Roadway - Non-Intersection,Dark-Lighted,Clear,Dry,Gsp Post 00,"[""Unknown"",""Lap and Shoulder Belt Used""]","[""Motor Vehicle in Motion"",""Motor Vehicle in Motion""]","[""Motor Vehicle in Motion"",""Motor Vehicle in Motion""]",Following Too Close,R378,224.3020145258152
2022-07-03,00:30:00,0,2022,7,3,Sunday,33.807266,-84.379512,(O) No Injury,0.0,0.0,0.0,Atlanta,FULTON,I-85 Exit 86 Rp,None and I-85 Exit 86 Rp,Not a Collision with Motor Vehicle,Entrance/Exit Ramp,Dark-Lighted,Clear,Dry,Atlanta Police Department,"[""Lap and Shoulder Belt Used"",""Lap and Shoulder Belt Used""]",Guard Rail Face,Guard Rail Fence,Driver Lost Control,322,28.763153434814
2022-07-03,00:07:00,0,2022,7,3,Sunday,33.805858,-84.381563,(O) No Injury,0.0,0.0,0.0,Atlanta,FULTON,I-85,None and I-85,Rear End,On Roadway - Non-Intersection,Dark-Lighted,Clear,Dry,Atlanta Police Department,"[""Lap and Shoulder Belt Used"",""Lap and Shoulder Belt Used"",""Lap and Shoulder Belt Used""]","[""Motor Vehicle in Motion"",""Motor Vehicle in Motion""]","[""Motor Vehicle in Motion"",""Motor Vehicle in Motion""]","[""Following Too Close"",""Too Fast for Conditions""]",322,217.2495098697999
2022-07-03,02:48:00,2,2022,7,3,Sunday,33.763348,-84.492748,(A) Suspected Serious Injury,0.0,1.0,0.0,Atlanta,FULTON,I-285 Exit 10B Rp,None and I-285 Exit 10B Rp,Rear End,Entrance/Exit Ramp,Dark-Lighted,Clear,Dry,Atlanta Police Department,Lap and Shoulder Belt Used,"[""Parked Motor Vehicle"",""Motor Vehicle in Motion""]","[""Parked Motor Vehicle"",""Motor Vehicle in Motion""]",Parked Improperly,R376,109.44874267097964
2022-07-03,19:55:00,19,2022,7,3,Sunday,33.685166,-84.398892,(O) No Injury,0.0,0.0,0.0,Atlanta,FULTON,I-75,None and I-75,Sideswipe-Same Direction,On Roadway - Non-Intersection,Daylight,Cloudy,Dry,Atlanta Police Department,"[""Lap and Shoulder Belt Used"",""Lap and Shoulder Belt Used""]","[""Motor Vehicle in Motion"",""Motor Vehicle in Motion""]","[""Motor Vehicle in Motion"",""Motor Vehicle in Motion""]","[""Driver Lost Control"",""Driver Lost Control""]",R357,238.6940604398605
2022-07-04,23:25:00,23,2022,7,4,Monday,33.743309,-84.380954,(O) No Injury,0.0,0.0,0.0,Atlanta,FULTON,75 85 Nb Expy Ne   Peachtree St Ne Rp,None and 75 85 Nb Expy Ne   Peachtree St Ne Rp,Sideswipe-Same Direction,On Shoulder,Dark-Not Lighted,Cloudy,Wet,Atlanta Police Department,"[""Unknown"",""Unknown"",""Unknown""]","[""Motor Vehicle in Motion"",""Motor Vehicle in Motion""]","[""Motor Vehicle in Motion"",""Motor Vehicle in Motion""]",Changed Lanes Improperly,77,210.69093892818975
2022-07-04,22:30:00,22,2022,7,4,Monday,33.807204,-84.379878,(C) Possible Injury / Complaint,0.0,0.0,0.0,Atlanta,FULTON,I-75,None and I-75,Rear End,On Roadway - Non-Intersection,Dark-Lighted,Rain,Water (standing or moving),Atlanta Police Department,"[""Unknown"",""Unknown""]","[""Motor Vehicle in Motion"",""Motor Vehicle in Motion""]","[""Motor Vehicle in Motion"",""Motor Vehicle in Motion""]",Following Too Close,322,17.98258326064278
2022-07-04,13:41:00,13,2022,7,4,Monday,33.759385,-84.378344,(C) Possible Injury / Complaint,0.0,0.0,0.0,Atlanta,FULTON,Ellis St Ne,None and Ellis St Ne,Angle Crash,On Roadway - Roadway Intersection,Daylight,Clear,Dry,Atlanta Police Department,"[""Unknown"",""Unknown"",""Unknown""]","[""Motor Vehicle in Motion"",""Motor Vehicle in Motion""]","[""Motor Vehicle in Motion"",""Motor Vehicle in Motion""]",Disregard Other Traffic Control,9,73.11078710435534
2022-07-05,06:52:00,6,2022,7,5,Tuesday,33.71068,-84.401657,(O) No Injury,0.0,0.0,0.0,Atlanta,FULTON,7585 North,7585 North and University Ave,Sideswipe-Same Direction,On Roadway - Non-Intersection,Daylight,Clear,Wet,Gsp Post 00,"[""Unknown"",""Lap and Shoulder Belt Used""]","[""Motor Vehicle in Motion"",""Motor Vehicle in Motion""]","[""Motor Vehicle in Motion"",""Motor Vehicle in Motion""]",,310,215.1257071426023
2022-07-05,16:56:00,16,2022,7,5,Tuesday,33.759654,-84.481059,(C) Possible Injury / Complaint,0.0,0.0,0.0,Atlanta,FULTON,I-20 Wb,I-285 and I-20 Wb,Rear End,On Roadway - Non-Intersection,Daylight,Clear,Dry,Gsp Post 00,"[""Lap and Shoulder Belt Used"",""Lap and Shoulder Belt Used"",""Lap and Shoulder Belt Used""]","[""Motor Vehicle in Motion"",""Motor Vehicle in Motion"",""Motor Vehicle in Motion""]","[""Motor Vehicle in Motion"",""Motor Vehicle in Motion"",""Motor Vehicle in Motion""]",Following Too Close,313,217.51834596132224
2022-07-05,03:00:00,3,2022,7,5,Tuesday,33.686153,-84.402251,(C) Possible Injury / Complaint,0.0,0.0,0.0,Atlanta,FULTON,I-85,None and I-85,Sideswipe-Same Direction,On Roadway - Non-Intersection,Dark-Lighted,Clear,Wet,Atlanta Police Department,"[""Unknown"",""Lap and Shoulder Belt Used"",""Lap and Shoulder Belt Used""]","[""Motor Vehicle in Motion"",""Motor Vehicle in Motion""]","[""Motor Vehicle in Motion"",""Motor Vehicle in Motion""]",,R357,119.22547199260748
2022-07-05,03:10:00,3,2022,7,5,Tuesday,33.76236,-84.491638,(O) No Injury,0.0,0.0,0.0,Atlanta,FULTON,Exit 51B Rp,None and Exit 51B Rp,Not a Collision with Motor Vehicle,Off Roadway,Dark-Lighted,Rain,Wet,Atlanta Police Department,Unknown,Motor Vehicle in Motion,Motor Vehicle in Motion,Driver Lost Control,R376,135.40180332614807
2022-07-05,16:16:00,16,2022,7,5,Tuesday,33.759546,-84.3787,(O) No Injury,0.0,0.0,0.0,Atlanta,FULTON,Jw Dobbs Ramp To I-7585 North,None and Jw Dobbs Ramp To I-7585 North,Rear End,Entrance/Exit Ramp,Daylight,Cloudy,Dry,Gsp Post 00,"[""Lap and Shoulder Belt Used"",""Lap and Shoulder Belt Used"",""Lap and Shoulder Belt Used"",""Lap and Shoulder Belt Used""]","[""Motor Vehicle in Motion"",""Motor Vehicle in Motion"",""Motor Vehicle in Motion""]","[""Motor Vehicle in Motion"",""Motor Vehicle in Motion"",""Motor Vehicle in Motion""]","[""Following Too Close"",""Too Fast for Conditions""]",9,93.93279202860414
2022-07-05,20:00:00,20,2022,7,5,Tuesday,33.759385,-84.378344,(B) Suspected Minor/Visible Injury,0.0,0.0,1.0,Atlanta,FULTON,Fort St Ne,Fort St Ne and John Lewis Freedom Pkwy Ne,Angle Crash,On Roadway - Roadway Intersection,Daylight,Clear,Dry,Atlanta Police Department,"[""Lap and Shoulder Belt Used"",""Lap and Shoulder Belt Used""]","[""Motor Vehicle in Motion"",""Motor Vehicle in Motion""]","[""Motor Vehicle in Motion"",""Motor Vehicle in Motion""]",Disregard Other Traffic Control,9,73.11078710435534
2022-07-06,08:18:00,8,2022,7,6,Wednesday,33.760549,-84.379546,(O) No Injury,0.0,0.0,0.0,Atlanta,FULTON,I-75,None and I-75,Sideswipe-Same Direction,On Roadway - Non-Intersection,Daylight,Clear,Dry,Atlanta Police Department,"[""Lap and Shoulder Belt Used"",""Lap and Shoulder Belt Used""]","[""Motor Vehicle in Motion"",""Motor Vehicle in Motion""]","[""Motor Vehicle in Motion"",""Motor Vehicle in Motion""]","[""Changed Lanes Improperly"",""Changed Lanes Improperly""]",9,226.7825492815288
2022-07-06,22:02:00,22,2022,7,6,Wednesday,33.74349,-84.378292,(O) No Injury,0.0,0.0,0.0,Atlanta,FULTON,Courtland St Ne,Ellis St Ne and Courtland St Ne,Sideswipe-Same Direction,On Roadway - Roadway Intersection,Dark-Not Lighted,Clear,Dry,Atlanta Police Department,"[""Unknown"",""Unknown""]","[""Motor Vehicle in Motion"",""Motor Vehicle in Motion""]","[""Motor Vehicle in Motion"",""Motor Vehicle in Motion""]","[""Misjudged Clearance"",""Misjudged Clearance""]",77,53.56352200040319
2022-07-06,11:26:00,11,2022,7,6,Wednesday,33.764551,-84.492847,(C) Possible Injury / Complaint,0.0,0.0,0.0,Atlanta,FULTON,I-20,I-20 and Exit 51A,Sideswipe-Same Direction,On Roadway - Non-Intersection,Daylight,Clear,Dry,Atlanta Police Department,"[""Unknown"",""Unknown""]","[""Motor Vehicle in Motion"",""Motor Vehicle in Motion""]","[""Motor Vehicle in Motion"",""Motor Vehicle in Motion""]",Changed Lanes Improperly,R376,157.9810820950393
2022-07-06,22:04:00,22,2022,7,6,Wednesday,33.741556,-84.402936,(C) Possible Injury / Complaint,0.0,0.0,0.0,Atlanta,FULTON,Mcdaniel St Sw,Fulton St Sw and Mcdaniel St Sw,Sideswipe-Same Direction,On Roadway - Roadway Intersection,Dark-Lighted,Clear,Dry,Atlanta Police Department,"[""Unknown"",""Unknown""]","[""Motor Vehicle in Motion"",""Motor Vehicle in Motion""]","[""Motor Vehicle in Motion"",""Motor Vehicle in Motion""]",Changed Lanes Improperly,315,154.21947972566863
2022-07-06,16:45:00,16,2022,7,6,Wednesday,33.709819,-84.402328,(O) No Injury,0.0,0.0,0.0,Atlanta,FULTON,I-75,None and I-75,Sideswipe-Same Direction,On Roadway - Non-Intersection,Daylight,Clear,Dry,Atlanta Police Department,"[""Unknown"",""Unknown""]","[""Motor Vehicle in Motion"",""Motor Vehicle in Motion""]","[""Motor Vehicle in Motion"",""Motor Vehicle in Motion""]",Changed Lanes Improperly,310,112.0797132898835
2022-07-07,16:13:00,16,2022,7,7,Thursday,33.78758,-84.406479,(O) No Injury,0.0,0.0,0.0,Atlanta,FULTON,16Th St Nw,16Th St Nw and Northside Dr Nw,Rear End,On Roadway - Non-Intersection,Daylight,Clear,Dry,Atlanta Police Department,"[""Unknown"",""Unknown""]","[""Motor Vehicle in Motion"",""Motor Vehicle in Motion""]","[""Motor Vehicle in Motion"",""Motor Vehicle in Motion""]",,86,243.88225683290244
2022-07-07,21:55:00,21,2022,7,7,Thursday,33.798459,-84.396148,(O) No Injury,0.0,0.0,0.0,Atlanta,FULTON,I-75,None and I-75,Rear End,On Roadway - Non-Intersection,Dark-Lighted,Clear,Dry,Atlanta Police Department,"[""Unknown"",""Unknown""]","[""Motor Vehicle in Motion"",""Motor Vehicle in Motion""]","[""Motor Vehicle in Motion"",""Motor Vehicle in Motion""]",,R365,212.30652257773056
2022-07-07,13:48:00,13,2022,7,7,Thursday,33.796036,-84.393678,(O) No Injury,0.0,0.0,0.0,Atlanta,FULTON,I-85 South,Armour Dr and I-85 South,Sideswipe-Same Direction,On Roadway - Non-Intersection,Daylight,Cloudy,Dry,Gsp Post 00,"[""Unknown"",""Lap and Shoulder Belt Used""]","[""Motor Vehicle in Motion"",""Motor Vehicle in Motion""]","[""Motor Vehicle in Motion"",""Motor Vehicle in Motion""]",Changed Lanes Improperly,R356,77.97064250470756
2022-07-09,12:23:00,12,2022,7,9,Saturday,33.677044,-84.397696,(O) No Injury,0.0,0.0,0.0,Atlanta,FULTON,I-75,I-75 and Exit 241,Sideswipe-Same Direction,"On Roadway - Managed Lane (HOV, HOT, Reversible)",Daylight,Rain,Water (standing or moving),Atlanta Police Department,"[""Unknown"",""Unknown"",""Unknown"",""Lap and Shoulder Belt Used"",""Child Restraint System (Properly Used)""]","[""Motor Vehicle in Motion"",""Motor Vehicle in Motion""]","[""Motor Vehicle in Motion"",""Motor Vehicle in Motion""]",Changed Lanes Improperly,309,83.54394960939005
2022-07-09,08:57:00,8,2022,7,9,Saturday,33.687907,-84.399617,(O) No Injury,0.0,0.0,0.0,Atlanta,FULTON,I-75,None and I-75,Angle Crash,"On Roadway - Managed Lane (HOV, HOT, Reversible)",Daylight,Rain,Water (standing or moving),Atlanta Police Department,"[""Lap and Shoulder Belt Used"",""Lap and Shoulder Belt Used""]","[""Motor Vehicle in Motion"",""Motor Vehicle in Motion""]","[""Motor Vehicle in Motion"",""Motor Vehicle in Motion""]",Too Fast for Conditions,R357,210.74111025882712
2022-07-09,08:29:00,8,2022,7,9,Saturday,33.795555,-84.39333,(O) No Injury,0.0,0.0,0.0,Atlanta,FULTON,I-85,None and I-85,Angle Crash,On Roadway - Non-Intersection,Daylight,Rain,Water (standing or moving),Atlanta Police Department,"[""Unknown"",""Unknown"",""Unknown""]","[""Motor Vehicle in Motion"",""Motor Vehicle in Motion""]","[""Motor Vehicle in Motion"",""Motor Vehicle in Motion""]",Too Fast for Conditions,R378,135.81084147153027
2022-07-09,17:00:00,17,2022,7,9,Saturday,33.757747,-84.378869,(O) No Injury,0.0,0.0,0.0,Atlanta,FULTON,I-75 Hov Lane,I-75 Hov Lane and John Wesley Dobbs Ave Ne,Sideswipe-Same Direction,On Roadway - Roadway Intersection,Daylight,Clear,Dry,Atlanta Police Department,"[""Unknown"",""Unknown"",""Unknown"",""Child Restraint System (Properly Used)""]","[""Motor Vehicle in Motion"",""Motor Vehicle in Motion""]","[""Motor Vehicle in Motion"",""Motor Vehicle in Motion""]",Changed Lanes Improperly,9,116.40914006234908
2022-07-09,10:30:00,10,2022,7,9,Saturday,33.697379,-84.426443,(O) No Injury,0.0,0.0,0.0,Atlanta,FULTON,Langford Pkwy,Sylvan Rd Sw and Langford Pkwy,Not a Collision with Motor Vehicle,On Roadway - Non-Intersection,Daylight,Rain,Wet,Atlanta Police Department,Lap and Shoulder Belt Used,Motor Vehicle in Motion,Motor Vehicle in Motion,Too Fast for Conditions,113,195.1327917809347
2022-07-09,21:59:00,21,2022,7,9,Saturday,33.764092,-84.492036,(O) No Injury,0.0,0.0,0.0,Atlanta,FULTON,I-20,None and I-20,Rear End,On Roadway - Roadway Intersection,Dark-Lighted,Rain,Water (standing or moving),Atlanta Police Department,"[""Unknown"",""Unknown"",""Unknown"",""Unknown""]","[""Motor Vehicle in Motion"",""Motor Vehicle in Motion"",""Motor Vehicle in Motion"",""Motor Vehicle in Motion""]","[""Motor Vehicle in Motion"",""Motor Vehicle in Motion"",""Motor Vehicle in Motion"",""Motor Vehicle in Motion""]",Following Too Close,R376,69.70734897638134
2022-07-09,14:30:00,14,2022,7,9,Saturday,33.806539,-84.380495,(C) Possible Injury / Complaint,0.0,0.0,0.0,Atlanta,FULTON,I-85 Exit 85 Rp,None and I-85 Exit 85 Rp,Rear End,On Roadway - Non-Intersection,Daylight,Rain,Wet,Atlanta Police Department,"[""Shoulder Belt Only Used"",""Shoulder Belt Only Used""]","[""Motor Vehicle in Motion"",""Motor Vehicle in Motion""]","[""Motor Vehicle in Motion"",""Motor Vehicle in Motion""]",Following Too Close,322,92.8867167222872
2022-07-09,08:59:00,8,2022,7,9,Saturday,33.793533,-84.392259,(C) Possible Injury / Complaint,0.0,0.0,0.0,Atlanta,FULTON,I-85,None and I-85,Not a Collision with Motor Vehicle,"On Roadway - Managed Lane (HOV, HOT, Reversible)",Daylight,Rain,Water (standing or moving),Atlanta Police Department,Lap and Shoulder Belt Used,Other Non-Collision,Median Barrier,,R378,168.92032578646
2022-07-09,08:10:00,8,2022,7,9,Saturday,33.797908,-84.393287,(C) Possible Injury / Complaint,0.0,0.0,0.0,Atlanta,FULTON,I-75,I-75 and 14Th St Nw,Angle Crash,On Roadway - Non-Intersection,Daylight,Rain,Other,Atlanta Police Department,"[""Lap and Shoulder Belt Used"",""Lap and Shoulder Belt Used"",""Lap and Shoulder Belt Used""]","[""Motor Vehicle in Motion"",""Motor Vehicle in Motion"",""Motor Vehicle in Motion""]","[""Motor Vehicle in Motion"",""Motor Vehicle in Motion"",""Motor Vehicle in Motion""]",Changed Lanes Improperly,R365,82.7012111436417
2022-07-10,07:59:00,7,2022,7,10,Sunday,33.795734,-84.393364,(O) No Injury,0.0,0.0,0.0,Atlanta,FULTON,I-85,None and I-85,Not a Collision with Motor Vehicle,Off Roadway,Daylight,Rain,Water (standing or moving),Atlanta Police Department,Unknown,Other - Fixed Object,Other - Fixed Object,Too Fast for Conditions,R356,121.83132878128797
2022-07-11,17:50:00,17,2022,7,11,Monday,33.796122,-84.393682,(O) No Injury,0.0,0.0,0.0,Atlanta,FULTON,I-85 Sb,I-85 Sb and Peachtree Street,Sideswipe-Same Direction,On Roadway - Non-Intersection,Daylight,Clear,Dry,Gsp Post 00,"[""Lap and Shoulder Belt Used"",""Lap and Shoulder Belt Used"",""Lap and Shoulder Belt Used""]","[""Motor Vehicle in Motion"",""Motor Vehicle in Motion""]","[""Motor Vehicle in Motion"",""Motor Vehicle in Motion""]",Changed Lanes Improperly,R356,72.15389669353948
2022-07-11,22:45:00,22,2022,7,11,Monday,33.758444,-84.378083,(O) No Injury,0.0,0.0,0.0,Atlanta,FULTON,Exit 248C Rp,None and Exit 248C Rp,Sideswipe-Same Direction,On Roadway - Non-Intersection,Dark-Lighted,Clear,Dry,Atlanta Police Department,"[""Unknown"",""Unknown""]","[""Motor Vehicle in Motion"",""Motor Vehicle in Motion""]","[""Motor Vehicle in Motion"",""Motor Vehicle in Motion""]","[""Aggressive Driving"",""Changed Lanes Improperly""]",9,45.179019418987565
2022-07-12,19:05:00,19,2022,7,12,Tuesday,33.741392,-84.403402,(O) No Injury,0.0,0.0,0.0,Atlanta,FULTON,Fulton St Sw,Fulton St Sw and Mcdaniel St Sw,Sideswipe-Same Direction,On Roadway - Non-Intersection,Daylight,Clear,Dry,Atlanta Police Department,"[""Unknown"",""Unknown""]","[""Motor Vehicle in Motion"",""Motor Vehicle in Motion""]","[""Motor Vehicle in Motion"",""Motor Vehicle in Motion""]",Failure to Yield,315,185.63022738260852
2022-07-12,22:50:00,22,2022,7,12,Tuesday,33.793192,-84.392873,(O) No Injury,0.0,0.0,0.0,Atlanta,FULTON,I-75,None and I-75,Sideswipe-Same Direction,On Roadway - Collector Distributor (CD),Dark-Lighted,Clear,Dry,Atlanta Police Department,"[""Unknown"",""Unknown"",""Unknown"",""Unknown""]","[""Motor Vehicle in Motion"",""Motor Vehicle in Motion""]","[""Motor Vehicle in Motion"",""Motor Vehicle in Motion""]",Changed Lanes Improperly,R378,220.4152176310797