Date,Time,Hour,Year,Month,Day,DayOfWeek,Crash Latitude,Crash Longitude,KABCO Severity,# of Fatalities per Crash,# Serious Injuries,# Visible Injuries,Geolocated City,Geolocated County,Roadway (From Crash Report),Intersection Name (from Crash Report),Manner of Collision (Crash Level),Location at Impact (Crash Level),Light Conditions (Crash Level),Weather Conditions (Crash Level),Surface Condition (Crash Level),Agency Name (Crash Level),Safety Equipment (Crash Level),First Harmful Event (Unit Order),Most Harmful Event (Crash Level),"Operator/Pedestrian Contrib Factor (excl None, Other, No Contrib Factors)",join_id,Crash_to_TMAS_m
2022-07-12,08:37:00,8,2022,7,12,Tuesday,33.797669,-84.393094,(O) No Injury,0.0,0.0,0.0,Atlanta,FULTON,I-85 North,I-85 North and 17Th St Overpass,Rear End,On Roadway - Non-Intersection,Daylight,Cloudy,Dry,Gsp Post 00,"[""Lap and Shoulder Belt Used"",""Lap and Shoulder Belt Used""]","[""Motor Vehicle in Motion"",""Motor Vehicle in Motion""]","[""Motor Vehicle in Motion"",""Motor Vehicle in Motion""]",Following Too Close,R365,93.50246365042612
2022-07-13,23:00:00,23,2022,7,13,Wednesday,33.74277,-84.403203,(O) No Injury,0.0,0.0,0.0,Atlanta,FULTON,I-20 Exit 56B,I-20 E and I-20 Exit 56B,Sideswipe-Same Direction,On Roadway - Non-Intersection,Dark-Lighted,Clear,Dry,Atlanta Police Department,"[""Lap and Shoulder Belt Used"",""Lap and Shoulder Belt Used""]","[""Motor Vehicle in Motion"",""Motor Vehicle in Motion""]","[""Motor Vehicle in Motion"",""Motor Vehicle in Motion""]",,315,61.59144681200158
2022-07-13,19:55:00,19,2022,7,13,Wednesday,33.796851,-84.394883,(C) Possible Injury / Complaint,0.0,0.0,0.0,Atlanta,FULTON,I-75 Exit 250 Rp,None and I-75 Exit 250 Rp,Rear End,On Roadway - Non-Intersection,Daylight,Cloudy,Dry,Atlanta Police Department,"[""Unknown"",""Unknown"",""Unknown""]","[""Motor Vehicle in Motion"",""Motor Vehicle in Motion""]","[""Motor Vehicle in Motion"",""Motor Vehicle in Motion""]",Following Too Close,R356,65.70498182816281
2022-07-13,17:00:00,17,2022,7,13,Wednesday,33.795036,-84.39156,(C) Possible Injury / Complaint,0.0,0.0,0.0,Atlanta,FULTON,I-75,I-75 and I-85 N,Angle Crash,On Roadway - Non-Intersection,Daylight,Cloudy,Wet,Atlanta Police Department,"[""Lap and Shoulder Belt Used"",""Lap and Shoulder Belt Used""]","[""Motor Vehicle in Motion"",""Motor Vehicle in Motion""]","[""Motor Vehicle in Motion"",""Motor Vehicle in Motion""]",Changed Lanes Improperly,R378,40.76208498648148
2022-07-13,14:19:00,14,2022,7,13,Wednesday,33.79835,-84.396082,(O) No Injury,0.0,0.0,0.0,Atlanta,FULTON,I-75,None and I-75,Angle Crash,On Roadway - Non-Intersection,Daylight,Clear,Dry,Atlanta Police Department,"[""Lap and Shoulder Belt Used"",""Lap and Shoulder Belt Used""]","[""Motor Vehicle in Motion"",""Motor Vehicle in Motion""]","[""Motor Vehicle in Motion"",""Motor Vehicle in Motion""]",Changed Lanes Improperly,R365,201.5756111733838
2022-07-13,18:10:00,18,2022,7,13,Wednesday,33.759975,-84.379918,(O) No Injury,0.0,0.0,0.0,Atlanta,FULTON,I-75,I-75 and Andrew Young International Blvd Ne,Rear End,On Roadway - Non-Intersection,Daylight,Cloudy,Dry,Atlanta Police Department,"[""Unknown"",""Unknown""]","[""Motor Vehicle in Motion"",""Motor Vehicle in Motion""]","[""Motor Vehicle in Motion"",""Motor Vehicle in Motion""]",Following Too Close,9,195.18845155180236
2022-07-14,22:00:00,22,2022,7,14,Thursday,33.806562,-84.380694,(C) Possible Injury / Complaint,0.0,0.0,0.0,Atlanta,FULTON,I-85,None and I-85,Rear End,On Roadway - Non-Intersection,Dark-Lighted,Clear,Dry,Atlanta Police Department,"[""Unknown"",""Unknown"",""Unknown""]","[""Motor Vehicle in Motion"",""Motor Vehicle in Motion""]","[""Motor Vehicle in Motion"",""Motor Vehicle in Motion""]",Following Too Close,322,106.01931812180824
2022-07-14,12:55:00,12,2022,7,14,Thursday,33.797313,-84.393527,(O) No Injury,0.0,0.0,0.0,Atlanta,FULTON,I-785 Nb,I-785 Nb and Peachtree Street,Sideswipe-Same Direction,On Roadway - Non-Intersection,Daylight,Clear,Dry,Gsp Post 00,"[""Lap and Shoulder Belt Used"",""Lap and Shoulder Belt Used"",""Lap and Shoulder Belt Used""]","[""Motor Vehicle in Motion"",""Motor Vehicle in Motion""]","[""Motor Vehicle in Motion"",""Motor Vehicle in Motion""]",Changed Lanes Improperly,R365,61.89806259407839
2022-07-14,22:23:00,22,2022,7,14,Thursday,33.796814,-84.394405,(C) Possible Injury / Complaint,0.0,0.0,0.0,Atlanta,FULTON,I-75,None and I-75,Angle Crash,On Roadway - Non-Intersection,Dark-Lighted,Clear,Dry,Atlanta Police Department,"[""Unknown"",""Unknown"",""Unknown""]","[""Motor Vehicle in Motion"",""Motor Vehicle in Motion"",""Motor Vehicle in Motion""]","[""Motor Vehicle in Motion"",""Motor Vehicle in Motion"",""Motor Vehicle in Motion""]",,R356,38.640167058996646
2022-07-14,21:34:00,21,2022,7,14,Thursday,33.75916,-84.378737,(O) No Injury,0.0,0.0,0.0,Atlanta,FULTON,I-75,I-75 and Ellis St Ne,Angle Crash,On Roadway - Non-Intersection,Dark-Lighted,Clear,Dry,Atlanta Police Department,"[""Lap and Shoulder Belt Used"",""Lap and Shoulder Belt Used""]","[""Motor Vehicle in Motion"",""Motor Vehicle in Motion""]","[""Motor Vehicle in Motion"",""Motor Vehicle in Motion""]",Changed Lanes Improperly,9,55.54955090175456
2022-07-15,15:25:00,15,2022,7,15,Friday,33.793312,-84.39208,(O) No Injury,0.0,0.0,0.0,Atlanta,FULTON,I-85N,I-85N and 17Th St,Rear End,On Roadway - Non-Intersection,Daylight,Clear,Dry,Gsp Post 00,"[""Lap and Shoulder Belt Used"",""Lap and Shoulder Belt Used""]","[""Motor Vehicle in Motion"",""Motor Vehicle in Motion""]","[""Motor Vehicle in Motion"",""Motor Vehicle in Motion""]",Following Too Close,R378,191.8717376216671
2022-07-15,14:23:00,14,2022,7,15,Friday,33.806061,-84.381499,(O) No Injury,0.0,0.0,0.0,Atlanta,FULTON,Ga 13 S Entrance Ramp To I-85,Ga 13 S and Ga 13 S Entrance Ramp To I-85,Rear End,Entrance/Exit Ramp,Daylight,Clear,Dry,Gsp Post 00,"[""Lap and Shoulder Belt Used"",""Lap and Shoulder Belt Used"",""Lap and Shoulder Belt Used""]","[""Motor Vehicle in Motion"",""Motor Vehicle in Motion"",""Motor Vehicle in Motion""]","[""Motor Vehicle in Motion"",""Motor Vehicle in Motion"",""Motor Vehicle in Motion""]",Following Too Close,322,198.9472087740399
2022-07-16,16:30:00,16,2022,7,16,Saturday,33.75988,-84.379856,(O) No Injury,0.0,0.0,0.0,Atlanta,FULTON,Andrew Young International Blvd Ne,I-75 S and Andrew Young International Blvd Ne,Rear End,On Roadway - Non-Intersection,Daylight,Clear,Dry,Atlanta Police Department,"[""Unknown"",""Unknown""]","[""Motor Vehicle in Motion"",""Motor Vehicle in Motion""]","[""Motor Vehicle in Motion"",""Motor Vehicle in Motion""]",Following Too Close,9,183.7004084186437
2022-07-16,14:38:00,14,2022,7,16,Saturday,33.743471,-84.380307,(C) Possible Injury / Complaint,0.0,0.0,0.0,Atlanta,FULTON,I-20,None and I-20,Angle Crash,On Roadway - Non-Intersection,Daylight,Clear,Dry,Atlanta Police Department,"[""Lap and Shoulder Belt Used"",""Lap and Shoulder Belt Used""]","[""Motor Vehicle in Motion"",""Motor Vehicle in Motion""]","[""Motor Vehicle in Motion"",""Motor Vehicle in Motion""]",Changed Lanes Improperly,77,154.31684319025663
2022-07-16,21:45:00,21,2022,7,16,Saturday,33.795858,-84.39191,(O) No Injury,0.0,0.0,0.0,Atlanta,FULTON,Ga-13,None and Ga-13,Rear End,On Roadway - Non-Intersection,Dark-Lighted,Cloudy,Dry,Atlanta Police Department,"[""Lap and Shoulder Belt Used"",""Lap and Shoulder Belt Used""]","[""Motor Vehicle in Motion"",""Motor Vehicle in Motion""]","[""Motor Vehicle in Motion"",""Motor Vehicle in Motion""]",Following Too Close,R378,91.14253481293346
2022-07-16,16:30:00,16,2022,7,16,Saturday,33.75988,-84.379856,(O) No Injury,0.0,0.0,0.0,Atlanta,FULTON,Andrew Young International Blvd Ne,I-75 S and Andrew Young International Blvd Ne,Rear End,On Roadway - Non-Intersection,Daylight,Clear,Dry,Atlanta Police Department,"[""Unknown"",""Unknown"",""Unknown"",""Child Restraint System (Properly Used)"",""Unknown""]","[""Motor Vehicle in Motion"",""Motor Vehicle in Motion"",""Motor Vehicle in Motion""]","[""Motor Vehicle in Motion"",""Motor Vehicle in Motion"",""Motor Vehicle in Motion""]",,9,183.7004084186437
2022-07-16,17:48:00,17,2022,7,16,Saturday,33.796512,-84.392903,(K) Fatal Injury,1.0,0.0,0.0,Atlanta,FULTON,Ga-13,None and Ga-13,Not a Collision with Motor Vehicle,On Shoulder,Daylight,Clear,Dry,Atlanta Police Department,None Used,Median Barrier,Median Barrier,"[""Exceeding Speed Limit"",""Driver Lost Control""]",R356,133.19652986191448
2022-07-17,23:35:00,23,2022,7,17,Sunday,33.677492,-84.397765,(O) No Injury,0.0,0.0,0.0,Atlanta,FULTON,I-75,I-75 and Exit 241,Sideswipe-Same Direction,On Roadway - Non-Intersection,Dark-Not Lighted,Clear,Dry,Atlanta Police Department,"[""Unknown"",""Unknown"",""Unknown""]","[""Motor Vehicle in Motion"",""Motor Vehicle in Motion""]","[""Motor Vehicle in Motion"",""Motor Vehicle in Motion""]",Changed Lanes Improperly,309,133.0651795203798
2022-07-18,22:20:00,22,2022,7,18,Monday,33.806351,-84.379606,(O) No Injury,0.0,0.0,0.0,Atlanta,FULTON,Ga-13,None and Ga-13,Not a Collision with Motor Vehicle,Off Roadway,Dark-Lighted,Clear,Dry,Atlanta Police Department,"[""Lap and Shoulder Belt Used"",""Lap and Shoulder Belt Used""]",Guard Rail End,Guard Rail End,Driver Lost Control,322,82.92977730250242
2022-07-18,13:26:00,13,2022,7,18,Monday,33.794134,-84.392724,(O) No Injury,0.0,0.0,0.0,Atlanta,FULTON,I-85 North,17Th St and I-85 North,Sideswipe-Same Direction,On Roadway - Non-Intersection,Daylight,Cloudy,Dry,Gsp Post 00,"[""Lap and Shoulder Belt Used"",""Lap and Shoulder Belt Used"",""Lap and Shoulder Belt Used"",""Lap and Shoulder Belt Used"",""Lap and Shoulder Belt Used"",""Lap and Shoulder Belt Used""]","[""Motor Vehicle in Motion"",""Motor Vehicle in Motion""]","[""Motor Vehicle in Motion"",""Motor Vehicle in Motion""]",Changed Lanes Improperly,R378,120.84423098653672
2022-07-18,18:45:00,18,2022,7,18,Monday,33.743309,-84.377416,(O) No Injury,0.0,0.0,0.0,Atlanta,FULTON,I-20 Eb,I-20 Eb and Cherokee Ave,Sideswipe-Same Direction,On Roadway - Non-Intersection,Daylight,Cloudy,Dry,Gsp Post 00,"[""Unknown"",""Lap and Shoulder Belt Used"",""Lap and Shoulder Belt Used""]","[""Motor Vehicle in Motion"",""Motor Vehicle in Motion""]","[""Motor Vehicle in Motion"",""Motor Vehicle in Motion""]",Changed Lanes Improperly,77,119.56928971427716
2022-07-18,19:50:00,19,2022,7,18,Monday,33.796949,-84.395265,(O) No Injury,0.0,0.0,0.0,Atlanta,FULTON,I-75Sb,I-75Sb and Northside Dr,Rear End,On Roadway - Non-Intersection,Daylight,Cloudy,Wet,Gsp Post 00,"[""Lap and Shoulder Belt Used"",""Lap and Shoulder Belt Used"",""Lap and Shoulder Belt Used""]","[""Motor Vehicle in Motion"",""Motor Vehicle in Motion"",""Motor Vehicle in Motion""]","[""Motor Vehicle in Motion"",""Motor Vehicle in Motion"",""Motor Vehicle in Motion""]","[""Following Too Close"",""Following Too Close""]",R356,100.83009362166916
2022-07-18,06:30:00,6,2022,7,18,Monday,33.742549,-84.403675,(O) No Injury,0.0,0.0,0.0,Atlanta,FULTON,I-20 Eb,I-75/85 and I-20 Eb,Sideswipe-Same Direction,On Roadway - Non-Intersection,Daylight,Clear,Dry,Gsp Post 00,"[""Lap and Shoulder Belt Used"",""Lap and Shoulder Belt Used""]","[""Motor Vehicle in Motion"",""Motor Vehicle in Motion""]","[""Motor Vehicle in Motion"",""Motor Vehicle in Motion""]",Changed Lanes Improperly,315,110.84099800182034
2022-07-18,11:48:00,11,2022,7,18,Monday,33.798653,-84.392785,(O) No Injury,0.0,0.0,0.0,Atlanta,FULTON,I-85 South,Armour Dr and I-85 South,Rear End,On Roadway - Non-Intersection,Daylight,Clear,Dry,Gsp Post 00,"[""Lap and Shoulder Belt Used"",""Lap and Shoulder Belt Used""]","[""Motor Vehicle in Motion"",""Motor Vehicle in Motion""]","[""Motor Vehicle in Motion"",""Motor Vehicle in Motion""]",Following Too Close,R365,168.7848281565586
2022-07-19,09:40:00,9,2022,7,19,Tuesday,33.759385,-84.480471,(O) No Injury,0.0,0.0,0.0,Atlanta,FULTON,I-20 E,I-20 E and Linkwood Rd Overpass,Rear End,On Roadway - Non-Intersection,Daylight,Rain,Wet,Gsp Post 00,"[""Lap and Shoulder Belt Used"",""Lap and Shoulder Belt Used""]","[""Motor Vehicle in Motion"",""Motor Vehicle in Motion""]","[""Motor Vehicle in Motion"",""Motor Vehicle in Motion""]",Following Too Close,313,161.36165553423135
2022-07-19,15:45:00,15,2022,7,19,Tuesday,33.78622,-84.40535,(O) No Injury,0.0,0.0,0.0,Atlanta,FULTON,14Th St Nw,14Th St Nw and Flynn St Nw,Rear End,On Roadway - Non-Intersection,Daylight,Cloudy,Dry,Atlanta Police Department,"[""Unknown"",""Unknown""]","[""Motor Vehicle in Motion"",""Motor Vehicle in Motion""]","[""Motor Vehicle in Motion"",""Motor Vehicle in Motion""]",,86,85.26178940650807
2022-07-19,08:30:00,8,2022,7,19,Tuesday,33.806926,-84.380239,(O) No Injury,0.0,0.0,0.0,Atlanta,FULTON,I-85Nb,I-85Nb and Peachtree Rd,Rear End,On Roadway - Non-Intersection,Daylight,Rain,Wet,Gsp Post 00,"[""Lap and Shoulder Belt Used"",""Lap and Shoulder Belt Used""]","[""Motor Vehicle in Motion"",""Motor Vehicle in Motion""]","[""Motor Vehicle in Motion"",""Motor Vehicle in Motion""]",Following Too Close,322,49.672077302463606
2022-07-19,06:30:00,6,2022,7,19,Tuesday,33.795415,-84.393606,(O) No Injury,0.0,0.0,0.0,Atlanta,FULTON,I-85Sb,I-85Sb and Armour Dr,Rear End,On Roadway - Non-Intersection,Daylight,Rain,Wet,Gsp Post 00,"[""Unknown"",""Lap and Shoulder Belt Used""]","[""Motor Vehicle in Motion"",""Motor Vehicle in Motion""]","[""Motor Vehicle in Motion"",""Motor Vehicle in Motion""]",Following Too Close,R356,135.37116023066594
2022-07-19,11:08:00,11,2022,7,19,Tuesday,33.794261,-84.392805,(O) No Injury,0.0,0.0,0.0,Atlanta,FULTON,I-85 North,I-75 South and I-85 North,Rear End,On Roadway - Non-Intersection,Daylight,Cloudy,Wet,Gsp Post 00,"[""Lap and Shoulder Belt Used"",""Lap and Shoulder Belt Used"",""Lap and Shoulder Belt Used""]","[""Motor Vehicle in Motion"",""Motor Vehicle in Motion""]","[""Motor Vehicle in Motion"",""Motor Vehicle in Motion""]","[""Following Too Close"",""Too Fast for Conditions""]",R378,114.1563579862073
2022-07-19,09:15:00,9,2022,7,19,Tuesday,33.758075,-84.378431,(O) No Injury,0.0,0.0,0.0,Atlanta,FULTON,I-7585 North,Freedom Pkwy and I-7585 North,Rear End,On Roadway - Non-Intersection,Daylight,Rain,Wet,Gsp Post 00,"[""Lap and Shoulder Belt Used"",""Lap and Shoulder Belt Used""]","[""Motor Vehicle in Motion"",""Motor Vehicle in Motion""]","[""Motor Vehicle in Motion"",""Motor Vehicle in Motion""]","[""Following Too Close"",""Inattentive or Other Distraction (Distracted)""]",9,72.67511746220035
2022-07-19,12:52:00,12,2022,7,19,Tuesday,33.798634,-84.3928,(O) No Injury,0.0,0.0,0.0,Atlanta,FULTON,I-85 South,I-85 South and Peachtree St,Rear End,On Roadway - Non-Intersection,Daylight,Cloudy,Wet,Gsp Post 00,"[""Unknown"",""Lap and Shoulder Belt Used""]","[""Motor Vehicle in Motion"",""Motor Vehicle in Motion""]","[""Motor Vehicle in Motion"",""Motor Vehicle in Motion""]",Following Too Close,R365,166.32372788037776
2022-07-19,07:05:00,7,2022,7,19,Tuesday,33.798416,-84.392963,(O) No Injury,0.0,0.0,0.0,Atlanta,FULTON,I-75 South,I-75 South and Northside Dr,Rear End,On Roadway - Non-Intersection,Daylight,Rain,Wet,Gsp Post 00,"[""Unknown"",""Lap and Shoulder Belt Used""]","[""Motor Vehicle in Motion"",""Motor Vehicle in Motion""]","[""Motor Vehicle in Motion"",""Motor Vehicle in Motion""]",Following Too Close,R365,138.8889350281006
2022-07-19,06:40:00,6,2022,7,19,Tuesday,33.795076,-84.393516,(O) No Injury,0.0,0.0,0.0,Atlanta,FULTON,I-85Sb,I-85Sb and Peachtree,Rear End,On Roadway - Non-Intersection,Daylight,Rain,Wet,Gsp Post 00,"[""Lap and Shoulder Belt Used"",""Lap and Shoulder Belt Used""]","[""Motor Vehicle in Motion"",""Motor Vehicle in Motion""]","[""Motor Vehicle in Motion"",""Motor Vehicle in Motion""]",Following Too Close,R378,140.49227088018935
2022-07-19,12:05:00,12,2022,7,19,Tuesday,33.798589,-84.392835,(O) No Injury,0.0,0.0,0.0,Atlanta,FULTON,I-85 South,I-85 South and Peachctree St,Rear End,On Roadway - Non-Intersection,Daylight,Cloudy,Wet,Gsp Post 00,"[""Unknown"",""Lap and Shoulder Belt Used""]","[""Motor Vehicle in Motion"",""Motor Vehicle in Motion""]","[""Motor Vehicle in Motion"",""Motor Vehicle in Motion""]",Following Too Close,R365,160.53828685533264
2022-07-19,06:50:00,6,2022,7,19,Tuesday,33.796884,-84.39363,(O) No Injury,0.0,0.0,0.0,Atlanta,FULTON,I-85 Sb,I-85 Sb and Peachtree Street,Rear End,On Roadway - Non-Intersection,Dark-Lighted,Rain,Wet,Gsp Post 00,"[""Lap and Shoulder Belt Used"",""Lap and Shoulder Belt Used""]","[""Motor Vehicle in Motion"",""Motor Vehicle in Motion""]","[""Motor Vehicle in Motion"",""Motor Vehicle in Motion""]","[""Too Fast for Conditions"",""Following Too Close""]",R356,80.22284243975125
2022-07-19,07:15:00,7,2022,7,19,Tuesday,33.794972,-84.39348,(C) Possible Injury / Complaint,0.0,0.0,0.0,Atlanta,FULTON,I-85 Sb,I-85 Sb and Peachtree Street,Rear End,On Roadway - Non-Intersection,Daylight,Rain,Wet,Gsp Post 00,"[""Lap and Shoulder Belt Used"",""Lap and Shoulder Belt Used"",""Lap and Shoulder Belt Used"",""Lap and Shoulder Belt Used"",""Lap and Shoulder Belt Used"",""Lap and Shoulder Belt Used""]","[""Motor Vehicle in Motion"",""Motor Vehicle in Motion"",""Motor Vehicle in Motion""]","[""Motor Vehicle in Motion"",""Motor Vehicle in Motion"",""Motor Vehicle in Motion""]","[""Following Too Close"",""Too Fast for Conditions""]",R378,137.30812894936352
2022-07-20,17:30:00,17,2022,7,20,Wednesday,33.760435,-84.37945,(O) No Injury,0.0,0.0,0.0,Atlanta,FULTON,I-75,I-75 and Andrew Young International Blvd Ne,Rear End,On Roadway - Non-Intersection,Daylight,Clear,Dry,Atlanta Police Department,"[""Unknown"",""Unknown""]","[""Motor Vehicle in Motion"",""Motor Vehicle in Motion""]","[""Motor Vehicle in Motion"",""Motor Vehicle in Motion""]",,9,211.47929575431445
2022-07-20,17:30:00,17,2022,7,20,Wednesday,33.743554,-84.37934,(O) No Injury,0.0,0.0,0.0,Atlanta,FULTON,Hill St Se,Exit 58A and Hill St Se,Rear End,On Roadway - Roadway Intersection,Daylight,Cloudy,Dry,Atlanta Police Department,"[""Lap and Shoulder Belt Used"",""Lap and Shoulder Belt Used""]","[""Motor Vehicle in Motion"",""Motor Vehicle in Motion""]","[""Motor Vehicle in Motion"",""Motor Vehicle in Motion""]",Following Too Close,77,75.7631697824367
2022-07-20,17:35:00,17,2022,7,20,Wednesday,33.798997,-84.392098,(O) No Injury,0.0,0.0,0.0,Atlanta,FULTON,I-85,None and I-85,Angle Crash,On Roadway - Non-Intersection,Daylight,Clear,Dry,Atlanta Police Department,"[""Shoulder Belt Only Used"",""Shoulder Belt Only Used"",""Shoulder Belt Only Used""]","[""Motor Vehicle in Motion"",""Motor Vehicle in Motion""]","[""Motor Vehicle in Motion"",""Motor Vehicle in Motion""]",Changed Lanes Improperly,R365,241.6967344155228
2022-07-20,16:11:00,16,2022,7,20,Wednesday,33.760085,-84.379207,(O) No Injury,0.0,0.0,0.0,Atlanta,FULTON,I-75,I-75 and Andrew Young International Blvd Ne,Sideswipe-Same Direction,On Roadway - Non-Intersection,Daylight,Clear,Dry,Atlanta Police Department,"[""Unknown"",""Unknown"",""Unknown"",""Unknown"",""Unknown""]","[""Motor Vehicle in Motion"",""Motor Vehicle in Motion""]","[""Motor Vehicle in Motion"",""Motor Vehicle in Motion""]",Changed Lanes Improperly,9,166.6979857833376
2022-07-20,17:23:00,17,2022,7,20,Wednesday,33.760072,-84.3792,(O) No Injury,0.0,0.0,0.0,Atlanta,FULTON,I-75,I-75 and Andrew Young International Blvd Ne,Rear End,On Roadway - Non-Intersection,Daylight,Clear,Dry,Atlanta Police Department,"[""Unknown"",""Unknown"",""Unknown""]","[""Motor Vehicle in Motion"",""Motor Vehicle in Motion""]","[""Motor Vehicle in Motion"",""Motor Vehicle in Motion""]",Following Too Close,9,165.11687549962306
2022-07-20,11:01:00,11,2022,7,20,Wednesday,33.79423,-84.39312,(O) No Injury,0.0,0.0,0.0,Atlanta,FULTON,I-85,None and I-85,Rear End,On Roadway - Non-Intersection,Daylight,Clear,Dry,Atlanta Police Department,"[""Lap and Shoulder Belt Used"",""Lap and Shoulder Belt Used""]","[""Motor Vehicle in Motion"",""Motor Vehicle in Motion""]","[""Motor Vehicle in Motion"",""Motor Vehicle in Motion""]",Following Too Close,R378,137.26490956897678
2022-07-20,11:01:00,11,2022,7,20,Wednesday,33.795363,-84.393595,(O) No Injury,0.0,0.0,0.0,Atlanta,FULTON,I-85,None and I-85,Rear End,On Roadway - Non-Intersection,Daylight,Clear,Dry,Atlanta Police Department,"[""Lap and Shoulder Belt Used"",""Lap and Shoulder Belt Used""]","[""Motor Vehicle in Motion"",""Motor Vehicle in Motion""]","[""Motor Vehicle in Motion"",""Motor Vehicle in Motion""]",Following Too Close,R356,140.88643472992968
2022-07-20,17:10:00,17,2022,7,20,Wednesday,33.807576,-84.379064,(O) No Injury,0.0,0.0,0.0,Atlanta,FULTON,I-85 Exit 86 Rp,None and I-85 Exit 86 Rp,Rear End,On Roadway - Non-Intersection,Daylight,Clear,Dry,Atlanta Police Department,"[""Lap and Shoulder Belt Used"",""Lap and Shoulder Belt Used""]","[""Motor Vehicle in Motion"",""Motor Vehicle in Motion""]","[""Motor Vehicle in Motion"",""Motor Vehicle in Motion""]",Following Too Close,322,82.63302748681653
2022-07-20,14:30:00,14,2022,7,20,Wednesday,33.743506,-84.379341,(O) No Injury,0.0,0.0,0.0,Atlanta,FULTON,Hill St Se,I-20 W and Hill St Se,Not a Collision with Motor Vehicle,Off Roadway - Sidewalk,Daylight,Clear,Dry,Atlanta Police Department,None Used,Bridge/Pier Abutment,Bridge/Pier Abutment,"[""Exceeding Speed Limit"",""Aggressive Driving""]",77,72.73459831793924
2022-07-21,08:50:00,8,2022,7,21,Thursday,33.797725,-84.392661,(O) No Injury,0.0,0.0,0.0,Atlanta,FULTON,Ga-13 N,Ga-13 N and Spring Street,Not a Collision with Motor Vehicle,On Shoulder,Daylight,Rain,Dry,Gsp Post 00,Lap and Shoulder Belt Used,Median Barrier,Median Barrier,Too Fast for Conditions,R365,134.01803438606458
2022-07-21,23:38:00,23,2022,7,21,Thursday,33.744537,-84.402008,(C) Possible Injury / Complaint,0.0,0.0,0.0,Atlanta,FULTON,Whitehall Street,Mcdaniel Street and Whitehall Street,Sideswipe-Same Direction,On Roadway - Non-Intersection,Dark-Lighted,Cloudy,Dry,Gsp Post 00,"[""Unknown"",""Unknown"",""Lap and Shoulder Belt Used""]","[""Motor Vehicle in Motion"",""Motor Vehicle in Motion""]","[""Motor Vehicle in Motion"",""Motor Vehicle in Motion""]","[""Exceeding Speed Limit"",""Disregard Police - Evasion"",""Reckless Driving""]",315,187.63072236551312
2022-07-21,09:27:00,9,2022,7,21,Thursday,33.797763,-84.392641,(C) Possible Injury / Complaint,0.0,0.0,0.0,Atlanta,FULTON,Ga-13 N,Ga-13 N and Spring Street,Not a Collision with Motor Vehicle,Median,Daylight,Rain,Wet,Gsp Post 00,Lap and Shoulder Belt Used,Median Barrier,Median Barrier,Too Fast for Conditions,R365,136.3557813195426
2022-07-21,17:30:00,17,2022,7,21,Thursday,33.798768,-84.396319,(O) No Injury,0.0,0.0,0.0,Atlanta,FULTON,I-75 S,I-75 S and Northside Dr,Rear End,On Roadway - Non-Intersection,Daylight,Cloudy,Dry,Gsp Post 00,"[""Lap and Shoulder Belt Used"",""Lap and Shoulder Belt Used""]","[""Motor Vehicle in Motion"",""Motor Vehicle in Motion""]","[""Motor Vehicle in Motion"",""Motor Vehicle in Motion""]",Changed Lanes Improperly,R365,242.99311496078732
2022-07-21,11:00:00,11,2022,7,21,Thursday,33.806892,-84.380728,(C) Possible Injury / Complaint,0.0,0.0,0.0,Atlanta,FULTON,I-85 S,I-85 S and Piedmont Road,Rear End,On Roadway - Non-Intersection,Daylight,Rain,Wet,Gsp Post 00,"[""Lap and Shoulder Belt Used"",""Lap and Shoulder Belt Used"",""Lap and Shoulder Belt Used""]","[""Motor Vehicle in Motion"",""Motor Vehicle in Motion""]","[""Motor Vehicle in Motion"",""Motor Vehicle in Motion""]",Following Too Close,322,94.11192751463012
2022-07-21,23:38:00,23,2022,7,21,Thursday,33.743569,-84.403996,(C) Possible Injury / Complaint,0.0,0.0,0.0,Atlanta,FULTON,Mcdaniel Street Sw,Whitehall Street and Mcdaniel Street Sw,Sideswipe-Same Direction,On Roadway - Non-Intersection,Dark-Lighted,Clear,Dry,Gsp Post 00,"[""Unknown"",""Unknown"",""Lap and Shoulder Belt Used""]","[""Motor Vehicle in Motion"",""Motor Vehicle in Motion""]","[""Motor Vehicle in Motion"",""Motor Vehicle in Motion""]","[""Reckless Driving"",""Disregard Police - Evasion"",""Exceeding Speed Limit""]",315,151.8647255884071
2022-07-21,19:35:00,19,2022,7,21,Thursday,33.807161,-84.379934,(O) No Injury,0.0,0.0,0.0,Atlanta,FULTON,I-85,None and I-85,Sideswipe-Same Direction,On Roadway - Non-Intersection,Dusk,Clear,Dry,Atlanta Police Department,"[""Unknown"",""Lap and Shoulder Belt Used""]","[""Motor Vehicle in Motion"",""Motor Vehicle in Motion""]","[""Motor Vehicle in Motion"",""Motor Vehicle in Motion""]",Changed Lanes Improperly,322,19.619914899707783