Date,Time,Hour,Year,Month,Day,DayOfWeek,Crash Latitude,Crash Longitude,KABCO Severity,# of Fatalities per Crash,# Serious Injuries,# Visible Injuries,Geolocated City,Geolocated County,Roadway (From Crash Report),Intersection Name (from Crash Report),Manner of Collision (Crash Level),Location at Impact (Crash Level),Light Conditions (Crash Level),Weather Conditions (Crash Level),Surface Condition (Crash Level),Agency Name (Crash Level),Safety Equipment (Crash Level),First Harmful Event (Unit Order),Most Harmful Event (Crash Level),"Operator/Pedestrian Contrib Factor (excl None, Other, No Contrib Factors)",join_id,Crash_to_TMAS_m
2022-07-21,18:40:00,18,2022,7,21,Thursday,33.758369,-84.378487,(O) No Injury,0.0,0.0,0.0,Atlanta,FULTON,I-7585 Nb,I-7585 Nb and Freedom Pkwy,Sideswipe-Same Direction,On Roadway - Non-Intersection,Daylight,Clear,Dry,Gsp Post 00,"[""Lap and Shoulder Belt Used"",""Lap and Shoulder Belt Used"",""Lap and Shoulder Belt Used""]","[""Motor Vehicle in Motion"",""Motor Vehicle in Motion""]","[""Motor Vehicle in Motion"",""Motor Vehicle in Motion""]",Changed Lanes Improperly,9,40.40133337991274
2022-07-21,12:18:00,12,2022,7,21,Thursday,33.798557,-84.392063,(O) No Injury,0.0,0.0,0.0,Atlanta,FULTON,Ga-13 N,Ga-13 N and Peachtree Street,Not a Collision with Motor Vehicle,Median,Daylight,Rain,Wet,Gsp Post 00,Lap and Shoulder Belt Used,Median Barrier,Median Barrier,Too Fast for Conditions,R365,216.51667934770887
2022-07-22,09:03:00,9,2022,7,22,Friday,33.742916,-84.402899,(O) No Injury,0.0,0.0,0.0,Atlanta,FULTON,I-20,None and I-20,Rear End,On Roadway - Non-Intersection,Daylight,Clear,Dry,Atlanta Police Department,"[""Lap and Shoulder Belt Used"",""Lap and Shoulder Belt Used""]","[""Motor Vehicle in Motion"",""Motor Vehicle in Motion""]","[""Motor Vehicle in Motion"",""Motor Vehicle in Motion""]","[""Following Too Close"",""Inattentive or Other Distraction (Distracted)""]",315,31.429381735529425
2022-07-22,16:37:00,16,2022,7,22,Friday,33.8742,-84.446229,(C) Possible Injury / Complaint,0.0,0.0,0.0,Atlanta,FULTON,I-75 Nb,I-75 Nb and Mount Paran Road,Rear End,On Roadway - Non-Intersection,Daylight,Cloudy,Dry,Gsp Post 00,"[""Lap and Shoulder Belt Used"",""Lap and Shoulder Belt Used""]","[""Motor Vehicle in Motion"",""Motor Vehicle in Motion""]","[""Motor Vehicle in Motion"",""Motor Vehicle in Motion""]",Following Too Close,308,13.818357920362113
2022-07-22,09:00:00,9,2022,7,22,Friday,33.798776,-84.396324,(O) No Injury,0.0,0.0,0.0,Atlanta,FULTON,I-75 South,I-75 South and Deering Rd Overpass,Rear End,On Roadway - Non-Intersection,Daylight,Clear,Dry,Gsp Post 00,"[""Lap and Shoulder Belt Used"",""Child Restraint System (Improperly Used)"",""Lap and Shoulder Belt Used""]","[""Motor Vehicle in Motion"",""Motor Vehicle in Motion""]","[""Motor Vehicle in Motion"",""Motor Vehicle in Motion""]",Following Too Close,R365,243.8588146608904
2022-07-22,11:50:00,11,2022,7,22,Friday,33.796992,-84.395976,(O) No Injury,0.0,0.0,0.0,Atlanta,FULTON,Deering Rd Nw,Loring Dr Nw and Deering Rd Nw,Rear End,On Roadway - Roadway Intersection,Daylight,Clear,Dry,Atlanta Police Department,"[""Unknown"",""Unknown""]","[""Motor Vehicle in Motion"",""Motor Vehicle in Motion""]","[""Motor Vehicle in Motion"",""Motor Vehicle in Motion""]",,R356,162.23890131555606
2022-07-23,21:43:00,21,2022,7,23,Saturday,33.806714,-84.380505,(C) Possible Injury / Complaint,0.0,0.0,0.0,Atlanta,FULTON,I-85,None and I-85,Rear End,On Roadway - Non-Intersection,Dark-Not Lighted,Clear,Dry,Atlanta Police Department,"[""Lap and Shoulder Belt Used"",""Lap and Shoulder Belt Used"",""Lap and Shoulder Belt Used"",""Lap and Shoulder Belt Used"",""Lap and Shoulder Belt Used"",""Lap and Shoulder Belt Used"",""Lap and Shoulder Belt Used""]","[""Motor Vehicle in Motion"",""Motor Vehicle in Motion"",""Motor Vehicle in Motion"",""Motor Vehicle in Motion"",""Motor Vehicle in Motion"",""Motor Vehicle in Motion""]","[""Motor Vehicle in Motion"",""Motor Vehicle in Motion"",""Motor Vehicle in Motion"",""Motor Vehicle in Motion"",""Motor Vehicle in Motion"",""Motor Vehicle in Motion""]","[""Following Too Close"",""Following Too Close"",""Following Too Close"",""Following Too Close"",""Following Too Close""]",322,82.22640570392133
2022-07-23,12:30:00,12,2022,7,23,Saturday,33.743494,-84.378522,(C) Possible Injury / Complaint,0.0,0.0,0.0,Atlanta,FULTON,I-20,None and I-20,Rear End,On Roadway - Non-Intersection,Daylight,Clear,Dry,Atlanta Police Department,"[""Unknown"",""Unknown"",""Unknown""]","[""Motor Vehicle in Motion"",""Motor Vehicle in Motion"",""Motor Vehicle in Motion""]","[""Motor Vehicle in Motion"",""Motor Vehicle in Motion"",""Motor Vehicle in Motion""]","[""Following Too Close"",""Following Too Close""]",77,42.25204467880084
2022-07-23,06:17:00,6,2022,7,23,Saturday,33.759385,-84.378344,(C) Possible Injury / Complaint,0.0,0.0,0.0,Atlanta,FULTON,John Lewis Freedom Pkwy Ne,Fort St Ne and John Lewis Freedom Pkwy Ne,Sideswipe-Same Direction,"On Roadway - Managed Lane (HOV, HOT, Reversible)",Daylight,Cloudy,Dry,Atlanta Police Department,"[""Unknown"",""Unknown""]","[""Motor Vehicle in Motion"",""Motor Vehicle in Motion""]",Motor Vehicle in Motion,"[""Changed Lanes Improperly"",""Under the Influence (U.I.)""]",9,73.11078710435534
2022-07-23,20:30:00,20,2022,7,23,Saturday,33.743307,-84.379296,(O) No Injury,0.0,0.0,0.0,Atlanta,FULTON,I-20W,I-20W and Hill Street,Rear End,On Roadway - Non-Intersection,Daylight,Clear,Dry,Gsp Post 00,"[""Lap and Shoulder Belt Used"",""Lap and Shoulder Belt Used""]","[""Motor Vehicle in Motion"",""Motor Vehicle in Motion""]","[""Motor Vehicle in Motion"",""Motor Vehicle in Motion""]",Following Too Close,77,59.14866609472824
2022-07-23,00:36:00,0,2022,7,23,Saturday,33.759475,-84.379601,(C) Possible Injury / Complaint,0.0,0.0,0.0,Atlanta,FULTON,I-75,I-75 and John Lewis Freedom Pkwy,Sideswipe-Same Direction,On Roadway - Non-Intersection,Dark-Lighted,Clear,Dry,Atlanta Police Department,"[""Unknown"",""Unknown"",""Unknown"",""Unknown"",""Unknown""]","[""Motor Vehicle in Motion"",""Motor Vehicle in Motion"",""Motor Vehicle in Motion"",""Motor Vehicle in Motion""]","[""Motor Vehicle in Motion"",""Motor Vehicle in Motion"",""Motor Vehicle in Motion"",""Motor Vehicle in Motion""]",Changed Lanes Improperly,9,136.4182834482535
2022-07-23,12:30:00,12,2022,7,23,Saturday,33.795255,-84.393569,(O) No Injury,0.0,0.0,0.0,Atlanta,FULTON,I-85,None and I-85,Rear End,On Roadway - Non-Intersection,Daylight,Clear,Dry,Atlanta Police Department,"[""Lap Belt Only Used"",""Lap and Shoulder Belt Used""]","[""Motor Vehicle in Motion"",""Motor Vehicle in Motion""]","[""Motor Vehicle in Motion"",""Motor Vehicle in Motion""]",Following Too Close,R378,147.2896382172381
2022-07-23,15:42:00,15,2022,7,23,Saturday,33.794706,-84.393364,(O) No Injury,0.0,0.0,0.0,Atlanta,FULTON,I-85,None and I-85,Angle Crash,On Shoulder,Daylight,Clear,Dry,Atlanta Police Department,"[""Unknown"",""Unknown""]","[""Motor Vehicle in Motion"",""Motor Vehicle in Motion""]","[""Motor Vehicle in Motion"",""Motor Vehicle in Motion""]",Changed Lanes Improperly,R378,131.67751243107838
2022-07-23,23:21:00,23,2022,7,23,Saturday,33.796144,-84.393406,(O) No Injury,0.0,0.0,0.0,Atlanta,FULTON,I-85,I-85 and I-75 N,Angle Crash,On Roadway - Non-Intersection,Dark-Lighted,Cloudy,Dry,Atlanta Police Department,"[""Lap and Shoulder Belt Used"",""Lap and Shoulder Belt Used""]","[""Motor Vehicle in Motion"",""Motor Vehicle in Motion""]","[""Motor Vehicle in Motion"",""Motor Vehicle in Motion""]",,R356,93.7768608675127
2022-07-24,14:23:00,14,2022,7,24,Sunday,33.796301,-84.393409,(O) No Injury,0.0,0.0,0.0,Atlanta,FULTON,I-85,None and I-85,Sideswipe-Same Direction,On Roadway - Non-Intersection,Daylight,Clear,Dry,Atlanta Police Department,"[""Lap and Shoulder Belt Used"",""Lap and Shoulder Belt Used"",""Lap and Shoulder Belt Used"",""Lap and Shoulder Belt Used""]","[""Motor Vehicle in Motion"",""Motor Vehicle in Motion""]","[""Motor Vehicle in Motion"",""Motor Vehicle in Motion""]",Changed Lanes Improperly,R356,88.2572526564748
2022-07-25,09:45:00,9,2022,7,25,Monday,33.742724,-84.403298,(O) No Injury,0.0,0.0,0.0,Atlanta,FULTON,I-20 E,I-20 E and Mcdaniel St Overpass,Angle Crash,On Roadway - Non-Intersection,Daylight,Cloudy,Dry,Gsp Post 00,"[""Lap and Shoulder Belt Used"",""Lap and Shoulder Belt Used""]","[""Motor Vehicle in Motion"",""Motor Vehicle in Motion""]","[""Motor Vehicle in Motion"",""Motor Vehicle in Motion""]","[""Driver Lost Control"",""Reaction to Object or Animal""]",315,71.45139366216235
2022-07-25,16:30:00,16,2022,7,25,Monday,33.764833,-84.492971,(O) No Injury,0.0,0.0,0.0,Atlanta,FULTON,I-20 West,I-285 and I-20 West,Rear End,On Roadway - Non-Intersection,Daylight,Cloudy,Dry,Gsp Post 00,"[""Lap and Shoulder Belt Used"",""Lap and Shoulder Belt Used"",""Lap and Shoulder Belt Used""]","[""Motor Vehicle in Motion"",""Motor Vehicle in Motion""]","[""Motor Vehicle in Motion"",""Motor Vehicle in Motion""]",Other Interior Distraction (Distracted),R376,188.32283426968863
2022-07-25,10:00:00,10,2022,7,25,Monday,33.79652,-84.394984,(O) No Injury,0.0,0.0,0.0,Atlanta,FULTON,I-75 Sb,I-75 Sb and Deering Rd,Rear End,On Roadway - Non-Intersection,Daylight,Clear,Dry,Gsp Post 00,"[""Lap and Shoulder Belt Used"",""Lap and Shoulder Belt Used""]","[""Motor Vehicle in Motion"",""Motor Vehicle in Motion""]","[""Motor Vehicle in Motion"",""Motor Vehicle in Motion""]","[""Changed Lanes Improperly"",""Following Too Close""]",R356,59.913623532859305
2022-07-25,23:29:00,23,2022,7,25,Monday,33.797888,-84.393297,(C) Possible Injury / Complaint,0.0,0.0,0.0,Atlanta,FULTON,I-85 Exit 84 Rp,None and I-85 Exit 84 Rp,Sideswipe-Same Direction,On Roadway - Non-Intersection,Dark-Lighted,Clear,Dry,Atlanta Police Department,"[""Unknown"",""Unknown""]","[""Motor Vehicle in Motion"",""Motor Vehicle in Motion""]","[""Motor Vehicle in Motion"",""Motor Vehicle in Motion""]","[""Reckless Driving"",""Changed Lanes Improperly"",""Failure to Yield""]",R365,80.95728093956916
2022-07-26,17:38:00,17,2022,7,26,Tuesday,33.806188,-84.380033,(O) No Injury,0.0,0.0,0.0,Atlanta,FULTON,Ga-13 Sb,Ga-13 Sb and I-85 Sb Exit,Sideswipe-Same Direction,On Roadway - Non-Intersection,Daylight,Clear,Dry,Gsp Post 00,"[""Unknown"",""Lap and Shoulder Belt Used""]","[""Motor Vehicle in Motion"",""Motor Vehicle in Motion""]","[""Motor Vehicle in Motion"",""Motor Vehicle in Motion""]",Changed Lanes Improperly,322,103.69568802954156
2022-07-26,17:12:00,17,2022,7,26,Tuesday,33.75955,-84.480344,(O) No Injury,0.0,0.0,0.0,Atlanta,FULTON,I-20 Wb,I-20 Wb and Linkwood Rd,Rear End,On Roadway - Non-Intersection,Daylight,Clear,Dry,Gsp Post 00,"[""Lap and Shoulder Belt Used"",""Lap and Shoulder Belt Used"",""Lap and Shoulder Belt Used""]","[""Motor Vehicle in Motion"",""Motor Vehicle in Motion"",""Motor Vehicle in Motion""]","[""Motor Vehicle in Motion"",""Motor Vehicle in Motion"",""Motor Vehicle in Motion""]",Following Too Close,313,150.3730114324163
2022-07-26,13:24:00,13,2022,7,26,Tuesday,33.764349,-84.49247,(O) No Injury,0.0,0.0,0.0,Atlanta,FULTON,I-20 Eb,I-285 and I-20 Eb,Not a Collision with Motor Vehicle,On Roadway - Non-Intersection,Daylight,Clear,Dry,Gsp Post 00,"[""Lap and Shoulder Belt Used"",""Lap and Shoulder Belt Used"",""Lap and Shoulder Belt Used"",""Child Restraint System (Properly Used)""]","[""Cargo/Equipment Loss or Shift"",""Other Object (Not Fixed)""]","[""Cargo/Equipment Lost or Shift"",""Impact Attenuate""]",,R376,117.381839484423
2022-07-26,12:00:00,12,2022,7,26,Tuesday,33.793606,-84.392802,(O) No Injury,0.0,0.0,0.0,Atlanta,FULTON,I-85Sb,I-85Sb and Peachtree Rd,Rear End,On Roadway - Non-Intersection,Daylight,Clear,Dry,Gsp Post 00,"[""Lap and Shoulder Belt Used"",""Lap and Shoulder Belt Used"",""Lap and Shoulder Belt Used""]","[""Motor Vehicle in Motion"",""Motor Vehicle in Motion"",""Motor Vehicle in Motion""]","[""Motor Vehicle in Motion"",""Motor Vehicle in Motion"",""Motor Vehicle in Motion""]",Following Too Close,R378,175.59903909477097
2022-07-26,14:15:00,14,2022,7,26,Tuesday,33.807515,-84.379458,(O) No Injury,0.0,0.0,0.0,Atlanta,FULTON,I-85,None and I-85,Sideswipe-Same Direction,On Roadway - Non-Intersection,Daylight,Clear,Dry,Atlanta Police Department,"[""Lap and Shoulder Belt Used"",""Lap and Shoulder Belt Used""]","[""Motor Vehicle in Motion"",""Motor Vehicle in Motion""]","[""Motor Vehicle in Motion"",""Motor Vehicle in Motion""]",Changed Lanes Improperly,322,53.90653705863805
2022-07-26,11:30:00,11,2022,7,26,Tuesday,33.793057,-84.392528,(O) No Injury,0.0,0.0,0.0,Atlanta,FULTON,I-85Sb,I-85Sb and Peachtree Rd,Rear End,On Roadway - Non-Intersection,Daylight,Clear,Dry,Gsp Post 00,"[""Lap and Shoulder Belt Used"",""Lap and Shoulder Belt Used""]","[""Motor Vehicle in Motion"",""Motor Vehicle in Motion""]","[""Motor Vehicle in Motion"",""Motor Vehicle in Motion""]","[""Following Too Close"",""Other Exterior Distraction (Distracted)""]",R378,225.3929798230877
2022-07-27,11:50:00,11,2022,7,27,Wednesday,33.795819,-84.394471,(O) No Injury,0.0,0.0,0.0,Atlanta,FULTON,I-75,None and I-75,Rear End,On Roadway - Non-Intersection,Daylight,Clear,Dry,Atlanta Police Department,"[""Unknown"",""Unknown"",""Unknown""]","[""Motor Vehicle in Motion"",""Motor Vehicle in Motion"",""Motor Vehicle in Motion""]","[""Motor Vehicle in Motion"",""Motor Vehicle in Motion"",""Motor Vehicle in Motion""]","[""Following Too Close"",""Following Too Close""]",R356,73.24327799142077
2022-07-27,13:05:00,13,2022,7,27,Wednesday,33.757174,-84.378343,(O) No Injury,0.0,0.0,0.0,Atlanta,FULTON,I-75 Hov Lane,I-75 Hov Lane and John Wesley Dobbs Ave Ne,Sideswipe-Same Direction,On Roadway - Non-Intersection,Daylight,Clear,Dry,Atlanta Police Department,"[""Unknown"",""Lap and Shoulder Belt Used""]","[""Motor Vehicle in Motion"",""Motor Vehicle in Motion""]","[""Motor Vehicle in Motion"",""Motor Vehicle in Motion""]",Changed Lanes Improperly,9,172.83303659921222
2022-07-27,17:45:00,17,2022,7,27,Wednesday,33.796475,-84.393962,(O) No Injury,0.0,0.0,0.0,Atlanta,FULTON,I-75,None and I-75,Sideswipe-Same Direction,On Roadway - Non-Intersection,Daylight,Clear,Dry,Atlanta Police Department,"[""Lap and Shoulder Belt Used"",""Lap and Shoulder Belt Used"",""Lap and Shoulder Belt Used""]","[""Motor Vehicle in Motion"",""Motor Vehicle in Motion""]","[""Motor Vehicle in Motion"",""Motor Vehicle in Motion""]",,R356,35.020024707417114
2022-07-27,02:04:00,2,2022,7,27,Wednesday,33.675616,-84.397863,(A) Suspected Serious Injury,0.0,1.0,0.0,Atlanta,FULTON,I-75,None and I-75,Not a Collision with Motor Vehicle,Median,Dark-Lighted,Cloudy,Dry,Atlanta Police Department,None Used,Median Barrier,Median Barrier,Driver Lost Control,309,89.67485376648173
2022-07-27,12:23:00,12,2022,7,27,Wednesday,33.757421,-84.378367,(O) No Injury,0.0,0.0,0.0,Atlanta,FULTON,I-75,I-75 and John Wesley Dobbs Ave Ne,Sideswipe-Same Direction,On Roadway - Non-Intersection,Daylight,Clear,Dry,Atlanta Police Department,"[""Lap and Shoulder Belt Used"",""Lap and Shoulder Belt Used""]","[""Motor Vehicle in Motion"",""Motor Vehicle in Motion""]","[""Motor Vehicle in Motion"",""Motor Vehicle in Motion""]",,9,145.3564662315497
2022-07-28,14:53:00,14,2022,7,28,Thursday,33.765117,-84.492976,(B) Suspected Minor/Visible Injury,0.0,0.0,1.0,Atlanta,FULTON,I-20 East,I-285 and I-20 East,Sideswipe-Same Direction,On Roadway - Non-Intersection,Daylight,Clear,Dry,Gsp Post 00,"[""Unknown"",""Lap and Shoulder Belt Used"",""Lap and Shoulder Belt Used"",""Lap and Shoulder Belt Used"",""Lap and Shoulder Belt Used"",""Lap and Shoulder Belt Used"",""Child Restraint System (Properly Used)""]","[""Motor Vehicle in Motion"",""Motor Vehicle in Motion"",""Motor Vehicle in Motion"",""Motor Vehicle in Motion"",""Motor Vehicle in Motion""]","[""Motor Vehicle in Motion"",""Motor Vehicle in Motion"",""Motor Vehicle in Motion"",""Motor Vehicle in Motion"",""Motor Vehicle in Motion""]","[""Changed Lanes Improperly"",""Following Too Close""]",R376,212.92443220970907
2022-07-28,18:55:00,18,2022,7,28,Thursday,33.762362,-84.492646,(O) No Injury,0.0,0.0,0.0,Atlanta,FULTON,I-285 N,I-20 and I-285 N,Sideswipe-Same Direction,On Roadway - Non-Intersection,Daylight,Clear,Dry,Gsp Post 00,"[""Lap and Shoulder Belt Used"",""Lap and Shoulder Belt Used""]","[""Motor Vehicle in Motion"",""Motor Vehicle in Motion""]","[""Motor Vehicle in Motion"",""Motor Vehicle in Motion""]",Changed Lanes Improperly,R376,166.30155754286406
2022-07-28,11:40:00,11,2022,7,28,Thursday,33.764453,-84.492192,(C) Possible Injury / Complaint,0.0,0.0,0.0,Atlanta,FULTON,Interstate 20 West,Interstate 20 West and Interstate 285 Underpass,Sideswipe-Same Direction,On Roadway - Non-Intersection,Daylight,Clear,Dry,Gsp Post 00,"[""Lap and Shoulder Belt Used"",""Lap and Shoulder Belt Used""]","[""Motor Vehicle in Motion"",""Motor Vehicle in Motion""]","[""Motor Vehicle in Motion"",""Motor Vehicle in Motion""]",Changed Lanes Improperly,R376,111.313169935816
2022-07-28,17:48:00,17,2022,7,28,Thursday,33.743498,-84.379619,(C) Possible Injury / Complaint,0.0,0.0,0.0,Atlanta,FULTON,I-20 Wb,Hill St and I-20 Wb,Rear End,On Roadway - Non-Intersection,Daylight,Rain,Wet,Gsp Post 00,"[""Lap and Shoulder Belt Used"",""Lap and Shoulder Belt Used"",""Lap and Shoulder Belt Used""]","[""Motor Vehicle in Motion"",""Motor Vehicle in Motion""]","[""Motor Vehicle in Motion"",""Motor Vehicle in Motion""]",Following Too Close,77,94.83081389399004
2022-07-28,15:15:00,15,2022,7,28,Thursday,33.798272,-84.393063,(O) No Injury,0.0,0.0,0.0,Atlanta,FULTON,I-85Sb,I-85Sb and Peachtree Rd,Rear End,Entrance/Exit Ramp,Daylight,Clear,Dry,Gsp Post 00,"[""Lap and Shoulder Belt Used"",""Lap and Shoulder Belt Used""]","[""Motor Vehicle in Motion"",""Motor Vehicle in Motion""]","[""Motor Vehicle in Motion"",""Motor Vehicle in Motion""]",Following Too Close,R365,121.60114697319028
2022-07-28,15:15:00,15,2022,7,28,Thursday,33.7983,-84.393043,(O) No Injury,0.0,0.0,0.0,Atlanta,FULTON,I-85Sb,I-85Sb and Peachtree Rd,Rear End,Entrance/Exit Ramp,Daylight,Clear,Dry,Gsp Post 00,"[""Lap and Shoulder Belt Used"",""Lap and Shoulder Belt Used"",""Lap and Shoulder Belt Used""]","[""Motor Vehicle in Motion"",""Motor Vehicle in Motion""]","[""Motor Vehicle in Motion"",""Motor Vehicle in Motion""]",Following Too Close,R365,124.97651592230396
2022-07-28,17:40:00,17,2022,7,28,Thursday,33.807753,-84.379545,(O) No Injury,0.0,0.0,0.0,Atlanta,FULTON,I-85 Sb,I-85 Sb and Armour Dr,Rear End,On Roadway - Non-Intersection,Daylight,Clear,Dry,Gsp Post 00,"[""Lap and Shoulder Belt Used"",""Lap and Shoulder Belt Used"",""Lap and Shoulder Belt Used""]","[""Motor Vehicle in Motion"",""Motor Vehicle in Motion"",""Motor Vehicle in Motion""]","[""Motor Vehicle in Motion"",""Motor Vehicle in Motion"",""Motor Vehicle in Motion""]",Following Too Close,322,75.74797619144711
2022-07-28,13:12:00,13,2022,7,28,Thursday,33.743505,-84.379137,(B) Suspected Minor/Visible Injury,0.0,0.0,1.0,Atlanta,FULTON,I-20 Wb,I-20 Wb and Hill Street,Rear End,On Roadway - Non-Intersection,Daylight,Clear,Wet,Gsp Post 00,"[""Lap and Shoulder Belt Used"",""Lap and Shoulder Belt Used""]","[""Motor Vehicle in Motion"",""Motor Vehicle in Motion""]","[""Motor Vehicle in Motion"",""Motor Vehicle in Motion""]",Following Too Close,77,57.93812625867635
2022-07-29,16:25:00,16,2022,7,29,Friday,33.764504,-84.492749,(O) No Injury,0.0,0.0,0.0,Atlanta,FULTON,I-285 Sb,I-20 and I-285 Sb,Rear End,On Roadway - Non-Intersection,Daylight,Clear,Wet,Gsp Post 00,"[""Lap and Shoulder Belt Used"",""Lap and Shoulder Belt Used""]","[""Motor Vehicle in Motion"",""Motor Vehicle in Motion""]","[""Motor Vehicle in Motion"",""Motor Vehicle in Motion""]","[""Other Exterior Distraction (Distracted)"",""Following Too Close""]",R376,147.80220505143927
2022-07-29,12:28:00,12,2022,7,29,Friday,33.743443,-84.381051,(O) No Injury,0.0,0.0,0.0,Atlanta,FULTON,I-20 West,I-20 West and Hill Street Overpass,Sideswipe-Same Direction,On Roadway - Non-Intersection,Daylight,Clear,Dry,Gsp Post 00,"[""Lap and Shoulder Belt Used"",""Lap and Shoulder Belt Used""]","[""Motor Vehicle in Motion"",""Motor Vehicle in Motion""]","[""Motor Vehicle in Motion"",""Motor Vehicle in Motion""]",Changed Lanes Improperly,77,221.4130361693151
2022-07-29,19:00:00,19,2022,7,29,Friday,33.760561,-84.379557,(C) Possible Injury / Complaint,0.0,0.0,0.0,Atlanta,FULTON,I-7585 Nb,I-7585 Nb and Freedom Pkwy,Sideswipe-Same Direction,On Roadway - Non-Intersection,Daylight,Cloudy,Wet,Gsp Post 00,"[""Lap and Shoulder Belt Used"",""Lap and Shoulder Belt Used"",""Lap and Shoulder Belt Used"",""Lap and Shoulder Belt Used"",""Lap and Shoulder Belt Used"",""Lap and Shoulder Belt Used""]","[""Motor Vehicle in Motion"",""Motor Vehicle in Motion""]","[""Motor Vehicle in Motion"",""Motor Vehicle in Motion""]",,9,228.43257968404464
2022-07-29,17:55:00,17,2022,7,29,Friday,33.797943,-84.395836,(O) No Injury,0.0,0.0,0.0,Atlanta,FULTON,I-75 S,I-75 S and Northside Dr,Rear End,On Roadway - Non-Intersection,Daylight,Clear,Dry,Gsp Post 00,"[""Unknown"",""Lap and Shoulder Belt Used""]","[""Motor Vehicle in Motion"",""Motor Vehicle in Motion""]","[""Motor Vehicle in Motion"",""Motor Vehicle in Motion""]",Following Too Close,R365,165.25196517455225
2022-07-30,12:24:00,12,2022,7,30,Saturday,33.743494,-84.378483,(O) No Injury,0.0,0.0,0.0,Atlanta,FULTON,I-20,I-20 and Hill St Se,Rear End,On Roadway - Non-Intersection,Daylight,Clear,Dry,Atlanta Police Department,"[""Lap and Shoulder Belt Used"",""Lap and Shoulder Belt Used""]","[""Motor Vehicle in Motion"",""Motor Vehicle in Motion""]","[""Motor Vehicle in Motion"",""Motor Vehicle in Motion""]",Following Too Close,77,43.71373474369946
2022-07-30,07:00:00,7,2022,7,30,Saturday,33.795067,-84.391801,(C) Possible Injury / Complaint,0.0,0.0,0.0,Atlanta,FULTON,Exit 85,None and Exit 85,Not a Collision with Motor Vehicle,On Roadway - Non-Intersection,Daylight,Cloudy,Wet,Atlanta Police Department,"[""Lap and Shoulder Belt Used"",""Lap and Shoulder Belt Used""]",Motor Vehicle in Motion,Motor Vehicle in Motion,Too Fast for Conditions,R378,18.67631391742293
2022-07-30,11:00:00,11,2022,7,30,Saturday,33.743472,-84.377357,(C) Possible Injury / Complaint,0.0,0.0,0.0,Atlanta,FULTON,I-20,None and I-20,Rear End,On Roadway - Non-Intersection,Daylight,Clear,Dry,Atlanta Police Department,"[""Unknown"",""Unknown"",""Unknown"",""Unknown"",""Unknown"",""Unknown"",""Booster Seat (Properly Used)"",""Booster Seat (Properly Used)""]","[""Motor Vehicle in Motion"",""Motor Vehicle in Motion"",""Motor Vehicle in Motion"",""Motor Vehicle in Motion""]","[""Motor Vehicle in Motion"",""Motor Vehicle in Motion"",""Motor Vehicle in Motion"",""Motor Vehicle in Motion""]","[""Following Too Close"",""Following Too Close"",""Following Too Close""]",77,128.9327744980594
2022-07-30,18:41:00,18,2022,7,30,Saturday,33.764344,-84.492461,(C) Possible Injury / Complaint,0.0,0.0,0.0,Atlanta,FULTON,I-285,None and I-285,Rear End,Entrance/Exit Ramp,Daylight,Clear,Dry,Atlanta Police Department,"[""Lap and Shoulder Belt Used"",""Lap and Shoulder Belt Used"",""Lap and Shoulder Belt Used"",""Lap and Shoulder Belt Used"",""Lap and Shoulder Belt Used""]","[""Motor Vehicle in Motion"",""Motor Vehicle in Motion""]","[""Motor Vehicle in Motion"",""Motor Vehicle in Motion""]",Following Too Close,R376,116.40607497063384
2022-07-30,23:00:00,23,2022,7,30,Saturday,33.759359,-84.378297,(A) Suspected Serious Injury,0.0,1.0,0.0,Atlanta,FULTON,I-75,I-75 and Ellis St Ne,Angle Crash,On Roadway - Non-Intersection,Dark-Not Lighted,Clear,Dry,Atlanta Police Department,"[""Unknown"",""Unknown"",""Unknown""]","[""Motor Vehicle in Motion"",""Motor Vehicle in Motion""]","[""Motor Vehicle in Motion"",""Motor Vehicle in Motion""]",Disregard Police - Traffic Control,9,70.87033872020308
2022-07-30,14:50:00,14,2022,7,30,Saturday,33.797484,-84.393176,(O) No Injury,0.0,0.0,0.0,Atlanta,FULTON,I-85,I-85 and Exit 85,Rear End,On Roadway - Non-Intersection,Daylight,Clear,Dry,Atlanta Police Department,"[""Unknown"",""Unknown"",""Unknown""]","[""Motor Vehicle in Motion"",""Motor Vehicle in Motion"",""Motor Vehicle in Motion""]","[""Motor Vehicle in Motion"",""Motor Vehicle in Motion"",""Motor Vehicle in Motion""]","[""Following Too Close"",""Under the Influence (U.I.)""]",R365,86.55499888082075