Date,Time,Hour,Year,Month,Day,DayOfWeek,Crash Latitude,Crash Longitude,KABCO Severity,# of Fatalities per Crash,# Serious Injuries,# Visible Injuries,Geolocated City,Geolocated County,Roadway (From Crash Report),Intersection Name (from Crash Report),Manner of Collision (Crash Level),Location at Impact (Crash Level),Light Conditions (Crash Level),Weather Conditions (Crash Level),Surface Condition (Crash Level),Agency Name (Crash Level),Safety Equipment (Crash Level),First Harmful Event (Unit Order),Most Harmful Event (Crash Level),"Operator/Pedestrian Contrib Factor (excl None, Other, No Contrib Factors)",join_id,Crash_to_TMAS_m
2022-08-25,16:07:00,16,2022,8,25,Thursday,33.763689,-84.491402,(B) Suspected Minor/Visible Injury,0.0,0.0,1.0,Atlanta,FULTON,I-20 East,I-285 and I-20 East,Sideswipe-Same Direction,On Roadway - Non-Intersection,Daylight,Cloudy,Wet,Gsp Post 00,"[""Lap and Shoulder Belt Used"",""Lap and Shoulder Belt Used""]","[""Motor Vehicle in Motion"",""Motor Vehicle in Motion""]","[""Motor Vehicle in Motion"",""Motor Vehicle in Motion""]",,R376,21.97454632930172
2022-08-25,06:55:00,6,2022,8,25,Thursday,33.79555,-84.39363,(O) No Injury,0.0,0.0,0.0,Atlanta,FULTON,I-85 Sb,I-85 Sb and Peachtree Street,Rear End,On Roadway - Non-Intersection,Daylight,Cloudy,Dry,Gsp Post 00,"[""Lap and Shoulder Belt Used"",""Lap and Shoulder Belt Used""]","[""Motor Vehicle in Motion"",""Motor Vehicle in Motion""]","[""Motor Vehicle in Motion"",""Motor Vehicle in Motion""]",Changed Lanes Improperly,R356,121.4314410115036
2022-08-25,02:40:00,2,2022,8,25,Thursday,33.796654,-84.395073,(O) No Injury,0.0,0.0,0.0,Atlanta,FULTON,I-75,None and I-75,Sideswipe-Same Direction,On Roadway - Non-Intersection,Dark-Lighted,Rain,Wet,Atlanta Police Department,"[""Unknown"",""Unknown""]","[""Motor Vehicle in Motion"",""Motor Vehicle in Motion""]","[""Motor Vehicle in Motion"",""Motor Vehicle in Motion""]",Changed Lanes Improperly,R356,70.90333760816816
2022-08-25,07:20:00,7,2022,8,25,Thursday,33.798448,-84.392941,(O) No Injury,0.0,0.0,0.0,Atlanta,FULTON,I-85S,I-85S and Peachtree St,Rear End,On Roadway - Non-Intersection,Daylight,Rain,Wet,Gsp Post 00,"[""Lap and Shoulder Belt Used"",""Lap and Shoulder Belt Used"",""Lap and Shoulder Belt Used"",""Lap and Shoulder Belt Used""]","[""Motor Vehicle in Motion"",""Motor Vehicle in Motion"",""Motor Vehicle in Motion"",""Motor Vehicle in Motion""]","[""Motor Vehicle in Motion"",""Motor Vehicle in Motion"",""Motor Vehicle in Motion"",""Motor Vehicle in Motion""]","[""Following Too Close"",""Too Fast for Conditions""]",R365,142.75534272421152
2022-08-25,13:36:00,13,2022,8,25,Thursday,33.763267,-84.4927,(O) No Injury,0.0,0.0,0.0,Atlanta,FULTON,I-285 North,I-20 and I-285 North,Sideswipe-Same Direction,On Roadway - Non-Intersection,Daylight,Rain,Wet,Gsp Post 00,"[""Lap and Shoulder Belt Used"",""Lap and Shoulder Belt Used""]","[""Motor Vehicle in Motion"",""Motor Vehicle in Motion""]","[""Impact Attenuate"",""Motor Vehicle in Motion""]","[""Changed Lanes Improperly"",""Driver Lost Control""]",R376,107.68421878599936
2022-08-25,13:22:00,13,2022,8,25,Thursday,33.756902,-84.378792,(O) No Injury,0.0,0.0,0.0,Atlanta,FULTON,Edgewood Ave Entrance Ramp To,None and Edgewood Ave Entrance Ramp To,Rear End,Entrance/Exit Ramp,Daylight,Cloudy,Dry,Gsp Post 00,"[""Lap and Shoulder Belt Used"",""Lap and Shoulder Belt Used""]","[""Motor Vehicle in Motion"",""Motor Vehicle in Motion""]","[""Motor Vehicle in Motion"",""Motor Vehicle in Motion""]",Following Too Close,9,205.5803091596608
2022-08-26,05:57:00,5,2022,8,26,Friday,33.687075,-84.398923,(O) No Injury,0.0,0.0,0.0,Atlanta,FULTON,I-75,None and I-75,Not a Collision with Motor Vehicle,On Roadway - Non-Intersection,Dark-Lighted,Cloudy,Wet,Atlanta Police Department,"[""Lap and Shoulder Belt Used"",""Lap and Shoulder Belt Used""]",Other Object (Not Fixed),Other Object (Not Fixed),,R357,206.691090366788
2022-08-26,07:30:00,7,2022,8,26,Friday,33.68714,-84.401423,(O) No Injury,0.0,0.0,0.0,Atlanta,FULTON,I-85,None and I-85,Sideswipe-Same Direction,"On Roadway - Managed Lane (HOV, HOT, Reversible)",Dusk,Rain,Wet,Atlanta Police Department,"[""Unknown"",""Unknown""]","[""Motor Vehicle in Motion"",""Motor Vehicle in Motion""]",Motor Vehicle in Motion,Changed Lanes Improperly,R357,90.99681085092976
2022-08-26,06:05:00,6,2022,8,26,Friday,33.759075,-84.378702,(O) No Injury,0.0,0.0,0.0,Atlanta,FULTON,I-75,I-75 and Ellis St Ne,Sideswipe-Same Direction,On Roadway - Non-Intersection,Dark-Lighted,Rain,Wet,Atlanta Police Department,"[""Unknown"",""Lap and Shoulder Belt Used""]","[""Motor Vehicle in Motion"",""Motor Vehicle in Motion""]","[""Motor Vehicle in Motion"",""Motor Vehicle in Motion""]",Changed Lanes Improperly,9,45.833676444547706
2022-08-27,08:50:00,8,2022,8,27,Saturday,33.798036,-84.39589,(B) Suspected Minor/Visible Injury,0.0,0.0,1.0,Atlanta,FULTON,I-75,None and I-75,Rear End,"On Roadway - Managed Lane (HOV, HOT, Reversible)",Daylight,Clear,Dry,Atlanta Police Department,"[""Lap and Shoulder Belt Used"",""Lap and Shoulder Belt Used"",""Lap and Shoulder Belt Used"",""Lap and Shoulder Belt Used""]","[""Motor Vehicle in Motion"",""Motor Vehicle in Motion"",""Motor Vehicle in Motion""]","[""Motor Vehicle in Motion"",""Motor Vehicle in Motion"",""Motor Vehicle in Motion""]",Following Too Close,R365,172.72485209706855
2022-08-27,14:11:00,14,2022,8,27,Saturday,33.759994,-84.379154,(O) No Injury,0.0,0.0,0.0,Atlanta,FULTON,I-75,I-75 and Andrew Young International Blvd Ne,Sideswipe-Same Direction,On Roadway - Non-Intersection,Daylight,Clear,Dry,Atlanta Police Department,"[""Lap and Shoulder Belt Used"",""Lap and Shoulder Belt Used""]","[""Motor Vehicle in Motion"",""Motor Vehicle in Motion""]","[""Motor Vehicle in Motion"",""Motor Vehicle in Motion""]",Changed Lanes Improperly,9,155.470067213203
2022-08-27,06:23:00,6,2022,8,27,Saturday,33.757032,-84.37833,(O) No Injury,0.0,0.0,0.0,Atlanta,FULTON,I-75 Hov Lane,I-75 Hov Lane and John Wesley Dobbs Ave Ne,Sideswipe-Same Direction,"On Roadway - Managed Lane (HOV, HOT, Reversible)",Daylight,Clear,Dry,Atlanta Police Department,"[""Lap and Shoulder Belt Used"",""Lap and Shoulder Belt Used""]","[""Motor Vehicle in Motion"",""Motor Vehicle in Motion""]","[""Motor Vehicle in Motion"",""Motor Vehicle in Motion""]","[""Under the Influence (U.I.)"",""Changed Lanes Improperly""]",9,188.6281765688699
2022-08-28,03:09:00,3,2022,8,28,Sunday,33.794803,-84.393412,(O) No Injury,0.0,0.0,0.0,Atlanta,FULTON,I-85,None and I-85,Not a Collision with Motor Vehicle,On Shoulder,Dark-Lighted,Clear,Water (standing or moving),Atlanta Police Department,Lap and Shoulder Belt Used,Guard Rail Face,Guard Rail Fence,"[""Too Fast for Conditions"",""Driver Lost Control""]",R378,133.41867027105792
2022-08-29,17:30:00,17,2022,8,29,Monday,33.743763,-84.401637,(O) No Injury,0.0,0.0,0.0,Atlanta,FULTON,Interstate 20 West,Interstate 20 West and Lee Street Overpass,Rear End,On Roadway - Non-Intersection,Daylight,Clear,Dry,Gsp Post 00,"[""Lap and Shoulder Belt Used"",""Lap and Shoulder Belt Used""]","[""Motor Vehicle in Motion"",""Motor Vehicle in Motion""]","[""Motor Vehicle in Motion"",""Motor Vehicle in Motion""]",Following Too Close,315,127.57992513754527
2022-08-29,06:47:00,6,2022,8,29,Monday,33.687951,-84.399648,(O) No Injury,0.0,0.0,0.0,Atlanta,FULTON,I-75 Southbound,I-75 Southbound and Cleveland Avenue,Angle Crash,On Roadway - Non-Intersection,Dark-Lighted,Clear,Dry,Gsp Post 00,"[""Unknown"",""Lap and Shoulder Belt Used"",""Lap and Shoulder Belt Used"",""Lap and Shoulder Belt Used"",""Lap and Shoulder Belt Used"",""Lap and Shoulder Belt Used""]","[""Other Non-Collision"",""Motor Vehicle in Motion"",""Motor Vehicle in Motion"",""Motor Vehicle in Motion""]","[""Other Non-Collision"",""Motor Vehicle in Motion"",""Motor Vehicle in Motion"",""Motor Vehicle in Motion""]","[""Changed Lanes Improperly"",""Reckless Driving"",""Reaction to Object or Animal"",""Reaction to Object or Animal""]",R357,212.9290787258484
2022-08-29,12:00:00,12,2022,8,29,Monday,33.708626,-84.402472,(O) No Injury,0.0,0.0,0.0,Atlanta,FULTON,I-7585 Northbound,Fair Drive and I-7585 Northbound,Rear End,On Roadway - Non-Intersection,Daylight,Cloudy,Dry,Gsp Post 00,"[""Lap and Shoulder Belt Used"",""Lap and Shoulder Belt Used"",""Lap and Shoulder Belt Used""]","[""Motor Vehicle in Motion"",""Motor Vehicle in Motion""]","[""Motor Vehicle in Motion"",""Motor Vehicle in Motion""]","[""Other Interior Distraction (Distracted)"",""Following Too Close""]",310,27.70617754753617
2022-08-29,09:35:00,9,2022,8,29,Monday,33.808432,-84.378531,(O) No Injury,0.0,0.0,0.0,Atlanta,FULTON,I-85 Sb,I-85 Sb and Armour Drive,Rear End,On Roadway - Non-Intersection,Daylight,Clear,Dry,Gsp Post 00,"[""Lap and Shoulder Belt Used"",""Lap and Shoulder Belt Used""]","[""Motor Vehicle in Motion"",""Motor Vehicle in Motion""]","[""Motor Vehicle in Motion"",""Motor Vehicle in Motion""]","[""Following Too Close"",""Inattentive or Other Distraction (Distracted)""]",322,186.3098741536234
2022-08-29,18:50:00,18,2022,8,29,Monday,33.807125,-84.380418,(O) No Injury,0.0,0.0,0.0,Atlanta,FULTON,I-85 South,Ga-400 and I-85 South,Sideswipe-Same Direction,On Roadway - Non-Intersection,Daylight,Cloudy,Dry,Gsp Post 00,"[""Lap and Shoulder Belt Used"",""Lap and Shoulder Belt Used""]","[""Motor Vehicle in Motion"",""Motor Vehicle in Motion""]","[""Motor Vehicle in Motion"",""Motor Vehicle in Motion""]",Changed Lanes Improperly,322,62.91848129627348
2022-08-30,06:48:00,6,2022,8,30,Tuesday,33.806424,-84.38086,(C) Possible Injury / Complaint,0.0,0.0,0.0,Atlanta,FULTON,I-85 Nb,Ga-13 and I-85 Nb,Rear End,On Roadway - Non-Intersection,Daylight,Cloudy,Dry,Gsp Post 00,"[""Lap and Shoulder Belt Used"",""Lap and Shoulder Belt Used""]","[""Motor Vehicle in Motion"",""Motor Vehicle in Motion""]","[""Motor Vehicle in Motion"",""Motor Vehicle in Motion""]",Following Too Close,322,127.36667676663497
2022-08-30,17:37:00,17,2022,8,30,Tuesday,33.759385,-84.378344,(B) Suspected Minor/Visible Injury,0.0,0.0,1.0,Atlanta,FULTON,Fort St Ne,Fort St Ne and John Lewis Freedom Pkwy Ne,Angle Crash,On Roadway - Roadway Intersection,Daylight,Rain,Wet,Atlanta Police Department,"[""Lap and Shoulder Belt Used"",""Lap and Shoulder Belt Used""]","[""Motor Vehicle in Motion"",""Motor Vehicle in Motion""]","[""Motor Vehicle in Motion"",""Motor Vehicle in Motion""]","[""Too Fast for Conditions"",""Disregard Stop Sign/Signal""]",9,73.11078710435534
2022-08-31,18:00:00,18,2022,8,31,Wednesday,33.76391,-84.492744,(O) No Injury,0.0,0.0,0.0,Atlanta,FULTON,I-285,None and I-285,Rear End,On Roadway - Non-Intersection,Daylight,Clear,Dry,Atlanta Police Department,"[""Unknown"",""Unknown""]","[""Motor Vehicle in Motion"",""Motor Vehicle in Motion""]","[""Motor Vehicle in Motion"",""Motor Vehicle in Motion""]",Following Too Close,R376,112.15248869793014
2022-08-31,09:04:00,9,2022,8,31,Wednesday,33.763066,-84.48939,(O) No Injury,0.0,0.0,0.0,Atlanta,FULTON,I-20,I-20 and Exit 51A,Rear End,On Roadway - Non-Intersection,Daylight,Clear,Dry,Atlanta Police Department,"[""Unknown"",""Unknown""]","[""Motor Vehicle in Motion"",""Motor Vehicle in Motion""]","[""Motor Vehicle in Motion"",""Motor Vehicle in Motion""]",Following Too Close,R376,212.5811804227935
2022-08-31,07:00:00,7,2022,8,31,Wednesday,33.743491,-84.378316,(O) No Injury,0.0,0.0,0.0,Atlanta,FULTON,I-20,None and I-20,Rear End,On Roadway - Non-Intersection,Daylight,Clear,Dry,Atlanta Police Department,"[""Unknown"",""Unknown""]","[""Motor Vehicle in Motion"",""Motor Vehicle in Motion""]","[""Motor Vehicle in Motion"",""Motor Vehicle in Motion""]",,77,52.13915559431607
2022-08-31,07:30:00,7,2022,8,31,Wednesday,33.867024,-84.381072,(C) Possible Injury / Complaint,0.0,0.0,0.0,Atlanta,FULTON,Roswell Rd Ne,Roswell Rd Ne and Chastain Dr Ne,Not a Collision with Motor Vehicle,On Roadway - Roadway Intersection,Daylight,Clear,Dry,Atlanta Police Department,"[""Unknown"",""Unknown""]","[""Motor Vehicle in Motion"",""Motor Vehicle in Motion""]",Motor Vehicle in Motion,Failure to Yield,271,194.41748324734817
2022-08-31,16:30:00,16,2022,8,31,Wednesday,33.798641,-84.392449,(O) No Injury,0.0,0.0,0.0,Atlanta,FULTON,I-85,None and I-85,Rear End,On Roadway - Non-Intersection,Daylight,Clear,Dry,Atlanta Police Department,"[""Unknown"",""Unknown""]","[""Motor Vehicle in Motion"",""Motor Vehicle in Motion""]","[""Motor Vehicle in Motion"",""Motor Vehicle in Motion""]",Following Too Close,R365,191.65157372366943
2022-09-01,10:30:00,10,2022,9,1,Thursday,33.764548,-84.492839,(O) No Injury,0.0,0.0,0.0,Atlanta,FULTON,I-20,None and I-20,Sideswipe-Same Direction,On Roadway - Non-Intersection,Daylight,Clear,Dry,Atlanta Police Department,"[""Unknown"",""Lap and Shoulder Belt Used""]","[""Motor Vehicle in Motion"",""Motor Vehicle in Motion""]","[""Motor Vehicle in Motion"",""Motor Vehicle in Motion""]",,R376,157.21211408198957
2022-09-01,17:06:00,17,2022,9,1,Thursday,33.685577,-84.398632,(O) No Injury,0.0,0.0,0.0,Atlanta,FULTON,I-75Nb,I-75Nb and Cleveland Ave.,Not a Collision with Motor Vehicle,On Roadway - Non-Intersection,Daylight,Clear,Dry,Gsp Post 00,Lap and Shoulder Belt Used,Other Object (Not Fixed),Impact Attenuate,,R357,237.8636402803998
2022-09-01,20:04:00,20,2022,9,1,Thursday,33.75988,-84.379856,(O) No Injury,0.0,0.0,0.0,Atlanta,FULTON,I-75 S,I-75 S and Andrew Young International Blvd Ne,Sideswipe-Same Direction,On Roadway - Non-Intersection,Dark-Lighted,Clear,Dry,Atlanta Police Department,"[""Lap and Shoulder Belt Used"",""Lap and Shoulder Belt Used""]","[""Motor Vehicle in Motion"",""Motor Vehicle in Motion""]","[""Motor Vehicle in Motion"",""Motor Vehicle in Motion""]","[""Changed Lanes Improperly"",""Changed Lanes Improperly""]",9,183.7004084186437
2022-09-01,03:33:00,3,2022,9,1,Thursday,33.677229,-84.397722,(C) Possible Injury / Complaint,0.0,0.0,0.0,Atlanta,FULTON,I-75,None and I-75,Rear End,On Roadway - Non-Intersection,Dark-Lighted,Cloudy,Dry,Atlanta Police Department,Unknown,"[""Motor Vehicle in Motion"",""Motor Vehicle in Motion""]","[""Motor Vehicle in Motion"",""Motor Vehicle in Motion""]",Following Too Close,309,103.85968802775947
2022-09-02,20:50:00,20,2022,9,2,Friday,33.743502,-84.378932,(O) No Injury,0.0,0.0,0.0,Atlanta,FULTON,I-20,None and I-20,Rear End,On Shoulder,Dark-Lighted,Clear,Dry,Atlanta Police Department,"[""Unknown"",""Unknown"",""Unknown"",""Unknown""]","[""Motor Vehicle in Motion"",""Highway Traffic Sign Post""]","[""Motor Vehicle in Motion"",""Motor Vehicle in Motion""]",Following Too Close,77,46.00463724672479
2022-09-02,09:03:00,9,2022,9,2,Friday,33.760142,-84.37924,(O) No Injury,0.0,0.0,0.0,Atlanta,FULTON,7585 Nb,7585 Nb and Freedom Pkwy,Rear End,On Roadway - Non-Intersection,Daylight,Clear,Dry,Gsp Post 00,"[""Lap and Shoulder Belt Used"",""Lap and Shoulder Belt Used""]","[""Motor Vehicle in Motion"",""Motor Vehicle in Motion""]","[""Motor Vehicle in Motion"",""Motor Vehicle in Motion""]",Following Too Close,9,173.72294948066587
2022-09-02,14:50:00,14,2022,9,2,Friday,33.798099,-84.393181,(O) No Injury,0.0,0.0,0.0,Atlanta,FULTON,Interstate 85 South,Interstate 75 North and Interstate 85 South,Rear End,On Roadway - Non-Intersection,Daylight,Clear,Dry,Gsp Post 00,"[""Lap and Shoulder Belt Used"",""Lap and Shoulder Belt Used"",""Lap and Shoulder Belt Used"",""Lap and Shoulder Belt Used""]","[""Motor Vehicle in Motion"",""Motor Vehicle in Motion"",""Motor Vehicle in Motion"",""Motor Vehicle in Motion""]","[""Motor Vehicle in Motion"",""Motor Vehicle in Motion"",""Motor Vehicle in Motion"",""Motor Vehicle in Motion""]",,R365,101.54992902870838
2022-09-02,11:16:00,11,2022,9,2,Friday,33.742714,-84.40332,(O) No Injury,0.0,0.0,0.0,Atlanta,FULTON,I-20 Eb,I-20 Eb and Mcdaniel St Overpass,Sideswipe-Same Direction,On Roadway - Non-Intersection,Daylight,Clear,Dry,Gsp Post 00,"[""Lap and Shoulder Belt Used"",""Lap and Shoulder Belt Used""]","[""Motor Vehicle in Motion"",""Motor Vehicle in Motion""]","[""Motor Vehicle in Motion"",""Motor Vehicle in Motion""]",Changed Lanes Improperly,315,73.72567843570438
2022-09-02,08:30:00,8,2022,9,2,Friday,33.807006,-84.380577,(C) Possible Injury / Complaint,0.0,0.0,0.0,Atlanta,FULTON,I-85 Sb,I-85 Sb and Armour Drive,Rear End,On Roadway - Non-Intersection,Daylight,Clear,Dry,Gsp Post 00,"[""Lap and Shoulder Belt Used"",""Lap and Shoulder Belt Used"",""Child Restraint System (Properly Used)"",""Lap and Shoulder Belt Used"",""Lap and Shoulder Belt Used""]","[""Motor Vehicle in Motion"",""Motor Vehicle in Motion"",""Motor Vehicle in Motion""]","[""Motor Vehicle in Motion"",""Motor Vehicle in Motion"",""Motor Vehicle in Motion""]",Following Too Close,322,78.0838921563845
2022-09-02,17:30:00,17,2022,9,2,Friday,33.743308,-84.378186,(O) No Injury,0.0,0.0,0.0,Atlanta,FULTON,I-20,None and I-20,Sideswipe-Same Direction,On Roadway - Non-Intersection,Daylight,Cloudy,Dry,Atlanta Police Department,"[""Lap and Shoulder Belt Used"",""Lap and Shoulder Belt Used""]","[""Motor Vehicle in Motion"",""Motor Vehicle in Motion""]","[""Motor Vehicle in Motion"",""Motor Vehicle in Motion""]",Reaction to Object or Animal,77,50.2983442650791
2022-09-02,17:11:00,17,2022,9,2,Friday,33.794943,-84.393909,(O) No Injury,0.0,0.0,0.0,Atlanta,FULTON,Interstate 75 South,Deering Road and Interstate 75 South,Rear End,On Roadway - Non-Intersection,Daylight,Rain,Wet,Gsp Post 00,"[""Lap and Shoulder Belt Used"",""Lap and Shoulder Belt Used"",""Lap and Shoulder Belt Used"",""Lap and Shoulder Belt Used""]","[""Motor Vehicle in Motion"",""Motor Vehicle in Motion""]","[""Motor Vehicle in Motion"",""Motor Vehicle in Motion""]",Following Too Close,R356,174.06734586844843
2022-09-03,00:00:00,0,2022,9,3,Saturday,33.763174,-84.489607,(O) No Injury,0.0,0.0,0.0,Atlanta,FULTON,I-20,None and I-20,Not a Collision with Motor Vehicle,Entrance/Exit Ramp,Dark-Not Lighted,Rain,Water (standing or moving),Atlanta Police Department,Lap and Shoulder Belt Used,Bridge Rail,Bridge Rail,Too Fast for Conditions,R376,190.09490939634424
2022-09-03,19:15:00,19,2022,9,3,Saturday,33.759384,-84.378344,(C) Possible Injury / Complaint,0.0,0.0,0.0,Atlanta,FULTON,John Lewis Freedom Pkwy Ne,Fort St Ne and John Lewis Freedom Pkwy Ne,Angle Crash,On Roadway - Roadway Intersection,Daylight,Clear,Dry,Atlanta Police Department,"[""Lap and Shoulder Belt Used"",""Lap and Shoulder Belt Used""]","[""Motor Vehicle in Motion"",""Motor Vehicle in Motion""]","[""Motor Vehicle in Motion"",""Motor Vehicle in Motion""]",Disregard Stop Sign/Signal,9,73.00049506271661
2022-09-03,01:45:00,1,2022,9,3,Saturday,33.867034,-84.381072,(O) No Injury,0.0,0.0,0.0,Atlanta,FULTON,I-20 E Exit Ramp To I-85  I-7,I-20 E Exit Ramp To I-85  I-7 and I-85 / I-75 N (Connector North,Angle Crash,On Roadway - Non-Intersection,Dark-Lighted,Clear,Dry,Gsp Post 00,"[""Lap and Shoulder Belt Used"",""Lap and Shoulder Belt Used"",""Lap and Shoulder Belt Used""]","[""Motor Vehicle in Motion"",""Motor Vehicle in Motion""]","[""Motor Vehicle in Motion"",""Motor Vehicle in Motion""]",Following Too Close,271,195.515578630103
2022-09-03,08:20:00,8,2022,9,3,Saturday,33.798694,-84.392752,(C) Possible Injury / Complaint,0.0,0.0,0.0,Atlanta,FULTON,I-85,None and I-85,Rear End,On Roadway - Non-Intersection,Daylight,Cloudy,Dry,Atlanta Police Department,"[""Lap and Shoulder Belt Used"",""Lap and Shoulder Belt Used"",""Lap and Shoulder Belt Used""]","[""Motor Vehicle in Motion"",""Motor Vehicle in Motion""]","[""Motor Vehicle in Motion"",""Motor Vehicle in Motion""]",Following Too Close,R365,174.1437879282038
2022-09-04,15:20:00,15,2022,9,4,Sunday,33.80872,-84.378082,(C) Possible Injury / Complaint,0.0,0.0,0.0,Atlanta,FULTON,I-85,None and I-85,Rear End,On Roadway - Non-Intersection,Daylight,Cloudy,Wet,Atlanta Police Department,"[""Unknown"",""Unknown"",""Unknown"",""Unknown"",""Unknown"",""Unknown"",""Unknown""]","[""Motor Vehicle in Motion"",""Motor Vehicle in Motion"",""Motor Vehicle in Motion"",""Motor Vehicle in Motion""]","[""Motor Vehicle in Motion"",""Parked Motor Vehicle"",""Motor Vehicle in Motion"",""Motor Vehicle in Motion""]",,322,237.25991319321452
2022-09-04,19:00:00,19,2022,9,4,Sunday,33.794136,-84.394156,(O) No Injury,0.0,0.0,0.0,Atlanta,FULTON,Fowler St Nw,20Th St Nw and Fowler St Nw,Angle Crash,On Roadway - Driveway Intersection,Daylight,Cloudy,Water (standing or moving),Atlanta Police Department,"[""Lap and Shoulder Belt Used"",""Lap and Shoulder Belt Used"",""Lap and Shoulder Belt Used"",""Lap and Shoulder Belt Used""]","[""Motor Vehicle in Motion"",""Motor Vehicle in Motion""]","[""Motor Vehicle in Motion"",""Motor Vehicle in Motion""]",Disregard Stop Sign/Signal,R378,223.4948737281845
2022-09-04,20:00:00,20,2022,9,4,Sunday,33.759195,-84.477907,(O) No Injury,0.0,0.0,0.0,Atlanta,FULTON,I-20 Rp,None and I-20 Rp,Rear End,Entrance/Exit Ramp,Dark-Lighted,Rain,Water (standing or moving),Atlanta Police Department,"[""Unknown"",""Unknown"",""Unknown"",""Unknown""]","[""Motor Vehicle in Motion"",""Motor Vehicle in Motion"",""Motor Vehicle in Motion""]","[""Motor Vehicle in Motion"",""Motor Vehicle in Motion"",""Motor Vehicle in Motion""]",Following Too Close,313,79.91056818694891
2022-09-04,02:00:00,2,2022,9,4,Sunday,33.74264,-84.403474,(O) No Injury,0.0,0.0,0.0,Atlanta,FULTON,I-20,I-20 and Mcdaniel St Sw,Sideswipe-Same Direction,On Roadway - Non-Intersection,Dark-Lighted,Clear,Dry,Atlanta Police Department,"[""Unknown"",""Unknown""]","[""Motor Vehicle in Motion"",""Motor Vehicle in Motion""]","[""Motor Vehicle in Motion"",""Motor Vehicle in Motion""]",Changed Lanes Improperly,315,89.86043097221498
2022-09-04,15:28:00,15,2022,9,4,Sunday,33.685874,-84.402655,(B) Suspected Minor/Visible Injury,0.0,0.0,1.0,Atlanta,FULTON,I-85 Exit 77 Rp,None and I-85 Exit 77 Rp,Not a Collision with Motor Vehicle,On Roadway - Non-Intersection,Daylight,Rain,Wet,Atlanta Police Department,Unknown,Motor Vehicle in Motion,Motor Vehicle in Motion,Driver Lost Control,R357,164.2248815699555
2022-09-04,21:20:00,21,2022,9,4,Sunday,33.807383,-84.379346,(C) Possible Injury / Complaint,0.0,0.0,0.0,Atlanta,FULTON,I-85 Exit 86 Rp,None and I-85 Exit 86 Rp,Rear End,On Roadway - Non-Intersection,Dark-Lighted,Rain,Water (standing or moving),Atlanta Police Department,"[""Unknown"",""Lap and Shoulder Belt Used""]","[""Motor Vehicle in Motion"",""Motor Vehicle in Motion""]","[""Motor Vehicle in Motion"",""Motor Vehicle in Motion""]",Following Too Close,322,48.87395173280555
2022-09-04,23:06:00,23,2022,9,4,Sunday,33.68557,-84.403293,(O) No Injury,0.0,0.0,0.0,Atlanta,FULTON,I-85,None and I-85,Sideswipe-Same Direction,On Roadway - Non-Intersection,Dark-Not Lighted,Clear,Dry,Atlanta Police Department,"[""Unknown"",""Lap and Shoulder Belt Used""]","[""Motor Vehicle in Motion"",""Motor Vehicle in Motion""]","[""Motor Vehicle in Motion"",""Motor Vehicle in Motion""]","[""Changed Lanes Improperly"",""Aggressive Driving""]",R357,231.7628231419569
2022-09-04,23:51:00,23,2022,9,4,Sunday,33.686429,-84.398752,(C) Possible Injury / Complaint,0.0,0.0,0.0,Atlanta,FULTON,I-75,None and I-75,Angle Crash,Entrance/Exit Ramp,Dark-Lighted,Clear,Dry,Atlanta Police Department,"[""Unknown"",""Unknown"",""Unknown""]","[""Motor Vehicle in Motion"",""Motor Vehicle in Motion"",""Parked Motor Vehicle""]","[""Motor Vehicle in Motion"",""Motor Vehicle in Motion"",""Parked Motor Vehicle""]",Changed Lanes Improperly,R357,208.53177468543493
2022-09-04,00:22:00,0,2022,9,4,Sunday,33.75988,-84.379856,(O) No Injury,0.0,0.0,0.0,Atlanta,FULTON,I-75,I-75 and Andrew Young International Blvd Ne,Angle Crash,On Roadway - Non-Intersection,Dark-Lighted,Clear,Dry,Atlanta Police Department,"[""Unknown"",""Lap and Shoulder Belt Used"",""Lap and Shoulder Belt Used"",""Lap and Shoulder Belt Used""]","[""Motor Vehicle in Motion"",""Motor Vehicle in Motion"",""Motor Vehicle in Motion""]","[""Motor Vehicle in Motion"",""Motor Vehicle in Motion"",""Motor Vehicle in Motion""]",Changed Lanes Improperly,9,183.7004084186437
2022-09-04,01:45:00,1,2022,9,4,Sunday,33.759437,-84.378846,(O) No Injury,0.0,0.0,0.0,Atlanta,FULTON,I-75,I-75 and Ellis St Ne,Angle Crash,On Roadway - Non-Intersection,Dark-Lighted,Clear,Dry,Atlanta Police Department,"[""Lap and Shoulder Belt Used"",""Lap and Shoulder Belt Used"",""Lap and Shoulder Belt Used"",""Lap and Shoulder Belt Used""]","[""Motor Vehicle in Motion"",""Motor Vehicle in Motion""]","[""Motor Vehicle in Motion"",""Motor Vehicle in Motion""]",Changed Lanes Improperly,9,87.40645189546369