Date,Time,Hour,Year,Month,Day,DayOfWeek,Crash Latitude,Crash Longitude,KABCO Severity,# of Fatalities per Crash,# Serious Injuries,# Visible Injuries,Geolocated City,Geolocated County,Roadway (From Crash Report),Intersection Name (from Crash Report),Manner of Collision (Crash Level),Location at Impact (Crash Level),Light Conditions (Crash Level),Weather Conditions (Crash Level),Surface Condition (Crash Level),Agency Name (Crash Level),Safety Equipment (Crash Level),First Harmful Event (Unit Order),Most Harmful Event (Crash Level),"Operator/Pedestrian Contrib Factor (excl None, Other, No Contrib Factors)",join_id,Crash_to_TMAS_m
2022-09-05,15:40:00,15,2022,9,5,Monday,33.79731,-84.395494,(O) No Injury,0.0,0.0,0.0,Atlanta,FULTON,I-75 S,I-75 S and Deering Rd,Angle Crash,On Roadway - Non-Intersection,Daylight,Clear,Dry,Gsp Post 00,"[""Unknown"",""Lap and Shoulder Belt Used""]","[""Motor Vehicle in Motion"",""Motor Vehicle in Motion""]","[""Motor Vehicle in Motion"",""Motor Vehicle in Motion""]",Changed Lanes Improperly,R365,133.07870762348142
2022-09-05,03:37:00,3,2022,9,5,Monday,33.759492,-84.479945,(O) No Injury,0.0,0.0,0.0,Atlanta,FULTON,I-20,I-20 and Linkwood Rd Nw,Sideswipe-Same Direction,On Roadway - Non-Intersection,Dark-Lighted,Clear,Other,Atlanta Police Department,"[""Lap and Shoulder Belt Used"",""Lap and Shoulder Belt Used""]","[""Motor Vehicle in Motion"",""Motor Vehicle in Motion""]","[""Motor Vehicle in Motion"",""Motor Vehicle in Motion""]",Driver Lost Control,313,112.96049756486596
2022-09-05,19:30:00,19,2022,9,5,Monday,33.795782,-84.392567,(C) Possible Injury / Complaint,0.0,0.0,0.0,Atlanta,FULTON,I-85,I-85 and 17Th St Nw,Rear End,On Roadway - Non-Intersection,Dark-Lighted,Clear,Dry,Atlanta Police Department,"[""Lap and Shoulder Belt Used"",""Lap and Shoulder Belt Used""]","[""Motor Vehicle in Motion"",""Motor Vehicle in Motion""]","[""Motor Vehicle in Motion"",""Motor Vehicle in Motion""]",Following Too Close,R378,97.65586656315264
2022-09-05,00:00:00,0,2022,9,5,Monday,33.793544,-84.393067,(O) No Injury,0.0,0.0,0.0,Atlanta,FULTON,I-85,None and I-85,Sideswipe-Same Direction,On Roadway - Non-Intersection,Dark-Lighted,Rain,Wet,Atlanta Police Department,"[""Unknown"",""Unknown"",""Unknown""]","[""Motor Vehicle in Motion"",""Motor Vehicle in Motion"",""Motor Vehicle in Motion""]","[""Motor Vehicle in Motion"",""Motor Vehicle in Motion""]","[""Too Fast for Conditions"",""Changed Lanes Improperly""]",R378,193.1882175118628
2022-09-05,01:30:00,1,2022,9,5,Monday,33.764114,-84.491508,(O) No Injury,0.0,0.0,0.0,Atlanta,FULTON,I-20,None and I-20,Sideswipe-Same Direction,On Shoulder,Dark-Lighted,Clear,Wet,Atlanta Police Department,"[""Unknown"",""Unknown""]","[""Motor Vehicle in Motion"",""Motor Vehicle in Motion""]","[""Motor Vehicle in Motion"",""Motor Vehicle in Motion""]",Following Too Close,R376,59.85621131685586
2022-09-05,04:40:00,4,2022,9,5,Monday,33.797219,-84.395436,(O) No Injury,0.0,0.0,0.0,Atlanta,FULTON,I-75,None and I-75,Rear End,On Roadway - Non-Intersection,Dark-Not Lighted,Cloudy,Water (standing or moving),Atlanta Police Department,"[""Unknown"",""Lap and Shoulder Belt Used""]","[""Motor Vehicle in Motion"",""Motor Vehicle in Motion""]","[""Motor Vehicle in Motion"",""Motor Vehicle in Motion""]",,R365,130.7783475838969
2022-09-06,00:48:00,0,2022,9,6,Tuesday,33.797982,-84.393248,(O) No Injury,0.0,0.0,0.0,Atlanta,FULTON,I-85,None and I-85,Not a Collision with Motor Vehicle,On Roadway - Non-Intersection,Dark-Lighted,Clear,Dry,Atlanta Police Department,"[""None Used"",""None Used"",""None Used"",""None Used""]","[""Motor Vehicle in Motion"",""Motor Vehicle in Motion""]","[""Motor Vehicle in Motion"",""Motor Vehicle in Motion""]",,R365,89.58385955036194
2022-09-06,16:55:00,16,2022,9,6,Tuesday,33.743569,-84.403996,(O) No Injury,0.0,0.0,0.0,Atlanta,FULTON,Mcdaniel St Sw,Mcdaniel St Sw and Whitehall St Sw,Sideswipe-Same Direction,On Roadway - Roadway Intersection,Daylight,Clear,Dry,Atlanta Police Department,"[""Unknown"",""Unknown"",""Unknown""]","[""Motor Vehicle in Motion"",""Motor Vehicle in Motion""]","[""Motor Vehicle in Motion"",""Motor Vehicle in Motion""]",Changed Lanes Improperly,315,151.8647255884071
2022-09-06,20:25:00,20,2022,9,6,Tuesday,33.759385,-84.378342,(C) Possible Injury / Complaint,0.0,0.0,0.0,Atlanta,FULTON,Fort St Ne,Fort St Ne and John Lewis Freedom Pkwy Ne,Angle Crash,On Roadway - Roadway Intersection,Daylight,Clear,Dry,Atlanta Police Department,"[""Lap and Shoulder Belt Used"",""Lap and Shoulder Belt Used""]","[""Motor Vehicle in Motion"",""Motor Vehicle in Motion""]","[""Motor Vehicle in Motion"",""Motor Vehicle in Motion""]","[""Disregard Other Traffic Control"",""Disregard Other Traffic Control""]",9,73.1312248972661
2022-09-07,21:38:00,21,2022,9,7,Wednesday,33.807032,-84.378299,(C) Possible Injury / Complaint,0.0,0.0,0.0,Atlanta,FULTON,Ga-13,None and Ga-13,Rear End,On Roadway - Non-Intersection,Dark-Not Lighted,Clear,Dry,Atlanta Police Department,"[""Lap and Shoulder Belt Used"",""Lap and Shoulder Belt Used"",""Lap and Shoulder Belt Used"",""Lap and Shoulder Belt Used""]","[""Motor Vehicle in Motion"",""Motor Vehicle in Motion""]","[""Motor Vehicle in Motion"",""Motor Vehicle in Motion""]",Following Too Close,322,133.62521889486996
2022-09-07,08:05:00,8,2022,9,7,Wednesday,33.743494,-84.378512,(O) No Injury,0.0,0.0,0.0,Atlanta,FULTON,I-20,None and I-20,Rear End,On Roadway - Non-Intersection,Daylight,Clear,Dry,Atlanta Police Department,"[""Unknown"",""Unknown"",""Unknown"",""Unknown""]","[""Motor Vehicle in Motion"",""Motor Vehicle in Motion"",""Motor Vehicle in Motion""]","[""Motor Vehicle in Motion"",""Motor Vehicle in Motion"",""Motor Vehicle in Motion""]",,77,42.60238217622887
2022-09-07,11:51:00,11,2022,9,7,Wednesday,33.76488,-84.493548,(O) No Injury,0.0,0.0,0.0,Atlanta,FULTON,I-20,None and I-20,Sideswipe-Same Direction,On Roadway - Non-Intersection,Daylight,Clear,Dry,Atlanta Police Department,"[""Lap and Shoulder Belt Used"",""Lap and Shoulder Belt Used""]","[""Motor Vehicle in Motion"",""Motor Vehicle in Motion""]","[""Motor Vehicle in Motion"",""Motor Vehicle in Motion""]",Changed Lanes Improperly,R376,231.05478729974016
2022-09-07,11:21:00,11,2022,9,7,Wednesday,33.764868,-84.493521,(O) No Injury,0.0,0.0,0.0,Atlanta,FULTON,I-20,None and I-20,Sideswipe-Same Direction,On Roadway - Non-Intersection,Daylight,Clear,Dry,Atlanta Police Department,"[""Unknown"",""Lap and Shoulder Belt Used""]","[""Motor Vehicle in Motion"",""Motor Vehicle in Motion""]","[""Motor Vehicle in Motion"",""Motor Vehicle in Motion""]",Changed Lanes Improperly,R376,228.26971161228607
2022-09-07,20:44:00,20,2022,9,7,Wednesday,33.742523,-84.403729,(O) No Injury,0.0,0.0,0.0,Atlanta,FULTON,I-20,None and I-20,Sideswipe-Opposite Direction,On Roadway - Non-Intersection,Dark-Lighted,Clear,Dry,Atlanta Police Department,"[""Unknown"",""Unknown"",""Unknown""]","[""Motor Vehicle in Motion"",""Motor Vehicle in Motion""]","[""Motor Vehicle in Motion"",""Motor Vehicle in Motion""]","[""Following Too Close"",""Changed Lanes Improperly""]",315,116.5538915831391
2022-09-08,00:06:00,0,2022,9,8,Thursday,33.760546,-84.379544,(B) Suspected Minor/Visible Injury,0.0,0.0,1.0,Atlanta,FULTON,I-75,None and I-75,Sideswipe-Same Direction,On Shoulder,Dark-Lighted,Clear,Dry,Atlanta Police Department,"[""Unknown"",""Unknown""]","[""Other - Fixed Object"",""Other Object (Not Fixed)"",""Motor Vehicle in Motion""]","[""Other Object (Not Fixed)"",""Motor Vehicle in Motion""]",Changed Lanes Improperly,9,226.40178953935416
2022-09-08,16:18:00,16,2022,9,8,Thursday,33.760357,-84.379394,(O) No Injury,0.0,0.0,0.0,Atlanta,FULTON,Interstate 7585 North,Interstate 7585 North and Freedom Parkway Overpass,Sideswipe-Same Direction,On Roadway - Non-Intersection,Daylight,Clear,Dry,Gsp Post 00,"[""Lap and Shoulder Belt Used"",""Lap and Shoulder Belt Used""]","[""Motor Vehicle in Motion"",""Motor Vehicle in Motion""]","[""Motor Vehicle in Motion"",""Motor Vehicle in Motion""]",Changed Lanes Improperly,9,201.4193040455495
2022-09-08,12:32:00,12,2022,9,8,Thursday,33.743415,-84.402424,(O) No Injury,0.0,0.0,0.0,Atlanta,FULTON,Ramp From I-7585 South To I-2,None and Ramp From I-7585 South To I-2,Not a Collision with Motor Vehicle,Entrance/Exit Ramp,Daylight,Clear,Dry,Gsp Post 00,"[""Lap and Shoulder Belt Used"",""Lap and Shoulder Belt Used"",""Lap and Shoulder Belt Used""]","[""Cargo/Equipment Loss or Shift"",""Other Non-Collision""]","[""Cargo/Equipment Lost or Shift"",""Other Non-Collision""]",,315,57.43160082141268
2022-09-08,07:59:00,7,2022,9,8,Thursday,33.743852,-84.378814,(O) No Injury,0.0,0.0,0.0,Atlanta,FULTON,I-20 West,Hill St and I-20 West,Rear End,On Roadway - Non-Intersection,Daylight,Clear,Dry,Gsp Post 00,"[""Unknown"",""Lap and Shoulder Belt Used"",""Child Restraint System (Properly Used)""]","[""Motor Vehicle in Motion"",""Motor Vehicle in Motion""]","[""Motor Vehicle in Motion"",""Motor Vehicle in Motion""]",Following Too Close,77,79.83101815315034
2022-09-08,18:20:00,18,2022,9,8,Thursday,33.794671,-84.39303,(O) No Injury,0.0,0.0,0.0,Atlanta,FULTON,I-85 N,I-85 N and 17Th Street,Rear End,On Roadway - Non-Intersection,Daylight,Clear,Dry,Gsp Post 00,"[""Lap and Shoulder Belt Used"",""Lap and Shoulder Belt Used""]","[""Motor Vehicle in Motion"",""Motor Vehicle in Motion""]","[""Motor Vehicle in Motion"",""Motor Vehicle in Motion""]",Following Too Close,R378,103.82794501761126
2022-09-08,12:41:00,12,2022,9,8,Thursday,33.794818,-84.393419,(O) No Injury,0.0,0.0,0.0,Atlanta,FULTON,Interstate 85 South,Interstate 75 North and Interstate 85 South,Sideswipe-Same Direction,On Roadway - Non-Intersection,Daylight,Clear,Dry,Gsp Post 00,"[""Lap and Shoulder Belt Used"",""Lap and Shoulder Belt Used""]","[""Motor Vehicle in Motion"",""Motor Vehicle in Motion""]","[""Motor Vehicle in Motion"",""Motor Vehicle in Motion""]",Changed Lanes Improperly,R378,133.73793675478416
2022-09-08,10:10:00,10,2022,9,8,Thursday,33.743445,-84.376109,(O) No Injury,0.0,0.0,0.0,Atlanta,FULTON,I-20 Wb,I-20 Wb and Hill Street,Rear End,On Roadway - Non-Intersection,Daylight,Clear,Dry,Gsp Post 00,"[""Lap Belt Only Used"",""Lap and Shoulder Belt Used""]","[""Motor Vehicle in Motion"",""Motor Vehicle in Motion""]","[""Motor Vehicle in Motion"",""Motor Vehicle in Motion""]",Following Too Close,77,241.61998642611636
2022-09-09,11:00:00,11,2022,9,9,Friday,33.741556,-84.402936,(O) No Injury,0.0,0.0,0.0,Atlanta,FULTON,Fulton St Sw,Fulton St Sw and Mcdaniel St Sw,Angle Crash,On Roadway - Roadway Intersection,Daylight,Clear,Dry,Atlanta Police Department,"[""Lap and Shoulder Belt Used"",""Lap and Shoulder Belt Used""]","[""Motor Vehicle in Motion"",""Motor Vehicle in Motion""]","[""Motor Vehicle in Motion"",""Motor Vehicle in Motion""]",Improper Turn,315,154.21947972566863
2022-09-09,16:40:00,16,2022,9,9,Friday,33.743307,-84.379296,(O) No Injury,0.0,0.0,0.0,Atlanta,FULTON,I-20 West,I-20 West and Hill Street,Rear End,On Roadway - Non-Intersection,Daylight,Cloudy,Dry,Gsp Post 00,"[""Lap and Shoulder Belt Used"",""Lap and Shoulder Belt Used"",""Lap and Shoulder Belt Used""]","[""Motor Vehicle in Motion"",""Motor Vehicle in Motion"",""Motor Vehicle in Motion""]","[""Motor Vehicle in Motion"",""Motor Vehicle in Motion"",""Motor Vehicle in Motion""]",Changed Lanes Improperly,77,59.14866609472824
2022-09-09,22:51:00,22,2022,9,9,Friday,33.758344,-84.378103,(O) No Injury,0.0,0.0,0.0,Atlanta,FULTON,Exit 248C Rp,None and Exit 248C Rp,Rear End,Entrance/Exit Ramp,Dark-Not Lighted,Rain,Wet,Atlanta Police Department,"[""Unknown"",""Unknown""]","[""Motor Vehicle in Motion"",""Motor Vehicle in Motion""]","[""Motor Vehicle in Motion"",""Motor Vehicle in Motion""]","[""Following Too Close"",""Too Fast for Conditions""]",9,52.46577746691825
2022-09-09,10:01:00,10,2022,9,9,Friday,33.741224,-84.378957,(O) No Injury,0.0,0.0,0.0,Atlanta,FULTON,Sydney St Se,Hill St Se and Sydney St Se,Rear End,On Roadway - Non-Intersection,Daylight,Clear,Dry,Atlanta Police Department,"[""Lap and Shoulder Belt Used"",""Lap and Shoulder Belt Used""]","[""Motor Vehicle in Motion"",""Motor Vehicle in Motion""]","[""Motor Vehicle in Motion"",""Motor Vehicle in Motion""]",Other Interior Distraction (Distracted),77,214.02364231057928
2022-09-09,16:10:00,16,2022,9,9,Friday,33.795399,-84.392436,(O) No Injury,0.0,0.0,0.0,Atlanta,FULTON,I-75S,I-75S and Northside Dr,Sideswipe-Same Direction,On Roadway - Non-Intersection,Daylight,Cloudy,Wet,Gsp Post 00,"[""Lap and Shoulder Belt Used"",""Lap and Shoulder Belt Used""]","[""Motor Vehicle in Motion"",""Motor Vehicle in Motion""]","[""Motor Vehicle in Motion"",""Motor Vehicle in Motion""]",,R378,56.72655287994048
2022-09-10,18:50:00,18,2022,9,10,Saturday,33.797431,-84.395383,(O) No Injury,0.0,0.0,0.0,Atlanta,FULTON,Deering Rd Nw Exit 251,Deering Rd Nw and Deering Rd Nw Exit 251,Rear End,On Roadway - Non-Intersection,Daylight,Cloudy,Water (standing or moving),Atlanta Police Department,"[""Unknown"",""Unknown""]","[""Motor Vehicle in Motion"",""Motor Vehicle in Motion""]","[""Motor Vehicle in Motion"",""Motor Vehicle in Motion""]",Following Too Close,R365,120.31800862589418
2022-09-10,09:00:00,9,2022,9,10,Saturday,33.74292,-84.402891,(O) No Injury,0.0,0.0,0.0,Atlanta,FULTON,I-20,None and I-20,Not a Collision with Motor Vehicle,On Roadway - Non-Intersection,Daylight,Rain,Wet,Atlanta Police Department,Unknown,Other Non-Collision,Tree,"[""Changed Lanes Improperly"",""Too Fast for Conditions""]",315,30.700855628587178
2022-09-10,19:40:00,19,2022,9,10,Saturday,33.806927,-84.380681,(A) Suspected Serious Injury,0.0,1.0,0.0,Atlanta,FULTON,I-85,None and I-85,Rear End,"On Roadway - Managed Lane (HOV, HOT, Reversible)",Dark-Lighted,Cloudy,Dry,Atlanta Police Department,"[""Lap and Shoulder Belt Used"",""Lap and Shoulder Belt Used""]","[""Motor Vehicle in Motion"",""Motor Vehicle in Motion""]","[""Motor Vehicle in Motion"",""Motor Vehicle in Motion""]",Under the Influence (U.I.),322,89.0151540307866
2022-09-10,12:00:00,12,2022,9,10,Saturday,33.686987,-84.400513,(O) No Injury,0.0,0.0,0.0,Atlanta,FULTON,I-85,None and I-85,Sideswipe-Same Direction,"On Roadway - Managed Lane (HOV, HOT, Reversible)",Daylight,Rain,Water (standing or moving),Atlanta Police Department,Lap and Shoulder Belt Used,"[""Motor Vehicle in Motion"",""Parked Motor Vehicle""]","[""Motor Vehicle in Motion"",""Parked Motor Vehicle""]",Driver Lost Control,R357,79.25962650405982
2022-09-11,13:00:00,13,2022,9,11,Sunday,33.764435,-84.492156,(O) No Injury,0.0,0.0,0.0,Atlanta,FULTON,I-20,None and I-20,Rear End,On Roadway - Non-Intersection,Daylight,Clear,Wet,Atlanta Police Department,"[""Lap and Shoulder Belt Used"",""Lap and Shoulder Belt Used"",""Lap and Shoulder Belt Used"",""Child Restraint System (Properly Used)""]","[""Motor Vehicle in Motion"",""Motor Vehicle in Motion""]","[""Motor Vehicle in Motion"",""Motor Vehicle in Motion""]",Too Fast for Conditions,R376,107.94852596319647
2022-09-11,02:39:00,2,2022,9,11,Sunday,33.743474,-84.379341,(O) No Injury,0.0,0.0,0.0,Atlanta,FULTON,Hill St Se,I-20 W and Hill St Se,Sideswipe-Same Direction,On Roadway - Non-Intersection,Daylight,Cloudy,Wet,Atlanta Police Department,"[""Unknown"",""Unknown""]","[""Motor Vehicle in Motion"",""Motor Vehicle in Motion""]","[""Motor Vehicle in Motion"",""Motor Vehicle in Motion""]","[""Changed Lanes Improperly"",""Changed Lanes Improperly""]",77,70.81356790070645
2022-09-12,16:45:00,16,2022,9,12,Monday,33.80737,-84.380085,(O) No Injury,0.0,0.0,0.0,Atlanta,FULTON,I-85S,I-85S and Armour Dr,Rear End,On Roadway - Non-Intersection,Daylight,Cloudy,Dry,Gsp Post 00,"[""Lap and Shoulder Belt Used"",""Lap and Shoulder Belt Used""]","[""Motor Vehicle in Motion"",""Motor Vehicle in Motion""]","[""Motor Vehicle in Motion"",""Motor Vehicle in Motion""]",Following Too Close,322,44.5679520365356
2022-09-12,16:40:00,16,2022,9,12,Monday,33.793083,-84.39254,(O) No Injury,0.0,0.0,0.0,Atlanta,FULTON,Interstate 7585 South,17Th Street Overpass and Interstate 7585 South,Rear End,On Roadway - Non-Intersection,Daylight,Clear,Dry,Gsp Post 00,"[""Lap and Shoulder Belt Used"",""Lap and Shoulder Belt Used""]","[""Motor Vehicle in Motion"",""Motor Vehicle in Motion""]","[""Motor Vehicle in Motion"",""Motor Vehicle in Motion""]",Following Too Close,R378,222.8247246842904
2022-09-12,07:25:00,7,2022,9,12,Monday,33.760382,-84.379412,(O) No Injury,0.0,0.0,0.0,Atlanta,FULTON,I-7585 North,Freedom Pkwy and I-7585 North,Rear End,On Roadway - Non-Intersection,Daylight,Cloudy,Dry,Gsp Post 00,"[""Unknown"",""Lap and Shoulder Belt Used""]","[""Motor Vehicle in Motion"",""Motor Vehicle in Motion""]","[""Motor Vehicle in Motion"",""Motor Vehicle in Motion""]",Following Too Close,9,204.64543931388664
2022-09-12,08:53:00,8,2022,9,12,Monday,33.79842,-84.392629,(O) No Injury,0.0,0.0,0.0,Atlanta,FULTON,I-85 North,I-85 North and 17Th St Overpass,Rear End,On Roadway - Non-Intersection,Daylight,Cloudy,Dry,Gsp Post 00,"[""Lap and Shoulder Belt Used"",""Lap and Shoulder Belt Used""]","[""Motor Vehicle in Motion"",""Motor Vehicle in Motion""]","[""Motor Vehicle in Motion"",""Motor Vehicle in Motion""]",Following Too Close,R365,163.8448960890284
2022-09-12,14:24:00,14,2022,9,12,Monday,33.786226,-84.406976,(O) No Injury,0.0,0.0,0.0,Atlanta,FULTON,Hemphill Ave Nw,14Th St Nw and Hemphill Ave Nw,Sideswipe-Same Direction,On Roadway - Roadway Intersection,Daylight,Cloudy,Dry,Atlanta Police Department,"[""Unknown"",""Unknown""]","[""Motor Vehicle in Motion"",""Motor Vehicle in Motion""]","[""Motor Vehicle in Motion"",""Motor Vehicle in Motion""]",Changed Lanes Improperly,86,235.8903333372001
2022-09-12,07:24:00,7,2022,9,12,Monday,33.760371,-84.379404,(O) No Injury,0.0,0.0,0.0,Atlanta,FULTON,I-7585 North,Freedom Pkwy and I-7585 North,Rear End,On Roadway - Non-Intersection,Daylight,Cloudy,Wet,Gsp Post 00,"[""Lap and Shoulder Belt Used"",""Lap and Shoulder Belt Used""]","[""Motor Vehicle in Motion"",""Motor Vehicle in Motion""]","[""Motor Vehicle in Motion"",""Motor Vehicle in Motion""]",Following Too Close,9,203.22260485498515
2022-09-12,14:36:00,14,2022,9,12,Monday,33.796823,-84.395183,(C) Possible Injury / Complaint,0.0,0.0,0.0,Atlanta,FULTON,Interstate 75 South,Deering Road and Interstate 75 South,Sideswipe-Same Direction,On Roadway - Non-Intersection,Daylight,Clear,Dry,Gsp Post 00,"[""Lap and Shoulder Belt Used"",""Lap and Shoulder Belt Used""]","[""Motor Vehicle in Motion"",""Motor Vehicle in Motion""]","[""Median Barrier"",""Motor Vehicle in Motion""]",Changed Lanes Improperly,R356,87.36198504065436
2022-09-13,08:40:00,8,2022,9,13,Tuesday,33.743443,-84.381096,(O) No Injury,0.0,0.0,0.0,Atlanta,FULTON,Interstate 20 West,Boulevard Overpass and Interstate 20 West,Sideswipe-Same Direction,On Roadway - Non-Intersection,Daylight,Clear,Dry,Gsp Post 00,"[""Unknown"",""Lap and Shoulder Belt Used""]","[""Motor Vehicle in Motion"",""Motor Vehicle in Motion""]","[""Motor Vehicle in Motion"",""Motor Vehicle in Motion""]",Changed Lanes Improperly,77,225.53669961045307
2022-09-13,12:00:00,12,2022,9,13,Tuesday,33.806131,-84.380925,(O) No Injury,0.0,0.0,0.0,Atlanta,FULTON,Sr-13S,I-85S and Sr-13S,Rear End,Entrance/Exit Ramp,Daylight,Clear,Dry,Gsp Post 00,"[""Lap and Shoulder Belt Used"",""Lap and Shoulder Belt Used""]","[""Motor Vehicle in Motion"",""Motor Vehicle in Motion""]","[""Motor Vehicle in Motion"",""Motor Vehicle in Motion""]","[""Following Too Close"",""Too Fast for Conditions""]",322,152.87005195965526
2022-09-13,18:13:00,18,2022,9,13,Tuesday,33.759953,-84.379131,(O) No Injury,0.0,0.0,0.0,Atlanta,FULTON,I-7585 Nb,I-7585 Nb and Andrew Young International Bou,Sideswipe-Same Direction,On Roadway - Non-Intersection,Daylight,Clear,Dry,Gsp Post 00,"[""Lap and Shoulder Belt Used"",""Lap and Shoulder Belt Used""]","[""Motor Vehicle in Motion"",""Motor Vehicle in Motion""]","[""Motor Vehicle in Motion"",""Motor Vehicle in Motion""]",Failure to Yield,9,150.44650769673447
2022-09-13,16:20:00,16,2022,9,13,Tuesday,33.797636,-84.39311,(O) No Injury,0.0,0.0,0.0,Atlanta,FULTON,I-85 North,I-85 North and Williams St,Rear End,On Roadway - Non-Intersection,Daylight,Clear,Dry,Gsp Post 00,"[""Lap and Shoulder Belt Used"",""Lap and Shoulder Belt Used"",""Child Restraint System (Properly Used)""]","[""Motor Vehicle in Motion"",""Motor Vehicle in Motion""]","[""Motor Vehicle in Motion"",""Motor Vehicle in Motion""]",Following Too Close,R365,91.79335438626308
2022-09-13,18:00:00,18,2022,9,13,Tuesday,33.795467,-84.392543,(O) No Injury,0.0,0.0,0.0,Atlanta,FULTON,I-75 South,I-75 South and Entrance Ramp To I-85 North,Rear End,On Roadway - Non-Intersection,Daylight,Clear,Dry,Gsp Post 00,"[""Lap and Shoulder Belt Used"",""Lap and Shoulder Belt Used"",""Lap and Shoulder Belt Used""]","[""Motor Vehicle in Motion"",""Motor Vehicle in Motion""]","[""Motor Vehicle in Motion"",""Motor Vehicle in Motion""]",Following Too Close,R378,69.09996862703275
2022-09-13,08:30:00,8,2022,9,13,Tuesday,33.793155,-84.391952,(O) No Injury,0.0,0.0,0.0,Atlanta,FULTON,I-85N,I-85N and 17Th St,Rear End,On Roadway - Non-Intersection,Daylight,Clear,Dry,Gsp Post 00,"[""Lap and Shoulder Belt Used"",""Lap and Shoulder Belt Used""]","[""Motor Vehicle in Motion"",""Motor Vehicle in Motion""]","[""Motor Vehicle in Motion"",""Motor Vehicle in Motion""]",Inattentive or Other Distraction (Distracted),R378,209.195613037458
2022-09-13,13:00:00,13,2022,9,13,Tuesday,33.79712,-84.393581,(B) Suspected Minor/Visible Injury,0.0,0.0,1.0,Atlanta,FULTON,I-85Sb,I-85Sb and Peachtree Rd,Sideswipe-Same Direction,On Roadway - Non-Intersection,Daylight,Clear,Dry,Gsp Post 00,"[""Lap and Shoulder Belt Used"",""Lap and Shoulder Belt Used""]","[""Motor Vehicle in Motion"",""Motor Vehicle in Motion""]","[""Motor Vehicle in Motion"",""Motor Vehicle in Motion""]",Changed Lanes Improperly,R365,71.74787138798578
2022-09-14,12:30:00,12,2022,9,14,Wednesday,33.793045,-84.392805,(C) Possible Injury / Complaint,0.0,0.0,0.0,Atlanta,FULTON,I-75,None and I-75,Rear End,Off Roadway,Daylight,Clear,Dry,Atlanta Police Department,"[""Lap and Shoulder Belt Used"",""Lap and Shoulder Belt Used"",""Lap and Shoulder Belt Used""]","[""Motor Vehicle in Motion"",""Motor Vehicle in Motion"",""Motor Vehicle in Motion""]","[""Motor Vehicle in Motion"",""Motor Vehicle in Motion"",""Motor Vehicle in Motion""]",Following Too Close,R378,233.5772156816788
2022-09-14,08:23:00,8,2022,9,14,Wednesday,33.757975,-84.378421,(O) No Injury,0.0,0.0,0.0,Atlanta,FULTON,I-75,I-75 and John Wesley Dobbs Ave Ne,Sideswipe-Same Direction,On Roadway - Non-Intersection,Daylight,Clear,Dry,Atlanta Police Department,"[""Unknown"",""Unknown""]","[""Motor Vehicle in Motion"",""Motor Vehicle in Motion""]","[""Motor Vehicle in Motion"",""Motor Vehicle in Motion""]",Changed Lanes Improperly,9,83.77463903196387
2022-09-15,20:30:00,20,2022,9,15,Thursday,33.807996,-84.378434,(O) No Injury,0.0,0.0,0.0,Atlanta,FULTON,I-85 Exit 86 Rp,None and I-85 Exit 86 Rp,Not a Collision with Motor Vehicle,Entrance/Exit Ramp,Dark-Lighted,Clear,Dry,Atlanta Police Department,Lap and Shoulder Belt Used,Ditch,Ditch,Changed Lanes Improperly,322,157.28299854889414
2022-09-15,18:00:00,18,2022,9,15,Thursday,33.744011,-84.403093,(O) No Injury,0.0,0.0,0.0,Atlanta,FULTON,Whitehall St Sw,Whitehall St Sw and Whitehall Ter Sw,Sideswipe-Same Direction,On Roadway - Non-Intersection,Daylight,Other,Other,Atlanta Police Department,"[""Unknown"",""Unknown"",""Unknown""]","[""Motor Vehicle in Motion"",""Motor Vehicle in Motion""]","[""Motor Vehicle in Motion"",""Motor Vehicle in Motion""]",Vision Obscured,315,131.77074463257864
2022-09-15,14:50:00,14,2022,9,15,Thursday,33.797943,-84.395836,(O) No Injury,0.0,0.0,0.0,Atlanta,FULTON,I-7585 N,17Th St and I-7585 N,Sideswipe-Same Direction,On Roadway - Non-Intersection,Daylight,Clear,Dry,Gsp Post 00,"[""Lap and Shoulder Belt Used"",""Lap and Shoulder Belt Used""]","[""Motor Vehicle in Motion"",""Motor Vehicle in Motion""]","[""Motor Vehicle in Motion"",""Motor Vehicle in Motion""]",Changed Lanes Improperly,R365,165.25196517455225
2022-09-15,06:50:00,6,2022,9,15,Thursday,33.710122,-84.401864,(O) No Injury,0.0,0.0,0.0,Atlanta,FULTON,I-7585  Northbound,Fair Drive and I-7585  Northbound,Rear End,On Roadway - Non-Intersection,Daylight,Clear,Dry,Gsp Post 00,"[""Lap and Shoulder Belt Used"",""Lap and Shoulder Belt Used""]","[""Motor Vehicle in Motion"",""Motor Vehicle in Motion""]","[""Motor Vehicle in Motion"",""Motor Vehicle in Motion""]",Following Too Close,310,150.35849627545653