Date,Time,Hour,Year,Month,Day,DayOfWeek,Crash Latitude,Crash Longitude,KABCO Severity,# of Fatalities per Crash,# Serious Injuries,# Visible Injuries,Geolocated City,Geolocated County,Roadway (From Crash Report),Intersection Name (from Crash Report),Manner of Collision (Crash Level),Location at Impact (Crash Level),Light Conditions (Crash Level),Weather Conditions (Crash Level),Surface Condition (Crash Level),Agency Name (Crash Level),Safety Equipment (Crash Level),First Harmful Event (Unit Order),Most Harmful Event (Crash Level),"Operator/Pedestrian Contrib Factor (excl None, Other, No Contrib Factors)",join_id,Crash_to_TMAS_m
2022-09-15,11:50:00,11,2022,9,15,Thursday,33.799173,-84.392302,(C) Possible Injury / Complaint,0.0,0.0,0.0,Atlanta,FULTON,I-85 S,I-85 S and Peachtree St,Rear End,On Roadway - Non-Intersection,Daylight,Clear,Dry,Gsp Post 00,"[""Lap and Shoulder Belt Used"",""Lap and Shoulder Belt Used""]","[""Motor Vehicle in Motion"",""Motor Vehicle in Motion""]","[""Motor Vehicle in Motion"",""Motor Vehicle in Motion""]",Changed Lanes Improperly,R365,241.24799686513072
2022-09-16,15:15:00,15,2022,9,16,Friday,33.873467,-84.445483,(C) Possible Injury / Complaint,0.0,0.0,0.0,Atlanta,FULTON,I-75 Northbound,Mt Paran Rd and I-75 Northbound,Sideswipe-Same Direction,On Roadway - Non-Intersection,Daylight,Clear,Dry,Gsp Post 00,"[""Lap and Shoulder Belt Used"",""Lap and Shoulder Belt Used"",""Lap and Shoulder Belt Used""]","[""Motor Vehicle in Motion"",""Motor Vehicle in Motion"",""Motor Vehicle in Motion""]","[""Motor Vehicle in Motion"",""Motor Vehicle in Motion"",""Motor Vehicle in Motion""]","[""Driver Lost Control"",""Too Fast for Conditions""]",308,110.63062487279684
2022-09-16,17:00:00,17,2022,9,16,Friday,33.757736,-84.377921,(O) No Injury,0.0,0.0,0.0,Atlanta,FULTON,Irwin St Ne,Fort St Ne and Irwin St Ne,Rear End,Entrance/Exit Ramp,Daylight,Clear,Dry,Atlanta Police Department,"[""None Used"",""None Used""]","[""Motor Vehicle in Motion"",""Motor Vehicle in Motion""]","[""Motor Vehicle in Motion"",""Motor Vehicle in Motion""]",,9,119.95321914520277
2022-09-16,17:49:00,17,2022,9,16,Friday,33.742834,-84.403587,(O) No Injury,0.0,0.0,0.0,Atlanta,FULTON,I-20 Eb,I-20 Eb and Mcdaniel St,Sideswipe-Same Direction,On Roadway - Non-Intersection,Daylight,Clear,Dry,Gsp Post 00,"[""Lap and Shoulder Belt Used"",""Lap and Shoulder Belt Used""]","[""Motor Vehicle in Motion"",""Motor Vehicle in Motion""]","[""Motor Vehicle in Motion"",""Impact Attenuate""]",Changed Lanes Improperly,315,95.5666774315422
2022-09-16,19:00:00,19,2022,9,16,Friday,33.743504,-84.379055,(C) Possible Injury / Complaint,0.0,0.0,0.0,Atlanta,FULTON,Interstate 20 West,Interstate 20 West and Hill Street Overpass,Rear End,On Roadway - Non-Intersection,Daylight,Clear,Dry,Gsp Post 00,"[""Lap and Shoulder Belt Used"",""Lap and Shoulder Belt Used""]","[""Motor Vehicle in Motion"",""Motor Vehicle in Motion""]","[""Motor Vehicle in Motion"",""Motor Vehicle in Motion""]",Following Too Close,77,52.6856237463691
2022-09-16,17:00:00,17,2022,9,16,Friday,33.808182,-84.381902,(O) No Injury,0.0,0.0,0.0,Atlanta,FULTON,Ottley Dr Ne,I-85 N and Ottley Dr Ne,Angle Crash,On Roadway - Driveway Intersection,Daylight,Clear,Dry,Atlanta Police Department,"[""Lap and Shoulder Belt Used"",""Lap and Shoulder Belt Used""]","[""Motor Vehicle in Motion"",""Motor Vehicle in Motion""]","[""Motor Vehicle in Motion"",""Motor Vehicle in Motion""]",,322,234.05232482909628
2022-09-16,08:08:00,8,2022,9,16,Friday,33.758819,-84.378606,(O) No Injury,0.0,0.0,0.0,Atlanta,FULTON,I-7585 Conn Sb,Ellis St Nw and I-7585 Conn Sb,Rear End,On Roadway - Non-Intersection,Daylight,Clear,Dry,Gsp Post 00,"[""Lap and Shoulder Belt Used"",""Lap and Shoulder Belt Used""]","[""Motor Vehicle in Motion"",""Motor Vehicle in Motion""]","[""Motor Vehicle in Motion"",""Motor Vehicle in Motion""]",Following Too Close,9,19.06721553768519
2022-09-16,16:45:00,16,2022,9,16,Friday,33.798356,-84.395669,(O) No Injury,0.0,0.0,0.0,Atlanta,FULTON,I-75 North,I-85 South and I-75 North,Sideswipe-Same Direction,On Roadway - Non-Intersection,Daylight,Clear,Dry,Gsp Post 00,"[""Lap and Shoulder Belt Used"",""Lap and Shoulder Belt Used""]","[""Motor Vehicle in Motion"",""Motor Vehicle in Motion""]","[""Motor Vehicle in Motion"",""Motor Vehicle in Motion""]",Changed Lanes Improperly,R365,167.80875727009493
2022-09-17,18:30:00,18,2022,9,17,Saturday,33.759896,-84.379098,(C) Possible Injury / Complaint,0.0,0.0,0.0,Atlanta,FULTON,I-75,I-75 and Andrew Young International Blvd Ne,Rear End,On Roadway - Non-Intersection,Dark-Lighted,Clear,Dry,Atlanta Police Department,"[""Lap and Shoulder Belt Used"",""Lap and Shoulder Belt Used"",""Lap and Shoulder Belt Used""]","[""Motor Vehicle in Motion"",""Motor Vehicle in Motion"",""Motor Vehicle in Motion""]","[""Motor Vehicle in Motion"",""Motor Vehicle in Motion"",""Motor Vehicle in Motion""]",Following Too Close,9,143.4215500177771
2022-09-17,18:13:00,18,2022,9,17,Saturday,33.743498,-84.378732,(C) Possible Injury / Complaint,0.0,0.0,0.0,Atlanta,FULTON,I-20,None and I-20,Sideswipe-Same Direction,On Roadway - Non-Intersection,Daylight,Clear,Dry,Atlanta Police Department,"[""Unknown"",""Unknown"",""Unknown"",""Unknown"",""Unknown""]","[""Motor Vehicle in Motion"",""Motor Vehicle in Motion""]","[""Motor Vehicle in Motion"",""Motor Vehicle in Motion""]",,77,39.91186338726803
2022-09-17,19:13:00,19,2022,9,17,Saturday,33.708213,-84.402949,(O) No Injury,0.0,0.0,0.0,Atlanta,FULTON,I-75,None and I-75,Sideswipe-Same Direction,On Roadway - Non-Intersection,Dusk,Clear,Dry,Atlanta Police Department,"[""Unknown"",""Unknown""]","[""Motor Vehicle in Motion"",""Motor Vehicle in Motion""]","[""Motor Vehicle in Motion"",""Motor Vehicle in Motion""]",Misjudged Clearance,310,91.38815920530278
2022-09-17,17:45:00,17,2022,9,17,Saturday,33.741565,-84.40294,(C) Possible Injury / Complaint,0.0,0.0,0.0,Atlanta,FULTON,Mcdaniel St Sw,Fulton St Sw and Mcdaniel St Sw,Head On,On Roadway - Roadway Intersection,Daylight,Clear,Dry,Atlanta Police Department,"[""Unknown"",""Unknown""]","[""Motor Vehicle in Motion"",""Motor Vehicle in Motion""]","[""Motor Vehicle in Motion"",""Motor Vehicle in Motion""]",Misjudged Clearance,315,153.33165317427915
2022-09-17,23:15:00,23,2022,9,17,Saturday,33.806747,-84.380465,(C) Possible Injury / Complaint,0.0,0.0,0.0,Atlanta,FULTON,I-85,None and I-85,Rear End,On Roadway - Non-Intersection,Dark-Lighted,Clear,Dry,Atlanta Police Department,"[""Lap and Shoulder Belt Used"",""Lap and Shoulder Belt Used""]","[""Motor Vehicle in Motion"",""Motor Vehicle in Motion""]","[""Motor Vehicle in Motion"",""Motor Vehicle in Motion""]",Following Too Close,322,77.18654610808348
2022-09-17,16:37:00,16,2022,9,17,Saturday,33.742722,-84.403304,(O) No Injury,0.0,0.0,0.0,Atlanta,FULTON,I-20,None and I-20,Sideswipe-Same Direction,On Roadway - Non-Intersection,Daylight,Clear,Water (standing or moving),Atlanta Police Department,"[""Lap and Shoulder Belt Used"",""Lap and Shoulder Belt Used""]","[""Motor Vehicle in Motion"",""Motor Vehicle in Motion""]","[""Motor Vehicle in Motion"",""Motor Vehicle in Motion""]",,315,72.04795088073865
2022-09-18,12:52:00,12,2022,9,18,Sunday,33.797872,-84.393305,(C) Possible Injury / Complaint,0.0,0.0,0.0,Atlanta,FULTON,I-85,None and I-85,Angle Crash,On Roadway - Non-Intersection,Daylight,Clear,Dry,Atlanta Police Department,"[""Unknown"",""Unknown"",""Unknown""]","[""Motor Vehicle in Motion"",""Motor Vehicle in Motion""]","[""Motor Vehicle in Motion"",""Motor Vehicle in Motion""]",,R365,79.58693832413192
2022-09-18,11:54:00,11,2022,9,18,Sunday,33.743445,-84.376137,(O) No Injury,0.0,0.0,0.0,Atlanta,FULTON,I-20,None and I-20,Rear End,On Roadway - Non-Intersection,Daylight,Clear,Dry,Atlanta Police Department,"[""Unknown"",""Unknown"",""Unknown""]","[""Motor Vehicle in Motion"",""Motor Vehicle in Motion""]","[""Motor Vehicle in Motion"",""Motor Vehicle in Motion""]",,77,239.05046351046343
2022-09-19,16:37:00,16,2022,9,19,Monday,33.796502,-84.393402,(O) No Injury,0.0,0.0,0.0,Atlanta,FULTON,Interstate 85 North,Interstate 85 North and Interstate 75 Entrance Ramp,Sideswipe-Same Direction,On Roadway - Non-Intersection,Daylight,Clear,Dry,Gsp Post 00,"[""Lap and Shoulder Belt Used"",""Lap and Shoulder Belt Used""]","[""Motor Vehicle in Motion"",""Motor Vehicle in Motion""]","[""Motor Vehicle in Motion"",""Motor Vehicle in Motion""]",Changed Lanes Improperly,R356,86.96314832548616
2022-09-19,09:00:00,9,2022,9,19,Monday,33.806564,-84.379089,(O) No Injury,0.0,0.0,0.0,Atlanta,FULTON,Sr-13S,Sr-13S and Armour Dr,Sideswipe-Same Direction,On Roadway - Non-Intersection,Daylight,Clear,Dry,Gsp Post 00,"[""Lap and Shoulder Belt Used"",""Lap and Shoulder Belt Used""]","[""Motor Vehicle in Motion"",""Motor Vehicle in Motion""]","[""Motor Vehicle in Motion"",""Motor Vehicle in Motion""]",Changed Lanes Improperly,322,83.91662855628053
2022-09-19,15:40:00,15,2022,9,19,Monday,33.763114,-84.490512,(O) No Injury,0.0,0.0,0.0,Atlanta,FULTON,Interstate 20 East,Interstate 20 East and Interstate 285 Underpass,Not a Collision with Motor Vehicle,On Roadway - Non-Intersection,Daylight,Clear,Dry,Gsp Post 00,"[""Lap and Shoulder Belt Used"",""Lap and Shoulder Belt Used"",""Lap and Shoulder Belt Used""]","[""Cargo/Equipment Loss or Shift"",""Other Object (Not Fixed)""]","[""Cargo/Equipment Lost or Shift"",""Impact Attenuate""]",,R376,113.30306839384356
2022-09-19,08:05:00,8,2022,9,19,Monday,33.742909,-84.403436,(B) Suspected Minor/Visible Injury,0.0,0.0,2.0,Atlanta,FULTON,I-20 West,I-20 West and Mcdaniel Street Overpass,Rear End,On Roadway - Non-Intersection,Daylight,Clear,Dry,Gsp Post 00,"[""Lap and Shoulder Belt Used"",""Lap and Shoulder Belt Used"",""Lap and Shoulder Belt Used"",""Lap and Shoulder Belt Used"",""Lap and Shoulder Belt Used""]","[""Motor Vehicle in Motion"",""Motor Vehicle in Motion""]","[""Motor Vehicle in Motion"",""Median Barrier""]",Following Too Close,315,81.19759394834219
2022-09-19,19:00:00,19,2022,9,19,Monday,33.743589,-84.403952,(O) No Injury,0.0,0.0,0.0,Atlanta,FULTON,Mcdaniel St Sw,Mcdaniel St Sw and Whitehall St Sw,Rear End,On Roadway - Roadway Intersection,Daylight,Clear,Dry,Atlanta Police Department,"[""Unknown"",""Unknown""]","[""Motor Vehicle in Motion"",""Motor Vehicle in Motion""]","[""Motor Vehicle in Motion"",""Motor Vehicle in Motion""]",Following Too Close,315,149.4096720032217
2022-09-20,17:25:00,17,2022,9,20,Tuesday,33.742834,-84.403587,(O) No Injury,0.0,0.0,0.0,Atlanta,FULTON,I-20 East,I-20 East and Mcdaniel Street,Rear End,On Roadway - Non-Intersection,Daylight,Rain,Wet,Gsp Post 00,"[""Lap and Shoulder Belt Used"",""Lap and Shoulder Belt Used"",""Lap and Shoulder Belt Used"",""Lap and Shoulder Belt Used"",""Lap and Shoulder Belt Used""]","[""Motor Vehicle in Motion"",""Motor Vehicle in Motion"",""Motor Vehicle in Motion"",""Motor Vehicle in Motion""]","[""Motor Vehicle in Motion"",""Motor Vehicle in Motion"",""Motor Vehicle in Motion"",""Motor Vehicle in Motion""]","[""Following Too Close"",""Too Fast for Conditions""]",315,95.5666774315422
2022-09-20,20:50:00,20,2022,9,20,Tuesday,33.743554,-84.37934,(O) No Injury,0.0,0.0,0.0,Atlanta,FULTON,Hill St Se,Exit 58A and Hill St Se,Rear End,Entrance/Exit Ramp,Dark-Lighted,Clear,Dry,Atlanta Police Department,"[""Unknown"",""Unknown""]","[""Motor Vehicle in Motion"",""Motor Vehicle in Motion""]","[""Motor Vehicle in Motion"",""Motor Vehicle in Motion""]",Following Too Close,77,75.7631697824367
2022-09-20,17:42:00,17,2022,9,20,Tuesday,33.759034,-84.476798,(O) No Injury,0.0,0.0,0.0,Atlanta,FULTON,I-20 West,I-285 and I-20 West,Rear End,On Roadway - Non-Intersection,Daylight,Clear,Wet,Gsp Post 00,"[""Lap and Shoulder Belt Used"",""Lap and Shoulder Belt Used""]","[""Motor Vehicle in Motion"",""Motor Vehicle in Motion""]","[""Motor Vehicle in Motion"",""Motor Vehicle in Motion""]",Following Too Close,313,183.83407682080923
2022-09-20,15:30:00,15,2022,9,20,Tuesday,33.794363,-84.393189,(O) No Injury,0.0,0.0,0.0,Atlanta,FULTON,I-85 Sb,I-75 Nb and I-85 Sb,Rear End,On Roadway - Non-Intersection,Daylight,Clear,Dry,Gsp Post 00,"[""Lap and Shoulder Belt Used"",""Lap and Shoulder Belt Used""]","[""Motor Vehicle in Motion"",""Motor Vehicle in Motion""]","[""Motor Vehicle in Motion"",""Motor Vehicle in Motion""]",Following Too Close,R378,133.31961777230853
2022-09-20,08:50:00,8,2022,9,20,Tuesday,33.793432,-84.392177,(C) Possible Injury / Complaint,0.0,0.0,0.0,Atlanta,FULTON,I-85 N,I-85 N and 17Th Street,Rear End,On Roadway - Non-Intersection,Daylight,Clear,Dry,Gsp Post 00,"[""Lap and Shoulder Belt Used"",""Lap and Shoulder Belt Used""]","[""Motor Vehicle in Motion"",""Motor Vehicle in Motion""]","[""Motor Vehicle in Motion"",""Motor Vehicle in Motion""]",Following Too Close,R378,179.1659367708398
2022-09-20,12:47:00,12,2022,9,20,Tuesday,33.743307,-84.379296,(O) No Injury,0.0,0.0,0.0,Atlanta,FULTON,I-20 West,Hill St and I-20 West,Rear End,On Roadway - Non-Intersection,Daylight,Clear,Dry,Gsp Post 00,"[""Lap and Shoulder Belt Used"",""Lap and Shoulder Belt Used""]","[""Motor Vehicle in Motion"",""Motor Vehicle in Motion""]","[""Motor Vehicle in Motion"",""Motor Vehicle in Motion""]",Following Too Close,77,59.14866609472824
2022-09-20,12:15:00,12,2022,9,20,Tuesday,33.867024,-84.381072,(O) No Injury,0.0,0.0,0.0,Atlanta,FULTON,Chastain Dr Ne,Roswell Rd Ne and Chastain Dr Ne,Rear End,On Roadway - Roadway Intersection,Daylight,Clear,Dry,Atlanta Police Department,"[""Unknown"",""Unknown""]","[""Motor Vehicle in Motion"",""Motor Vehicle in Motion""]","[""Motor Vehicle in Motion"",""Motor Vehicle in Motion""]",Following Too Close,271,194.41748324734817
2022-09-21,18:00:00,18,2022,9,21,Wednesday,33.758129,-84.378986,(O) No Injury,0.0,0.0,0.0,Atlanta,FULTON,I-75,I-75 and I-75 S,Sideswipe-Same Direction,On Roadway - Non-Intersection,Daylight,Clear,Dry,Atlanta Police Department,Unknown,"[""Motor Vehicle in Motion"",""Motor Vehicle in Motion""]",Motor Vehicle in Motion,Changed Lanes Improperly,9,84.27216105620502
2022-09-21,17:23:00,17,2022,9,21,Wednesday,33.807587,-84.37936,(O) No Injury,0.0,0.0,0.0,Atlanta,FULTON,I-85 Exit 86,I-85 N and I-85 Exit 86,Rear End,On Roadway - Non-Intersection,Daylight,Clear,Dry,Atlanta Police Department,"[""Unknown"",""Unknown""]","[""Motor Vehicle in Motion"",""Motor Vehicle in Motion""]",Motor Vehicle in Motion,Following Too Close,322,65.41972776611952
2022-09-21,16:00:00,16,2022,9,21,Wednesday,33.743466,-84.380445,(B) Suspected Minor/Visible Injury,0.0,0.0,5.0,Atlanta,FULTON,I-20,I-20 and Hill St,Head On,On Roadway - Non-Intersection,Daylight,Clear,Dry,Gsp Post 00,"[""Unknown"",""Lap and Shoulder Belt Used"",""Lap and Shoulder Belt Used"",""None Used"",""Lap and Shoulder Belt Used"",""Lap and Shoulder Belt Used"",""Lap and Shoulder Belt Used"",""Lap and Shoulder Belt Used""]","[""Other Non-Collision"",""Motor Vehicle in Motion"",""Motor Vehicle in Motion"",""Motor Vehicle in Motion""]","[""Motor Vehicle in Motion"",""Motor Vehicle in Motion"",""Motor Vehicle in Motion"",""Motor Vehicle in Motion""]","[""Reckless Driving"",""Aggressive Driving"",""Wrong Side of Road"",""Disregard Police - Evasion""]",77,166.64730477590948
2022-09-21,08:52:00,8,2022,9,21,Wednesday,33.760041,-84.379969,(B) Suspected Minor/Visible Injury,0.0,0.0,1.0,Atlanta,FULTON,Andrew Young International Blvd Ne,I-75 S and Andrew Young International Blvd Ne,Rear End,On Roadway - Non-Intersection,Dark-Lighted,Clear,Dry,Atlanta Police Department,"[""Lap and Shoulder Belt Used"",""Lap and Shoulder Belt Used"",""Lap and Shoulder Belt Used""]","[""Motor Vehicle in Motion"",""Motor Vehicle in Motion"",""Motor Vehicle in Motion""]","[""Motor Vehicle in Motion"",""Motor Vehicle in Motion"",""Motor Vehicle in Motion""]",Following Too Close,9,203.71840604053517
2022-09-21,18:46:00,18,2022,9,21,Wednesday,33.806171,-84.381641,(O) No Injury,0.0,0.0,0.0,Atlanta,FULTON,I-85 S,I-85 S and Buford Hwy Connector,Sideswipe-Same Direction,On Roadway - Non-Intersection,Dark-Lighted,Clear,Dry,Atlanta Police Department,"[""Unknown"",""Unknown""]","[""Motor Vehicle in Motion"",""Motor Vehicle in Motion""]","[""Motor Vehicle in Motion"",""Motor Vehicle in Motion""]","[""Changed Lanes Improperly"",""Changed Lanes Improperly""]",322,203.47163881995425
2022-09-21,14:37:00,14,2022,9,21,Wednesday,33.760149,-84.379245,(C) Possible Injury / Complaint,0.0,0.0,0.0,Atlanta,FULTON,Fort St Ne,Fort St Ne and Andrew Young International Blvd Ne,Angle Crash,On Roadway - Roadway Intersection,Daylight,Clear,Dry,Atlanta Police Department,"[""Unknown"",""Unknown""]","[""Motor Vehicle in Motion"",""Motor Vehicle in Motion""]","[""Motor Vehicle in Motion"",""Motor Vehicle in Motion""]",Disregard Stop Sign/Signal,9,174.62362132279037
2022-09-21,05:25:00,5,2022,9,21,Wednesday,33.759239,-84.478207,(C) Possible Injury / Complaint,0.0,0.0,0.0,Atlanta,FULTON,I-20,None and I-20,Rear End,On Roadway - Non-Intersection,Dark-Lighted,Cloudy,Dry,Atlanta Police Department,"[""Lap and Shoulder Belt Used"",""Lap and Shoulder Belt Used""]","[""Motor Vehicle in Motion"",""Motor Vehicle in Motion""]","[""Motor Vehicle in Motion"",""Motor Vehicle in Motion""]",Following Too Close,313,52.04731729826393
2022-09-22,07:59:00,7,2022,9,22,Thursday,33.76236,-84.492646,(O) No Injury,0.0,0.0,0.0,Atlanta,FULTON,I-285,I-285 and Exit 10B,Rear End,On Roadway - Roadway Intersection,Daylight,Clear,Dry,Atlanta Police Department,"[""Lap and Shoulder Belt Used"",""Lap and Shoulder Belt Used""]","[""Motor Vehicle in Motion"",""Motor Vehicle in Motion""]","[""Motor Vehicle in Motion"",""Motor Vehicle in Motion""]",Following Too Close,R376,166.4819168966234
2022-09-22,20:17:00,20,2022,9,22,Thursday,33.793692,-84.393157,(C) Possible Injury / Complaint,0.0,0.0,0.0,Atlanta,FULTON,I-75,None and I-75,Angle Crash,On Roadway - Non-Intersection,Dark-Lighted,Clear,Dry,Atlanta Police Department,"[""Unknown"",""Unknown"",""Unknown""]","[""Motor Vehicle in Motion"",""Motor Vehicle in Motion""]","[""Motor Vehicle in Motion"",""Motor Vehicle in Motion""]",Changed Lanes Improperly,R378,184.00429259252255
2022-09-22,07:00:00,7,2022,9,22,Thursday,33.742834,-84.403587,(O) No Injury,0.0,0.0,0.0,Atlanta,FULTON,I-20 Eb,I-20 Eb and Mcdaniel St,Sideswipe-Same Direction,On Roadway - Non-Intersection,Daylight,Clear,Dry,Gsp Post 00,"[""Lap and Shoulder Belt Used"",""Lap and Shoulder Belt Used""]","[""Motor Vehicle in Motion"",""Motor Vehicle in Motion""]","[""Motor Vehicle in Motion"",""Motor Vehicle in Motion""]",Changed Lanes Improperly,315,95.5666774315422
2022-09-22,14:08:00,14,2022,9,22,Thursday,33.760142,-84.37924,(O) No Injury,0.0,0.0,0.0,Atlanta,FULTON,I-7585 North,I-7585 North and Andrew Young International Blv,Rear End,On Roadway - Non-Intersection,Daylight,Clear,Dry,Gsp Post 00,"[""Lap and Shoulder Belt Used"",""Lap and Shoulder Belt Used""]","[""Motor Vehicle in Motion"",""Motor Vehicle in Motion""]","[""Motor Vehicle in Motion"",""Motor Vehicle in Motion""]",Following Too Close,9,173.72294948066587
2022-09-22,17:32:00,17,2022,9,22,Thursday,33.744072,-84.404263,(O) No Injury,0.0,0.0,0.0,Atlanta,FULTON,Mcdaniel St Sw,Mcdaniel St Sw and Whitehall St Sw,Angle Crash,On Roadway - Non-Intersection,Daylight,Clear,Dry,Atlanta Police Department,"[""Unknown"",""Unknown""]","[""Motor Vehicle in Motion"",""Motor Vehicle in Motion""]","[""Parked Motor Vehicle"",""Motor Vehicle in Motion""]",Improper Backing,315,203.8121685407384
2022-09-23,11:51:00,11,2022,9,23,Friday,33.70908,-84.402285,(O) No Injury,0.0,0.0,0.0,Atlanta,FULTON,I-7585Nb,I-7585Nb and University Ave,Rear End,On Roadway - Non-Intersection,Daylight,Clear,Dry,Gsp Post 00,"[""Lap and Shoulder Belt Used"",""Lap and Shoulder Belt Used"",""Lap and Shoulder Belt Used""]","[""Motor Vehicle in Motion"",""Motor Vehicle in Motion"",""Motor Vehicle in Motion""]","[""Motor Vehicle in Motion"",""Motor Vehicle in Motion"",""Motor Vehicle in Motion""]",Following Too Close,310,29.98932076487618
2022-09-23,16:00:00,16,2022,9,23,Friday,33.793672,-84.392836,(O) No Injury,0.0,0.0,0.0,Atlanta,FULTON,I-85Sb,I-85Sb and Peachtree Rd,Rear End,On Roadway - Non-Intersection,Daylight,Clear,Dry,Gsp Post 00,"[""Lap and Shoulder Belt Used"",""Lap and Shoulder Belt Used"",""Lap and Shoulder Belt Used"",""Lap and Shoulder Belt Used"",""Lap and Shoulder Belt Used""]","[""Motor Vehicle in Motion"",""Motor Vehicle in Motion""]","[""Motor Vehicle in Motion"",""Motor Vehicle in Motion""]","[""Following Too Close"",""Reaction to Object or Animal""]",R378,170.40034825863253
2022-09-23,16:51:00,16,2022,9,23,Friday,33.797515,-84.395616,(O) No Injury,0.0,0.0,0.0,Atlanta,FULTON,Interstate 75 South,Northside Drive and Interstate 75 South,Rear End,On Roadway - Non-Intersection,Daylight,Clear,Dry,Gsp Post 00,"[""Lap and Shoulder Belt Used"",""Lap and Shoulder Belt Used""]","[""Motor Vehicle in Motion"",""Motor Vehicle in Motion""]","[""Motor Vehicle in Motion"",""Motor Vehicle in Motion""]",Following Too Close,R365,140.7475577825004
2022-09-23,19:00:00,19,2022,9,23,Friday,33.808183,-84.378143,(O) No Injury,0.0,0.0,0.0,Atlanta,FULTON,I-85Nb To Ga-13Nb Ramp,I-85Nb and I-85Nb To Ga-13Nb Ramp,Rear End,On Roadway - Non-Intersection,Daylight,Clear,Dry,Gsp Post 00,"[""Lap and Shoulder Belt Used"",""Child Restraint System (Properly Used)"",""Lap and Shoulder Belt Used"",""Lap and Shoulder Belt Used"",""Lap and Shoulder Belt Used""]","[""Motor Vehicle in Motion"",""Motor Vehicle in Motion""]","[""Motor Vehicle in Motion"",""Motor Vehicle in Motion""]","[""Inattentive or Other Distraction (Distracted)"",""Following Too Close""]",322,191.27783010583804
2022-09-23,16:58:00,16,2022,9,23,Friday,33.760142,-84.37924,(O) No Injury,0.0,0.0,0.0,Atlanta,FULTON,I-20 West Exit Ramp,I-20 West Exit Ramp and I-75/85 North Entrance Ramp,Sideswipe-Same Direction,On Roadway - Non-Intersection,Daylight,Clear,Dry,Gsp Post 00,"[""Lap and Shoulder Belt Used"",""Lap and Shoulder Belt Used"",""Lap and Shoulder Belt Used""]","[""Motor Vehicle in Motion"",""Motor Vehicle in Motion""]","[""Motor Vehicle in Motion"",""Motor Vehicle in Motion""]","[""Changed Lanes Improperly"",""Changed Lanes Improperly""]",9,173.72294948066587
2022-09-24,09:30:00,9,2022,9,24,Saturday,33.743485,-84.37802,(C) Possible Injury / Complaint,0.0,0.0,0.0,Atlanta,FULTON,I-20,None and I-20,Angle Crash,On Roadway - Non-Intersection,Daylight,Clear,Dry,Atlanta Police Department,"[""Unknown"",""Unknown""]","[""Motor Vehicle in Motion"",""Motor Vehicle in Motion""]","[""Motor Vehicle in Motion"",""Motor Vehicle in Motion""]","[""Changed Lanes Improperly"",""Changed Lanes Improperly""]",77,72.95313573014515
2022-09-24,17:30:00,17,2022,9,24,Saturday,33.743495,-84.378573,(O) No Injury,0.0,0.0,0.0,Atlanta,FULTON,I-20,None and I-20,Rear End,On Roadway - Non-Intersection,Daylight,Clear,Dry,Atlanta Police Department,"[""Unknown"",""Unknown""]","[""Motor Vehicle in Motion"",""Motor Vehicle in Motion""]","[""Motor Vehicle in Motion"",""Motor Vehicle in Motion""]",Following Too Close,77,40.85439469252124
2022-09-24,20:30:00,20,2022,9,24,Saturday,33.757727,-84.378226,(O) No Injury,0.0,0.0,0.0,Atlanta,FULTON,John Wesley Dobbs Ave Ne,Exit 248C and John Wesley Dobbs Ave Ne,Sideswipe-Same Direction,On Roadway - Non-Intersection,Dark-Lighted,Clear,Dry,Atlanta Police Department,Lap and Shoulder Belt Used,"[""Parked Motor Vehicle"",""Parked Motor Vehicle""]","[""Motor Vehicle in Motion"",""Motor Vehicle in Motion""]",Misjudged Clearance,9,112.88163601402
2022-09-24,17:30:00,17,2022,9,24,Saturday,33.797865,-84.395797,(O) No Injury,0.0,0.0,0.0,Atlanta,FULTON,I-75,None and I-75,Rear End,"On Roadway - Managed Lane (HOV, HOT, Reversible)",Daylight,Clear,Dry,Atlanta Police Department,Lap and Shoulder Belt Used,"[""Motor Vehicle in Motion"",""Motor Vehicle in Motion""]",Motor Vehicle in Motion,,R365,159.92358845596897
2022-09-24,22:49:00,22,2022,9,24,Saturday,33.758954,-84.379283,(O) No Injury,0.0,0.0,0.0,Atlanta,FULTON,I-75,I-75 and Ellis St Ne,Rear End,On Roadway - Non-Intersection,Dark-Lighted,Clear,Dry,Atlanta Police Department,"[""Unknown"",""Unknown""]","[""Motor Vehicle in Motion"",""Motor Vehicle in Motion""]","[""Motor Vehicle in Motion"",""Motor Vehicle in Motion""]",,9,82.86695785995076