Date,Time,Hour,Year,Month,Day,DayOfWeek,Crash Latitude,Crash Longitude,KABCO Severity,# of Fatalities per Crash,# Serious Injuries,# Visible Injuries,Geolocated City,Geolocated County,Roadway (From Crash Report),Intersection Name (from Crash Report),Manner of Collision (Crash Level),Location at Impact (Crash Level),Light Conditions (Crash Level),Weather Conditions (Crash Level),Surface Condition (Crash Level),Agency Name (Crash Level),Safety Equipment (Crash Level),First Harmful Event (Unit Order),Most Harmful Event (Crash Level),"Operator/Pedestrian Contrib Factor (excl None, Other, No Contrib Factors)",join_id,Crash_to_TMAS_m
2022-09-25,17:10:00,17,2022,9,25,Sunday,33.793536,-84.393551,(O) No Injury,0.0,0.0,0.0,Atlanta,FULTON,Exit 250 Rp,None and Exit 250 Rp,Rear End,On Roadway - Non-Intersection,Daylight,Clear,Dry,Atlanta Police Department,"[""Unknown"",""Unknown""]","[""Motor Vehicle in Motion"",""Motor Vehicle in Motion""]","[""Motor Vehicle in Motion"",""Motor Vehicle in Motion""]",Vision Obscured,R378,220.2063915167076
2022-09-26,13:15:00,13,2022,9,26,Monday,33.79608,-84.394684,(B) Suspected Minor/Visible Injury,0.0,0.0,1.0,Atlanta,FULTON,I-75 S,I-75 S and Deering Rd,Sideswipe-Same Direction,On Roadway - Non-Intersection,Daylight,Clear,Dry,Gsp Post 00,"[""Lap and Shoulder Belt Used"",""Lap and Shoulder Belt Used"",""Lap and Shoulder Belt Used""]","[""Motor Vehicle in Motion"",""Motor Vehicle in Motion"",""Motor Vehicle in Motion""]","[""Motor Vehicle in Motion"",""Motor Vehicle in Motion"",""Motor Vehicle in Motion""]",Following Too Close,R356,53.73936451316981
2022-09-26,17:18:00,17,2022,9,26,Monday,33.743555,-84.401625,(O) No Injury,0.0,0.0,0.0,Atlanta,FULTON,I-20 Eb,I-20 Eb and Windsor Street,Sideswipe-Same Direction,On Roadway - Non-Intersection,Daylight,Clear,Dry,Gsp Post 00,"[""Lap and Shoulder Belt Used"",""Lap and Shoulder Belt Used"",""Lap and Shoulder Belt Used"",""Lap and Shoulder Belt Used"",""Lap and Shoulder Belt Used"",""Lap and Shoulder Belt Used"",""Lap and Shoulder Belt Used"",""Lap and Shoulder Belt Used""]","[""Motor Vehicle in Motion"",""Motor Vehicle in Motion""]","[""Motor Vehicle in Motion"",""Motor Vehicle in Motion""]",Changed Lanes Improperly,315,112.39424079897243
2022-09-26,17:10:00,17,2022,9,26,Monday,33.796617,-84.395049,(O) No Injury,0.0,0.0,0.0,Atlanta,FULTON,I-75 S,I-75 S and Deering Rd,Rear End,On Roadway - Non-Intersection,Daylight,Clear,Dry,Gsp Post 00,"[""Lap and Shoulder Belt Used"",""Lap and Shoulder Belt Used""]","[""Motor Vehicle in Motion"",""Motor Vehicle in Motion""]","[""Motor Vehicle in Motion"",""Motor Vehicle in Motion""]",Following Too Close,R356,67.67232173590259
2022-09-26,08:52:00,8,2022,9,26,Monday,33.743307,-84.379296,(O) No Injury,0.0,0.0,0.0,Atlanta,FULTON,I-20 West,Boulevard and I-20 West,Rear End,On Roadway - Non-Intersection,Daylight,Clear,Dry,Gsp Post 00,"[""Lap and Shoulder Belt Used"",""Lap and Shoulder Belt Used""]","[""Motor Vehicle in Motion"",""Motor Vehicle in Motion""]","[""Motor Vehicle in Motion"",""Motor Vehicle in Motion""]",Following Too Close,77,59.14866609472824
2022-09-26,21:30:00,21,2022,9,26,Monday,33.796446,-84.39368,(O) No Injury,0.0,0.0,0.0,Atlanta,FULTON,I-85,None and I-85,Rear End,On Roadway - Non-Intersection,Dark-Lighted,Clear,Dry,Atlanta Police Department,"[""Unknown"",""Unknown"",""Unknown"",""Unknown""]","[""Motor Vehicle in Motion"",""Motor Vehicle in Motion"",""Motor Vehicle in Motion""]","[""Motor Vehicle in Motion"",""Motor Vehicle in Motion"",""Motor Vehicle in Motion""]",,R356,61.19638102972833
2022-09-27,03:10:00,3,2022,9,27,Tuesday,33.685035,-84.399109,(C) Possible Injury / Complaint,0.0,0.0,0.0,Atlanta,FULTON,I-75,None and I-75,Not a Collision with Motor Vehicle,"On Roadway - Managed Lane (HOV, HOT, Reversible)",Dark-Lighted,Clear,Dry,Atlanta Police Department,Unknown,Other Non-Collision,Over Turn,Too Fast for Conditions,R357,231.7337904821605
2022-09-27,10:50:00,10,2022,9,27,Tuesday,33.807496,-84.379181,(O) No Injury,0.0,0.0,0.0,Atlanta,FULTON,Ga-13 Sb,Ga-13 Sb and Armour Dr,Rear End,On Roadway - Non-Intersection,Daylight,Clear,Dry,Gsp Post 00,"[""Lap and Shoulder Belt Used"",""Lap and Shoulder Belt Used""]","[""Motor Vehicle in Motion"",""Motor Vehicle in Motion""]","[""Motor Vehicle in Motion"",""Motor Vehicle in Motion""]",Following Too Close,322,68.63002517964709
2022-09-27,10:30:00,10,2022,9,27,Tuesday,33.709162,-84.402252,(O) No Injury,0.0,0.0,0.0,Atlanta,FULTON,7585 North,7585 North and Langford Pkwy,Rear End,On Roadway - Non-Intersection,Daylight,Clear,Dry,Gsp Post 00,"[""Lap and Shoulder Belt Used"",""Lap and Shoulder Belt Used""]","[""Motor Vehicle in Motion"",""Motor Vehicle in Motion""]","[""Motor Vehicle in Motion"",""Motor Vehicle in Motion""]",Following Too Close,310,39.09076459420046
2022-09-27,22:43:00,22,2022,9,27,Tuesday,33.676364,-84.397616,(O) No Injury,0.0,0.0,0.0,Atlanta,FULTON,I-75,None and I-75,Rear End,On Roadway - Non-Intersection,Dark-Lighted,Clear,Dry,Atlanta Police Department,"[""Lap and Shoulder Belt Used"",""Lap and Shoulder Belt Used""]","[""Motor Vehicle in Motion"",""Motor Vehicle in Motion""]","[""Motor Vehicle in Motion"",""Motor Vehicle in Motion""]",Changed Lanes Improperly,309,19.478002268317947
2022-09-27,12:52:00,12,2022,9,27,Tuesday,33.710601,-84.402028,(O) No Injury,0.0,0.0,0.0,Atlanta,FULTON,I-75 S,I-75 S and Langford Pkwy,Angle Crash,On Roadway - Non-Intersection,Daylight,Clear,Dry,Gsp Post 00,"[""Lap and Shoulder Belt Used"",""Lap and Shoulder Belt Used"",""Lap and Shoulder Belt Used"",""Lap and Shoulder Belt Used"",""Lap and Shoulder Belt Used""]","[""Motor Vehicle in Motion"",""Motor Vehicle in Motion""]","[""Motor Vehicle in Motion"",""Motor Vehicle in Motion""]",,310,199.9781226522467
2022-09-27,18:20:00,18,2022,9,27,Tuesday,33.806961,-84.380194,(O) No Injury,0.0,0.0,0.0,Atlanta,FULTON,I-85 North,I-85 North and Peachtree St Overpass,Rear End,On Roadway - Non-Intersection,Daylight,Clear,Dry,Gsp Post 00,"[""Lap and Shoulder Belt Used"",""Lap and Shoulder Belt Used""]","[""Motor Vehicle in Motion"",""Motor Vehicle in Motion""]","[""Motor Vehicle in Motion"",""Motor Vehicle in Motion""]",Following Too Close,322,44.42017062981845
2022-09-27,03:20:00,3,2022,9,27,Tuesday,33.68654,-84.399284,(K) Fatal Injury,1.0,0.0,0.0,Atlanta,FULTON,I-75,None and I-75,Not a Collision with Motor Vehicle,On Shoulder,Dark-Not Lighted,Clear,Dry,Atlanta Police Department,None Used,Guard Rail Face,Animal,Driver Lost Control,R357,159.91882904103744
2022-09-28,08:15:00,8,2022,9,28,Wednesday,33.762087,-84.49266,(B) Suspected Minor/Visible Injury,0.0,0.0,1.0,Atlanta,FULTON,I-285,None and I-285,Rear End,Entrance/Exit Ramp,Daylight,Clear,Dry,Atlanta Police Department,"[""Lap and Shoulder Belt Used"",""Unknown"",""Unknown""]","[""Motor Vehicle in Motion"",""Motor Vehicle in Motion"",""Motor Vehicle in Motion""]","[""Motor Vehicle in Motion"",""Motor Vehicle in Motion"",""Motor Vehicle in Motion""]",Following Too Close,R376,192.578142874605
2022-09-28,12:30:00,12,2022,9,28,Wednesday,33.743554,-84.37934,(O) No Injury,0.0,0.0,0.0,Atlanta,FULTON,Hill St Se,Exit 58A and Hill St Se,Rear End,On Roadway - Non-Intersection,Daylight,Clear,Dry,Atlanta Police Department,"[""Lap and Shoulder Belt Used"",""Lap and Shoulder Belt Used""]","[""Motor Vehicle in Motion"",""Motor Vehicle in Motion""]","[""Motor Vehicle in Motion"",""Motor Vehicle in Motion""]",,77,75.7631697824367
2022-09-28,21:25:00,21,2022,9,28,Wednesday,33.764187,-84.492189,(O) No Injury,0.0,0.0,0.0,Atlanta,FULTON,I-20,None and I-20,Sideswipe-Same Direction,On Roadway - Roadway Intersection,Dark-Lighted,Clear,Dry,Atlanta Police Department,"[""Lap and Shoulder Belt Used"",""Lap and Shoulder Belt Used""]","[""Motor Vehicle in Motion"",""Motor Vehicle in Motion""]","[""Motor Vehicle in Motion"",""Motor Vehicle in Motion""]","[""Changed Lanes Improperly"",""Changed Lanes Improperly""]",R376,86.68483250595168
2022-09-28,06:30:00,6,2022,9,28,Wednesday,33.793824,-84.392913,(O) No Injury,0.0,0.0,0.0,Atlanta,FULTON,I-85,None and I-85,Sideswipe-Same Direction,On Roadway - Non-Intersection,Dark-Lighted,Clear,Dry,Atlanta Police Department,"[""Unknown"",""Lap and Shoulder Belt Used""]","[""Motor Vehicle in Motion"",""Motor Vehicle in Motion""]",Motor Vehicle in Motion,Changed Lanes Improperly,R378,159.2377928599841
2022-09-28,19:26:00,19,2022,9,28,Wednesday,33.797511,-84.395614,(O) No Injury,0.0,0.0,0.0,Atlanta,FULTON,I-75,None and I-75,Angle Crash,On Roadway - Non-Intersection,Dark-Lighted,Clear,Dry,Atlanta Police Department,"[""Unknown"",""Unknown""]","[""Motor Vehicle in Motion"",""Motor Vehicle in Motion""]","[""Motor Vehicle in Motion"",""Motor Vehicle in Motion""]",Changed Lanes Improperly,R365,140.593187828503
2022-09-29,16:04:00,16,2022,9,29,Thursday,33.798219,-84.396002,(C) Possible Injury / Complaint,0.0,0.0,0.0,Atlanta,FULTON,I-75 S,I-75 S and Deering Road,Sideswipe-Same Direction,On Roadway - Non-Intersection,Daylight,Clear,Dry,Gsp Post 00,"[""Lap and Shoulder Belt Used"",""Lap and Shoulder Belt Used"",""Lap and Shoulder Belt Used"",""Child Restraint System (Properly Used)"",""Child Restraint System (Properly Used)""]","[""Motor Vehicle in Motion"",""Motor Vehicle in Motion""]","[""Motor Vehicle in Motion"",""Motor Vehicle in Motion""]",Changed Lanes Improperly,R365,189.0998887536501
2022-09-29,00:30:00,0,2022,9,29,Thursday,33.798089,-84.395922,(O) No Injury,0.0,0.0,0.0,Atlanta,FULTON,I-75,None and I-75,Rear End,"On Roadway - Managed Lane (HOV, HOT, Reversible)",Dark-Lighted,Clear,Dry,Atlanta Police Department,Unknown,"[""Parked Motor Vehicle"",""Motor Vehicle in Motion""]","[""Parked Motor Vehicle"",""Motor Vehicle in Motion""]",Improper Backing,R365,177.28280138809805
2022-09-29,20:50:00,20,2022,9,29,Thursday,33.793985,-84.392996,(B) Suspected Minor/Visible Injury,0.0,0.0,1.0,Atlanta,FULTON,I-85,None and I-85,Rear End,On Roadway - Non-Intersection,Dark-Lighted,Clear,Dry,Atlanta Police Department,"[""Unknown"",""Unknown"",""Unknown""]","[""Motor Vehicle in Motion"",""Motor Vehicle in Motion"",""Motor Vehicle in Motion""]","[""Motor Vehicle in Motion"",""Motor Vehicle in Motion"",""Motor Vehicle in Motion""]",,R378,149.04750652795008
2022-09-29,21:45:00,21,2022,9,29,Thursday,33.795036,-84.391561,(C) Possible Injury / Complaint,0.0,0.0,0.0,Atlanta,FULTON,I-75,None and I-75,Rear End,On Roadway - Non-Intersection,Dark-Lighted,Clear,Dry,Atlanta Police Department,"[""Lap and Shoulder Belt Used"",""Lap and Shoulder Belt Used""]","[""Motor Vehicle in Motion"",""Motor Vehicle in Motion""]","[""Motor Vehicle in Motion"",""Motor Vehicle in Motion""]","[""Following Too Close"",""Changed Lanes Improperly""]",R378,40.669454868726
2022-09-29,20:20:00,20,2022,9,29,Thursday,33.795036,-84.39156,(C) Possible Injury / Complaint,0.0,0.0,0.0,Atlanta,FULTON,I-75,I-75 and Exit 251A,Rear End,On Roadway - Non-Intersection,Dark-Lighted,Clear,Dry,Atlanta Police Department,"[""Lap and Shoulder Belt Used"",""Lap and Shoulder Belt Used"",""Lap and Shoulder Belt Used""]","[""Motor Vehicle in Motion"",""Motor Vehicle in Motion"",""Motor Vehicle in Motion""]","[""Motor Vehicle in Motion"",""Motor Vehicle in Motion"",""Motor Vehicle in Motion""]",Following Too Close,R378,40.76208498648148
2022-09-30,16:00:00,16,2022,9,30,Friday,33.786219,-84.405255,(C) Possible Injury / Complaint,0.0,0.0,0.0,Atlanta,FULTON,14Th St Nw,14Th St Nw and Flynn St Nw,Angle Crash,On Roadway - Driveway Intersection,Daylight,Clear,Dry,Atlanta Police Department,"[""Unknown"",""Unknown"",""Unknown""]","[""Motor Vehicle in Motion"",""Motor Vehicle in Motion""]","[""Motor Vehicle in Motion"",""Motor Vehicle in Motion""]",Misjudged Clearance,86,76.46075265759917
2022-09-30,23:35:00,23,2022,9,30,Friday,33.807542,-84.379421,(C) Possible Injury / Complaint,0.0,0.0,0.0,Atlanta,FULTON,I-85,I-85 and Little John Trl Ne,Rear End,On Roadway - Collector Distributor (CD),Dark-Lighted,Clear,Dry,Atlanta Police Department,"[""Lap and Shoulder Belt Used"",""Lap and Shoulder Belt Used"",""Lap and Shoulder Belt Used"",""Lap and Shoulder Belt Used"",""Lap and Shoulder Belt Used"",""Lap and Shoulder Belt Used""]","[""Motor Vehicle in Motion"",""Motor Vehicle in Motion""]","[""Motor Vehicle in Motion"",""Motor Vehicle in Motion""]",Following Too Close,322,58.20823564535629
2022-09-30,22:47:00,22,2022,9,30,Friday,33.807142,-84.378147,(O) No Injury,0.0,0.0,0.0,Atlanta,FULTON,Ga-13,None and Ga-13,Rear End,On Roadway - Non-Intersection,Dark-Lighted,Clear,Dry,Atlanta Police Department,"[""Unknown"",""Lap and Shoulder Belt Used""]","[""Motor Vehicle in Motion"",""Motor Vehicle in Motion""]","[""Motor Vehicle in Motion"",""Motor Vehicle in Motion""]",Following Too Close,322,147.66158045118746
2022-09-30,00:56:00,0,2022,9,30,Friday,33.743308,-84.378518,(K) Fatal Injury,2.0,0.0,0.0,Atlanta,FULTON,I-20 E,None and I-20 E,Angle Crash,On Roadway - Non-Intersection,Dark-Lighted,Clear,Dry,Gsp Post 00,"[""None Used"",""None Used"",""Lap and Shoulder Belt Used""]","[""Motor Vehicle in Motion"",""Motor Vehicle in Motion""]","[""Tree"",""Motor Vehicle in Motion""]","[""Reckless Driving"",""Disregard Police - Evasion""]",77,24.528365774165284
2022-09-30,22:25:00,22,2022,9,30,Friday,33.762524,-84.492638,(O) No Injury,0.0,0.0,0.0,Atlanta,FULTON,I-285 Exit 10A,I-285 N and I-285 Exit 10A,Sideswipe-Same Direction,On Roadway - Non-Intersection,Dark-Not Lighted,Clear,Dry,Atlanta Police Department,"[""Lap and Shoulder Belt Used"",""Lap and Shoulder Belt Used"",""Lap and Shoulder Belt Used"",""Lap and Shoulder Belt Used""]","[""Motor Vehicle in Motion"",""Motor Vehicle in Motion""]","[""Motor Vehicle in Motion"",""Motor Vehicle in Motion""]","[""Changed Lanes Improperly"",""Misjudged Clearance""]",R376,151.58632494831812
2022-09-30,21:10:00,21,2022,9,30,Friday,33.786225,-84.406779,(C) Possible Injury / Complaint,0.0,0.0,0.0,Atlanta,FULTON,14Th St Nw,14Th St Nw and Hemphill Ave Nw,Rear End,"On Roadway - Managed Lane (HOV, HOT, Reversible)",Dark-Lighted,Clear,Dry,Atlanta Police Department,"[""Lap and Shoulder Belt Used"",""Lap and Shoulder Belt Used"",""Lap and Shoulder Belt Used""]","[""Motor Vehicle in Motion"",""Motor Vehicle in Motion""]","[""Motor Vehicle in Motion"",""Motor Vehicle in Motion""]",Following Too Close,86,217.63943251899047
2022-10-01,20:48:00,20,2022,10,1,Saturday,33.74419,-84.400376,(O) No Injury,0.0,0.0,0.0,Atlanta,FULTON,I-20,None and I-20,Sideswipe-Same Direction,On Roadway - Non-Intersection,Dark-Lighted,Clear,Dry,Atlanta Police Department,Unknown,"[""Motor Vehicle in Motion"",""Motor Vehicle in Motion""]","[""Motor Vehicle in Motion"",""Motor Vehicle in Motion""]",Misjudged Clearance,315,247.28518547000104
2022-10-01,17:20:00,17,2022,10,1,Saturday,33.742429,-84.403926,(O) No Injury,0.0,0.0,0.0,Atlanta,FULTON,I-20,None and I-20,Sideswipe-Same Direction,On Roadway - Non-Intersection,Daylight,Clear,Dry,Atlanta Police Department,"[""Unknown"",""Unknown"",""Lap and Shoulder Belt Used"",""Child Restraint System (Properly Used)""]","[""Motor Vehicle in Motion"",""Motor Vehicle in Motion""]","[""Motor Vehicle in Motion"",""Motor Vehicle in Motion""]",,315,137.4041957396436
2022-10-01,20:00:00,20,2022,10,1,Saturday,33.786219,-84.405255,(B) Suspected Minor/Visible Injury,0.0,0.0,1.0,Atlanta,FULTON,14Th St Nw,14Th St Nw and Flynn St Nw,Rear End,On Roadway - Non-Intersection,Dark-Lighted,Clear,Dry,Atlanta Police Department,"[""Unknown"",""Lap and Shoulder Belt Used"",""Lap and Shoulder Belt Used"",""Lap and Shoulder Belt Used""]","[""Motor Vehicle in Motion"",""Motor Vehicle in Motion""]","[""Motor Vehicle in Motion"",""Motor Vehicle in Motion""]",Following Too Close,86,76.46075265759917
2022-10-01,05:28:00,5,2022,10,1,Saturday,33.757755,-84.377919,(A) Suspected Serious Injury,0.0,1.0,0.0,Atlanta,FULTON,Exit 248C,Exit 248C and Irwin St Ne,Not a Collision with Motor Vehicle,Off Roadway - Sidewalk,Dark-Lighted,Clear,Dry,Atlanta Police Department,Unknown,Utility Pole,Utility Pole,"[""Reckless Driving"",""Under the Influence (U.I.)""]",9,118.0920577490267
2022-10-01,03:15:00,3,2022,10,1,Saturday,33.79808,-84.39443,(K) Fatal Injury,1.0,0.0,0.0,Atlanta,FULTON,Deering Rd Nw,I-75 N and Deering Rd Nw,Not a Collision with Motor Vehicle,On Roadway - Collector Distributor (CD),Dark-Lighted,Clear,Dry,Atlanta Police Department,"[""Lap and Shoulder Belt Used"",""None Used"",""None Used"",""None Used"",""None Used""]",Other Non-Collision,Utility Pole,"[""Under the Influence (U.I.)"",""Driver Condition"",""Reckless Driving""]",R365,61.40724546627181
2022-10-01,17:56:00,17,2022,10,1,Saturday,33.757004,-84.378838,(O) No Injury,0.0,0.0,0.0,Atlanta,FULTON,I-75 Rp,None and I-75 Rp,Rear End,Entrance/Exit Ramp,Daylight,Clear,Dry,Atlanta Police Department,"[""Unknown"",""None Used""]","[""Motor Vehicle in Motion"",""Motor Vehicle in Motion""]",Motor Vehicle in Motion,Following Too Close,9,195.204250708197
2022-10-01,14:59:00,14,2022,10,1,Saturday,33.796339,-84.393749,(O) No Injury,0.0,0.0,0.0,Atlanta,FULTON,I-75,None and I-75,Sideswipe-Same Direction,On Roadway - Non-Intersection,Daylight,Clear,Dry,Atlanta Police Department,"[""Unknown"",""Unknown""]","[""Motor Vehicle in Motion"",""Motor Vehicle in Motion""]","[""Motor Vehicle in Motion"",""Motor Vehicle in Motion""]",Improper Passing,R356,56.643332612620654
2022-10-01,01:40:00,1,2022,10,1,Saturday,33.797671,-84.395701,(O) No Injury,0.0,0.0,0.0,Atlanta,FULTON,I-75,None and I-75,Sideswipe-Same Direction,On Roadway - Non-Intersection,Dark-Lighted,Clear,Dry,Atlanta Police Department,"[""Lap and Shoulder Belt Used"",""Lap and Shoulder Belt Used""]","[""Motor Vehicle in Motion"",""Motor Vehicle in Motion""]","[""Motor Vehicle in Motion"",""Motor Vehicle in Motion""]",Following Too Close,R365,148.51395107144484
2022-10-02,20:18:00,20,2022,10,2,Sunday,33.743164,-84.403831,(O) No Injury,0.0,0.0,0.0,Atlanta,FULTON,Mcdaniel St Sw,Mcdaniel St Sw and Whitehall St Sw,Rear End,On Roadway - Non-Intersection,Dark-Lighted,Clear,Dry,Atlanta Police Department,"[""Unknown"",""Unknown"",""Unknown""]","[""Motor Vehicle in Motion"",""Motor Vehicle in Motion""]","[""Motor Vehicle in Motion"",""Motor Vehicle in Motion""]",,315,121.13424101378374
2022-10-03,07:24:00,7,2022,10,3,Monday,33.805863,-84.381978,(O) No Injury,0.0,0.0,0.0,Atlanta,FULTON,Interstate 85 South,Georgia 13 and Interstate 85 South,Rear End,On Roadway - Non-Intersection,Daylight,Clear,Dry,Gsp Post 00,"[""Lap and Shoulder Belt Used"",""Lap and Shoulder Belt Used""]","[""Motor Vehicle in Motion"",""Motor Vehicle in Motion""]","[""Motor Vehicle in Motion"",""Motor Vehicle in Motion""]",Following Too Close,322,248.001176436866
2022-10-03,23:45:00,23,2022,10,3,Monday,33.797951,-84.39584,(O) No Injury,0.0,0.0,0.0,Atlanta,FULTON,I-75,I-75 and Exit 251,Sideswipe-Same Direction,On Roadway - Non-Intersection,Dark-Lighted,Clear,Dry,Atlanta Police Department,"[""Unknown"",""Unknown""]","[""Motor Vehicle in Motion"",""Motor Vehicle in Motion""]","[""Motor Vehicle in Motion"",""Motor Vehicle in Motion""]",,R365,165.81877479269252
2022-10-03,17:00:00,17,2022,10,3,Monday,33.757867,-84.378901,(O) No Injury,0.0,0.0,0.0,Atlanta,FULTON,Interstate 7585 South,Interstate 7585 South and Freedom Parkway Overpass,Sideswipe-Same Direction,On Roadway - Non-Intersection,Daylight,Clear,Dry,Gsp Post 00,"[""Lap and Shoulder Belt Used"",""Lap and Shoulder Belt Used""]","[""Motor Vehicle in Motion"",""Motor Vehicle in Motion""]","[""Motor Vehicle in Motion"",""Motor Vehicle in Motion""]",Misjudged Clearance,9,105.23351395409976
2022-10-03,12:10:00,12,2022,10,3,Monday,33.793798,-84.3929,(O) No Injury,0.0,0.0,0.0,Atlanta,FULTON,I-85 S,I-85 S and Peachtree Street,Rear End,On Roadway - Non-Intersection,Daylight,Clear,Dry,Gsp Post 00,"[""Lap and Shoulder Belt Used"",""Lap and Shoulder Belt Used""]","[""Motor Vehicle in Motion"",""Motor Vehicle in Motion""]","[""Motor Vehicle in Motion"",""Motor Vehicle in Motion""]",Following Too Close,R378,161.06265331382576
2022-10-03,14:13:00,14,2022,10,3,Monday,33.743503,-84.379484,(O) No Injury,0.0,0.0,0.0,Atlanta,FULTON,I-20 Wb,Hill St and I-20 Wb,Sideswipe-Same Direction,On Roadway - Non-Intersection,Daylight,Clear,Dry,Gsp Post 00,"[""Lap and Shoulder Belt Used"",""Lap and Shoulder Belt Used""]","[""Motor Vehicle in Motion"",""Motor Vehicle in Motion""]","[""Motor Vehicle in Motion"",""Motor Vehicle in Motion""]",Changed Lanes Improperly,77,83.8973552414751
2022-10-03,10:40:00,10,2022,10,3,Monday,33.797942,-84.395835,(O) No Injury,0.0,0.0,0.0,Atlanta,FULTON,I-75 S,I-75 S and Northside Dr,Rear End,On Roadway - Non-Intersection,Daylight,Clear,Dry,Gsp Post 00,"[""Unknown"",""Lap and Shoulder Belt Used""]","[""Motor Vehicle in Motion"",""Motor Vehicle in Motion""]","[""Motor Vehicle in Motion"",""Motor Vehicle in Motion""]",Changed Lanes Improperly,R365,165.13629384687346
2022-10-03,12:59:00,12,2022,10,3,Monday,33.743484,-84.379987,(C) Possible Injury / Complaint,0.0,0.0,0.0,Atlanta,FULTON,I-20 West,I-20 West and Exit Ramp To Capitol Avenue,Sideswipe-Same Direction,On Roadway - Non-Intersection,Daylight,Clear,Dry,Gsp Post 00,"[""Lap and Shoulder Belt Used"",""Lap and Shoulder Belt Used"",""Lap and Shoulder Belt Used""]","[""Motor Vehicle in Motion"",""Motor Vehicle in Motion""]","[""Motor Vehicle in Motion"",""Motor Vehicle in Motion""]",Changed Lanes Improperly,77,126.13495414382665
2022-10-04,15:00:00,15,2022,10,4,Tuesday,33.796253,-84.393684,(O) No Injury,0.0,0.0,0.0,Atlanta,FULTON,I-75 S,I-75 S and Deering Rd,Rear End,On Roadway - Non-Intersection,Daylight,Clear,Dry,Gsp Post 00,"[""Lap and Shoulder Belt Used"",""Lap and Shoulder Belt Used""]","[""Motor Vehicle in Motion"",""Motor Vehicle in Motion""]","[""Motor Vehicle in Motion"",""Motor Vehicle in Motion""]",Following Too Close,R356,65.36394949152289
2022-10-04,14:19:00,14,2022,10,4,Tuesday,33.708026,-84.403021,(O) No Injury,0.0,0.0,0.0,Atlanta,FULTON,Interstate 75 Sb,Interstate 75 Sb and Georgia Highway 166,Not a Collision with Motor Vehicle,On Roadway - Non-Intersection,Daylight,Clear,Dry,Gsp Post 00,Lap and Shoulder Belt Used,Other Object (Not Fixed),Impact Attenuate,,310,111.42809675096989
2022-10-05,07:15:00,7,2022,10,5,Wednesday,33.676071,-84.397583,(C) Possible Injury / Complaint,0.0,0.0,0.0,Atlanta,FULTON,I-75,None and I-75,Rear End,On Roadway - Non-Intersection,Daylight,Clear,Dry,Atlanta Police Department,"[""Lap and Shoulder Belt Used"",""Lap and Shoulder Belt Used""]","[""Motor Vehicle in Motion"",""Motor Vehicle in Motion""]","[""Motor Vehicle in Motion"",""Motor Vehicle in Motion""]",Following Too Close,309,32.913936854253244
2022-10-05,20:00:00,20,2022,10,5,Wednesday,33.797545,-84.39513,(O) No Injury,0.0,0.0,0.0,Atlanta,FULTON,I-75,I-75 and Deering Rd Nw,Sideswipe-Opposite Direction,On Roadway - Non-Intersection,Daylight,Clear,Dry,Atlanta Police Department,"[""Shoulder Belt Only Used"",""Shoulder Belt Only Used""]","[""Motor Vehicle in Motion"",""Motor Vehicle in Motion""]","[""Motor Vehicle in Motion"",""Motor Vehicle in Motion""]",Disregard Other Traffic Control,R365,95.60666963908798
2022-10-06,13:58:00,13,2022,10,6,Thursday,33.797976,-84.393252,(C) Possible Injury / Complaint,0.0,0.0,0.0,Atlanta,FULTON,Interstate 85 South,Interstate 75 and Interstate 85 South,Rear End,On Roadway - Non-Intersection,Daylight,Clear,Dry,Gsp Post 00,"[""Lap and Shoulder Belt Used"",""Lap and Shoulder Belt Used"",""Lap and Shoulder Belt Used"",""Lap and Shoulder Belt Used""]","[""Motor Vehicle in Motion"",""Motor Vehicle in Motion"",""Motor Vehicle in Motion""]","[""Motor Vehicle in Motion"",""Motor Vehicle in Motion"",""Motor Vehicle in Motion""]",Following Too Close,R365,88.94340606440059
2022-10-06,12:40:00,12,2022,10,6,Thursday,33.795877,-84.394513,(O) No Injury,0.0,0.0,0.0,Atlanta,FULTON,I-75 S,I-75 S and Deering Road,Sideswipe-Same Direction,On Roadway - Non-Intersection,Daylight,Clear,Dry,Gsp Post 00,"[""Unknown"",""Lap and Shoulder Belt Used""]","[""Motor Vehicle in Motion"",""Motor Vehicle in Motion""]","[""Motor Vehicle in Motion"",""Motor Vehicle in Motion""]",Changed Lanes Improperly,R356,67.71923176003455
2022-10-06,22:20:00,22,2022,10,6,Thursday,33.798716,-84.392733,(C) Possible Injury / Complaint,0.0,0.0,0.0,Atlanta,FULTON,I-75,None and I-75,Rear End,On Roadway - Non-Intersection,Dark-Lighted,Clear,Dry,Atlanta Police Department,"[""Lap and Shoulder Belt Used"",""Lap and Shoulder Belt Used""]","[""Motor Vehicle in Motion"",""Motor Vehicle in Motion""]","[""Motor Vehicle in Motion"",""Motor Vehicle in Motion""]",Following Too Close,R365,177.10799606360615