Date,Time,Hour,Year,Month,Day,DayOfWeek,Crash Latitude,Crash Longitude,KABCO Severity,# of Fatalities per Crash,# Serious Injuries,# Visible Injuries,Geolocated City,Geolocated County,Roadway (From Crash Report),Intersection Name (from Crash Report),Manner of Collision (Crash Level),Location at Impact (Crash Level),Light Conditions (Crash Level),Weather Conditions (Crash Level),Surface Condition (Crash Level),Agency Name (Crash Level),Safety Equipment (Crash Level),First Harmful Event (Unit Order),Most Harmful Event (Crash Level),"Operator/Pedestrian Contrib Factor (excl None, Other, No Contrib Factors)",join_id,Crash_to_TMAS_m
2022-10-06,12:00:00,12,2022,10,6,Thursday,33.799125,-84.392354,(O) No Injury,0.0,0.0,0.0,Atlanta,FULTON,I-85 S,I-85 S and Peachtree St,Rear End,On Roadway - Non-Intersection,Daylight,Clear,Dry,Gsp Post 00,"[""Lap and Shoulder Belt Used"",""Lap and Shoulder Belt Used""]","[""Motor Vehicle in Motion"",""Motor Vehicle in Motion""]","[""Motor Vehicle in Motion"",""Motor Vehicle in Motion""]",Following Too Close,R365,234.06970976803083
2022-10-07,23:00:00,23,2022,10,7,Friday,33.757699,-84.376085,(O) No Injury,0.0,0.0,0.0,Atlanta,FULTON,Irwin St Ne,Irwin St Ne and Hilliard St Ne,Sideswipe-Same Direction,On Roadway - Non-Intersection,Dark-Lighted,Clear,Dry,Atlanta Police Department,Unknown,"[""Parked Motor Vehicle"",""Motor Vehicle in Motion"",""Motor Vehicle in Motion"",""Motor Vehicle in Motion""]","[""Parked Motor Vehicle"",""Motor Vehicle in Motion"",""Motor Vehicle in Motion"",""Motor Vehicle in Motion""]","[""Under the Influence (U.I.)"",""Occupant Distraction (Distracted)"",""Too Fast for Conditions"",""Reckless Driving""]",9,245.59373800741207
2022-10-07,07:23:00,7,2022,10,7,Friday,33.757055,-84.378079,(O) No Injury,0.0,0.0,0.0,Atlanta,FULTON,I-7585 Conn Nb,Freedom Pkwy and I-7585 Conn Nb,Rear End,On Roadway - Non-Intersection,Daylight,Clear,Dry,Gsp Post 00,"[""Lap and Shoulder Belt Used"",""Lap and Shoulder Belt Used""]","[""Motor Vehicle in Motion"",""Motor Vehicle in Motion""]","[""Motor Vehicle in Motion"",""Motor Vehicle in Motion""]",Following Too Close,9,188.67380069447623
2022-10-07,08:40:00,8,2022,10,7,Friday,33.794921,-84.393461,(O) No Injury,0.0,0.0,0.0,Atlanta,FULTON,Interstate 85 South,17Th Street and Interstate 85 South,Rear End,On Roadway - Non-Intersection,Daylight,Clear,Dry,Gsp Post 00,"[""Lap and Shoulder Belt Used"",""Lap and Shoulder Belt Used"",""Lap and Shoulder Belt Used"",""Lap and Shoulder Belt Used""]","[""Motor Vehicle in Motion"",""Motor Vehicle in Motion""]","[""Motor Vehicle in Motion"",""Motor Vehicle in Motion""]",Following Too Close,R378,135.98317501542547
2022-10-07,16:40:00,16,2022,10,7,Friday,33.743066,-84.403758,(O) No Injury,0.0,0.0,0.0,Atlanta,FULTON,Mcdaniel St Sw,I-20 W and Mcdaniel St Sw,Sideswipe-Same Direction,On Roadway - Non-Intersection,Daylight,Clear,Dry,Atlanta Police Department,"[""Lap and Shoulder Belt Used"",""Lap and Shoulder Belt Used""]","[""Motor Vehicle in Motion"",""Motor Vehicle in Motion""]","[""Motor Vehicle in Motion"",""Motor Vehicle in Motion""]",,315,112.38484617581295
2022-10-07,06:49:00,6,2022,10,7,Friday,33.756975,-84.378826,(O) No Injury,0.0,0.0,0.0,Atlanta,FULTON,Ellis Street Entrance Ramp To,None and Ellis Street Entrance Ramp To,Rear End,Entrance/Exit Ramp,Dawn,Clear,Dry,Gsp Post 00,"[""Lap and Shoulder Belt Used"",""Lap and Shoulder Belt Used""]","[""Motor Vehicle in Motion"",""Motor Vehicle in Motion""]","[""Motor Vehicle in Motion"",""Motor Vehicle in Motion""]","[""Too Fast for Conditions"",""Following Too Close"",""Driver Condition""]",9,198.15297672728747
2022-10-07,19:20:00,19,2022,10,7,Friday,33.743307,-84.379296,(O) No Injury,0.0,0.0,0.0,Atlanta,FULTON,I-20 West,Boulevard and I-20 West,Rear End,On Roadway - Non-Intersection,Dusk,Clear,Dry,Gsp Post 00,"[""Lap and Shoulder Belt Used"",""Lap and Shoulder Belt Used"",""Lap and Shoulder Belt Used""]","[""Motor Vehicle in Motion"",""Motor Vehicle in Motion""]","[""Motor Vehicle in Motion"",""Motor Vehicle in Motion""]",Following Too Close,77,59.14866609472824
2022-10-07,07:50:00,7,2022,10,7,Friday,33.710032,-84.401899,(C) Possible Injury / Complaint,0.0,0.0,0.0,Atlanta,FULTON,I-7585 Northbound,Fair Drive and I-7585 Northbound,Rear End,On Roadway - Non-Intersection,Daylight,Clear,Dry,Gsp Post 00,"[""Lap and Shoulder Belt Used"",""Lap and Shoulder Belt Used""]","[""Motor Vehicle in Motion"",""Motor Vehicle in Motion""]","[""Motor Vehicle in Motion"",""Motor Vehicle in Motion""]",Following Too Close,310,139.87975476655973
2022-10-07,18:00:00,18,2022,10,7,Friday,33.80619,-84.380474,(O) No Injury,0.0,0.0,0.0,Atlanta,FULTON,Entrance Ramp To I-85 South,From Ga 13 South and Entrance Ramp To I-85 South,Rear End,Entrance/Exit Ramp,Daylight,Clear,Dry,Gsp Post 00,"[""Lap and Shoulder Belt Used"",""Lap and Shoulder Belt Used""]","[""Motor Vehicle in Motion"",""Motor Vehicle in Motion""]","[""Motor Vehicle in Motion"",""Motor Vehicle in Motion""]",Following Too Close,322,120.80554819084472
2022-10-07,20:10:00,20,2022,10,7,Friday,33.798139,-84.395953,(O) No Injury,0.0,0.0,0.0,Atlanta,FULTON,I-75,None and I-75,Rear End,On Roadway - Non-Intersection,Dark-Not Lighted,Clear,Dry,Atlanta Police Department,"[""Lap and Shoulder Belt Used"",""Lap and Shoulder Belt Used""]","[""Motor Vehicle in Motion"",""Motor Vehicle in Motion""]","[""Motor Vehicle in Motion"",""Motor Vehicle in Motion""]",Following Too Close,R365,181.7677396466716
2022-10-08,12:20:00,12,2022,10,8,Saturday,33.784528,-84.403726,(O) No Injury,0.0,0.0,0.0,Atlanta,FULTON,Vidalia Ln Nw,Ethel St Nw and Vidalia Ln Nw,Sideswipe-Opposite Direction,On Roadway - Roadway Intersection,Daylight,Clear,Dry,Atlanta Police Department,"[""Lap and Shoulder Belt Used"",""Lap and Shoulder Belt Used""]","[""Motor Vehicle in Motion"",""Parked Motor Vehicle""]","[""Motor Vehicle in Motion"",""Parked Motor Vehicle""]",Changed Lanes Improperly,86,196.64506182490504
2022-10-08,18:10:00,18,2022,10,8,Saturday,33.743498,-84.379616,(O) No Injury,0.0,0.0,0.0,Atlanta,FULTON,I-20,None and I-20,Rear End,On Roadway - Non-Intersection,Daylight,Clear,Dry,Atlanta Police Department,"[""Lap and Shoulder Belt Used"",""Lap and Shoulder Belt Used""]","[""Motor Vehicle in Motion"",""Motor Vehicle in Motion""]","[""Motor Vehicle in Motion"",""Motor Vehicle in Motion""]",Following Too Close,77,94.57837947111383
2022-10-08,21:00:00,21,2022,10,8,Saturday,33.764573,-84.492891,(O) No Injury,0.0,0.0,0.0,Atlanta,FULTON,I-20,None and I-20,Rear End,On Roadway - Non-Intersection,Dark-Lighted,Clear,Dry,Atlanta Police Department,"[""Lap and Shoulder Belt Used"",""Lap and Shoulder Belt Used""]","[""Motor Vehicle in Motion"",""Motor Vehicle in Motion""]","[""Motor Vehicle in Motion"",""Motor Vehicle in Motion""]",Following Too Close,R376,162.63076195488193
2022-10-08,14:50:00,14,2022,10,8,Saturday,33.743497,-84.37964,(O) No Injury,0.0,0.0,0.0,Atlanta,FULTON,I-20,None and I-20,Rear End,On Roadway - Non-Intersection,Daylight,Clear,Dry,Atlanta Police Department,"[""Lap and Shoulder Belt Used"",""Lap and Shoulder Belt Used"",""Lap and Shoulder Belt Used"",""Lap and Shoulder Belt Used""]","[""Motor Vehicle in Motion"",""Motor Vehicle in Motion"",""Motor Vehicle in Motion"",""Motor Vehicle in Motion""]","[""Motor Vehicle in Motion"",""Motor Vehicle in Motion"",""Motor Vehicle in Motion"",""Motor Vehicle in Motion""]",Following Too Close,77,96.55622822456142
2022-10-09,12:00:00,12,2022,10,9,Sunday,33.797431,-84.395383,(O) No Injury,0.0,0.0,0.0,Atlanta,FULTON,Deering Rd Nw,Exit 251 and Deering Rd Nw,Rear End,"On Roadway - Managed Lane (HOV, HOT, Reversible)",Daylight,Clear,Dry,Atlanta Police Department,"[""Unknown"",""Unknown"",""Unknown"",""Unknown"",""Unknown""]","[""Motor Vehicle in Motion"",""Motor Vehicle in Motion"",""Motor Vehicle in Motion"",""Motor Vehicle in Motion""]","[""Motor Vehicle in Motion"",""Motor Vehicle in Motion"",""Motor Vehicle in Motion"",""Motor Vehicle in Motion""]","[""Following Too Close"",""Following Too Close"",""Following Too Close""]",R365,120.31800862589418
2022-10-09,17:37:00,17,2022,10,9,Sunday,33.707541,-84.402916,(O) No Injury,0.0,0.0,0.0,Atlanta,FULTON,I-75 N,I-75 N and University Avenue,Rear End,On Roadway - Non-Intersection,Daylight,Clear,Dry,Gsp Post 00,"[""Unknown"",""Lap and Shoulder Belt Used""]","[""Motor Vehicle in Motion"",""Motor Vehicle in Motion""]","[""Motor Vehicle in Motion"",""Motor Vehicle in Motion""]",,310,153.01122475811582
2022-10-09,11:29:00,11,2022,10,9,Sunday,33.759598,-84.378925,(O) No Injury,0.0,0.0,0.0,Atlanta,FULTON,I-75,I-75 and Ellis St Ne,Sideswipe-Same Direction,Off Roadway,Daylight,Clear,Dry,Atlanta Police Department,"[""Lap and Shoulder Belt Used"",""Unknown""]","[""Motor Vehicle in Motion"",""Motor Vehicle in Motion""]","[""Motor Vehicle in Motion"",""Motor Vehicle in Motion""]",Changed Lanes Improperly,9,106.6757982176355
2022-10-09,17:05:00,17,2022,10,9,Sunday,33.742308,-84.403264,(B) Suspected Minor/Visible Injury,0.0,0.0,3.0,Atlanta,FULTON,Fulton St Sw,Fulton St Sw and Mcdaniel St Sw,Angle Crash,On Roadway - Roadway Intersection,Daylight,Clear,Dry,Atlanta Police Department,"[""Unknown"",""Unknown"",""Unknown"",""Unknown""]","[""Motor Vehicle in Motion"",""Motor Vehicle in Motion"",""Motor Vehicle in Motion""]","[""Motor Vehicle in Motion"",""Motor Vehicle in Motion"",""Motor Vehicle in Motion""]",,315,93.37857377140732
2022-10-09,00:05:00,0,2022,10,9,Sunday,33.742696,-84.403357,(O) No Injury,0.0,0.0,0.0,Atlanta,FULTON,I-20,None and I-20,Rear End,On Roadway - Non-Intersection,Dark-Not Lighted,Clear,Dry,Atlanta Police Department,"[""Unknown"",""Unknown"",""Unknown"",""Unknown"",""Unknown""]","[""Motor Vehicle in Motion"",""Motor Vehicle in Motion""]","[""Motor Vehicle in Motion"",""Motor Vehicle in Motion""]",Following Too Close,315,77.5969474244235
2022-10-10,07:30:00,7,2022,10,10,Monday,33.759149,-84.478848,(O) No Injury,0.0,0.0,0.0,Atlanta,FULTON,Interstate 20 East,Interstate 20 East and Hamilton E. Holmes Drive Under,Rear End,On Roadway - Non-Intersection,Daylight,Clear,Dry,Gsp Post 00,"[""Lap and Shoulder Belt Used"",""Lap and Shoulder Belt Used""]","[""Motor Vehicle in Motion"",""Motor Vehicle in Motion""]","[""Motor Vehicle in Motion"",""Motor Vehicle in Motion""]",Following Too Close,313,30.953373571885983
2022-10-10,13:00:00,13,2022,10,10,Monday,33.743681,-84.403769,(C) Possible Injury / Complaint,0.0,0.0,0.0,Atlanta,FULTON,Whitehall St Sw,Mcdaniel St Sw and Whitehall St Sw,Sideswipe-Same Direction,On Roadway - Roadway Intersection,Daylight,Clear,Dry,Atlanta Police Department,"[""Lap and Shoulder Belt Used"",""Lap and Shoulder Belt Used""]","[""Motor Vehicle in Motion"",""Motor Vehicle in Motion""]","[""Motor Vehicle in Motion"",""Motor Vehicle in Motion""]","[""Failure to Yield"",""Failure to Yield""]",315,140.98227467380545
2022-10-10,13:18:00,13,2022,10,10,Monday,33.797201,-84.395425,(O) No Injury,0.0,0.0,0.0,Atlanta,FULTON,I-75 South,Deering Rd and I-75 South,Sideswipe-Same Direction,On Roadway - Non-Intersection,Daylight,Clear,Dry,Gsp Post 00,"[""Lap and Shoulder Belt Used"",""Lap and Shoulder Belt Used""]","[""Motor Vehicle in Motion"",""Motor Vehicle in Motion""]","[""Motor Vehicle in Motion"",""Motor Vehicle in Motion""]",Following Too Close,R356,129.15155426674977
2022-10-10,09:57:00,9,2022,10,10,Monday,33.784758,-84.406104,(O) No Injury,0.0,0.0,0.0,Atlanta,FULTON,Curran St Nw,Curran St Nw and Hemphill Ave Nw,Head On,"On Roadway - Managed Lane (HOV, HOT, Reversible)",Daylight,Clear,Dry,Atlanta Police Department,"[""Lap and Shoulder Belt Used"",""Lap and Shoulder Belt Used""]","[""Motor Vehicle in Motion"",""Motor Vehicle in Motion""]","[""Motor Vehicle in Motion"",""Motor Vehicle in Motion""]",Improper Backing,86,222.82395647706156
2022-10-10,21:00:00,21,2022,10,10,Monday,33.742453,-84.403876,(O) No Injury,0.0,0.0,0.0,Atlanta,FULTON,I-20,None and I-20,Angle Crash,On Roadway - Non-Intersection,Dark-Lighted,Clear,Dry,Atlanta Police Department,Unknown,"[""Motor Vehicle in Motion"",""Motor Vehicle in Motion""]","[""Motor Vehicle in Motion"",""Motor Vehicle in Motion""]",Aggressive Driving,315,132.10082500783437
2022-10-11,22:12:00,22,2022,10,11,Tuesday,33.806597,-84.380651,(O) No Injury,0.0,0.0,0.0,Atlanta,FULTON,I-85Nb,I-85Nb and Buford Highway,Sideswipe-Same Direction,On Roadway - Non-Intersection,Daylight,Clear,Dry,Gsp Post 00,"[""Lap and Shoulder Belt Used"",""Lap and Shoulder Belt Used"",""Lap and Shoulder Belt Used"",""Lap and Shoulder Belt Used"",""Lap and Shoulder Belt Used""]","[""Motor Vehicle in Motion"",""Motor Vehicle in Motion"",""Motor Vehicle in Motion""]","[""Motor Vehicle in Motion"",""Motor Vehicle in Motion"",""Motor Vehicle in Motion""]",,322,100.55922514789796
2022-10-11,19:12:00,19,2022,10,11,Tuesday,33.798591,-84.396219,(O) No Injury,0.0,0.0,0.0,Atlanta,FULTON,I-75 S,I-75 S and Northside Drive,Rear End,On Roadway - Non-Intersection,Dark-Not Lighted,Clear,Dry,Gsp Post 00,"[""Lap and Shoulder Belt Used"",""Lap and Shoulder Belt Used"",""Lap and Shoulder Belt Used"",""Child Restraint System (Properly Used)""]","[""Motor Vehicle in Motion"",""Motor Vehicle in Motion""]","[""Motor Vehicle in Motion"",""Motor Vehicle in Motion""]",Following Too Close,R365,224.9865693439316
2022-10-11,09:58:00,9,2022,10,11,Tuesday,33.743484,-84.37794,(O) No Injury,0.0,0.0,0.0,Atlanta,FULTON,I-20 W,I-20 W and Hill St,Rear End,On Roadway - Non-Intersection,Daylight,Clear,Dry,Gsp Post 00,"[""Lap and Shoulder Belt Used"",""Lap and Shoulder Belt Used"",""Lap and Shoulder Belt Used""]","[""Motor Vehicle in Motion"",""Motor Vehicle in Motion""]","[""Motor Vehicle in Motion"",""Motor Vehicle in Motion""]",Following Too Close,77,79.30768365054247
2022-10-11,15:00:00,15,2022,10,11,Tuesday,33.786224,-84.406976,(C) Possible Injury / Complaint,0.0,0.0,0.0,Atlanta,FULTON,Hemphill Ave Nw,14Th St Nw and Hemphill Ave Nw,Angle Crash,On Roadway - Roadway Intersection,Daylight,Clear,Dry,Atlanta Police Department,"[""Unknown"",""Unknown"",""Unknown""]","[""Motor Vehicle in Motion"",""Motor Vehicle in Motion""]","[""Motor Vehicle in Motion"",""Motor Vehicle in Motion""]",,86,235.88772668133367
2022-10-11,14:16:00,14,2022,10,11,Tuesday,33.806312,-84.379701,(C) Possible Injury / Complaint,0.0,0.0,0.0,Atlanta,FULTON,Georgia 13 Ramp,Georgia 13 Ramp and Interstate 85 South,Rear End,On Roadway - Non-Intersection,Daylight,Clear,Dry,Gsp Post 00,"[""Lap and Shoulder Belt Used"",""Lap and Shoulder Belt Used"",""Lap and Shoulder Belt Used""]","[""Motor Vehicle in Motion"",""Motor Vehicle in Motion""]","[""Motor Vehicle in Motion"",""Motor Vehicle in Motion""]",Following Too Close,322,86.39852837456814
2022-10-11,13:52:00,13,2022,10,11,Tuesday,33.795233,-84.393563,(O) No Injury,0.0,0.0,0.0,Atlanta,FULTON,Interstate 85 South,17Th Street and Interstate 85 South,Rear End,On Roadway - Non-Intersection,Daylight,Clear,Dry,Gsp Post 00,"[""Lap and Shoulder Belt Used"",""Lap and Shoulder Belt Used""]","[""Motor Vehicle in Motion"",""Motor Vehicle in Motion""]","[""Motor Vehicle in Motion"",""Motor Vehicle in Motion""]",Following Too Close,R378,146.36420687747537
2022-10-11,16:40:00,16,2022,10,11,Tuesday,33.743052,-84.402616,(O) No Injury,0.0,0.0,0.0,Atlanta,FULTON,I-20 Eb,I-20 Eb and Wndsor Street,Rear End,On Roadway - Non-Intersection,Daylight,Clear,Dry,Gsp Post 00,"[""Lap and Shoulder Belt Used"",""Lap and Shoulder Belt Used""]","[""Motor Vehicle in Motion"",""Motor Vehicle in Motion""]","[""Motor Vehicle in Motion"",""Motor Vehicle in Motion""]",Following Too Close,315,16.588301616905824
2022-10-11,17:59:00,17,2022,10,11,Tuesday,33.742493,-84.403792,(C) Possible Injury / Complaint,0.0,0.0,0.0,Atlanta,FULTON,I-20 East,I-20 East and Mcdaniel Street,Rear End,On Roadway - Non-Intersection,Daylight,Clear,Dry,Gsp Post 00,"[""Lap and Shoulder Belt Used"",""Lap Belt Only Used"",""Lap and Shoulder Belt Used"",""Lap and Shoulder Belt Used"",""Lap and Shoulder Belt Used""]","[""Motor Vehicle in Motion"",""Motor Vehicle in Motion"",""Motor Vehicle in Motion""]","[""Motor Vehicle in Motion"",""Motor Vehicle in Motion"",""Motor Vehicle in Motion""]","[""Following Too Close"",""Other Activity - Mobile Device (Distracted)""]",315,123.21261512570416
2022-10-12,14:40:00,14,2022,10,12,Wednesday,33.797912,-84.393285,(C) Possible Injury / Complaint,0.0,0.0,0.0,Atlanta,FULTON,I-85,I-85 and Exit 84,Rear End,On Roadway - Non-Intersection,Daylight,Rain,Water (standing or moving),Atlanta Police Department,"[""Lap and Shoulder Belt Used"",""Lap and Shoulder Belt Used"",""Lap and Shoulder Belt Used""]","[""Motor Vehicle in Motion"",""Motor Vehicle in Motion"",""Motor Vehicle in Motion""]","[""Motor Vehicle in Motion"",""Motor Vehicle in Motion"",""Motor Vehicle in Motion""]",Following Too Close,R365,83.05395769854488
2022-10-12,18:45:00,18,2022,10,12,Wednesday,33.795038,-84.391562,(C) Possible Injury / Complaint,0.0,0.0,0.0,Atlanta,FULTON,I-75,None and I-75,Rear End,On Roadway - Non-Intersection,Daylight,Rain,Water (standing or moving),Atlanta Police Department,"[""Lap and Shoulder Belt Used"",""Lap and Shoulder Belt Used"",""Lap and Shoulder Belt Used"",""Lap and Shoulder Belt Used""]","[""Motor Vehicle in Motion"",""Motor Vehicle in Motion""]","[""Motor Vehicle in Motion"",""Motor Vehicle in Motion""]","[""Following Too Close"",""Changed Lanes Improperly""]",R378,40.57500389202597
2022-10-12,16:53:00,16,2022,10,12,Wednesday,33.759973,-84.379143,(O) No Injury,0.0,0.0,0.0,Atlanta,FULTON,I-75,I-75 and Andrew Young International Blvd Ne,Sideswipe-Same Direction,On Roadway - Roadway Intersection,Daylight,Rain,Wet,Atlanta Police Department,"[""Unknown"",""Unknown"",""Unknown""]","[""Motor Vehicle in Motion"",""Motor Vehicle in Motion""]","[""Motor Vehicle in Motion"",""Motor Vehicle in Motion""]",Changed Lanes Improperly,9,152.92826219428375
2022-10-12,18:00:00,18,2022,10,12,Wednesday,33.757095,-84.378713,(O) No Injury,0.0,0.0,0.0,Atlanta,FULTON,I-75,I-75 and Ellis St Ne,Sideswipe-Same Direction,On Roadway - Non-Intersection,Daylight,Cloudy,Wet,Atlanta Police Department,"[""Unknown"",""Unknown""]","[""Motor Vehicle in Motion"",""Motor Vehicle in Motion""]","[""Motor Vehicle in Motion"",""Motor Vehicle in Motion""]",Changed Lanes Improperly,9,183.29634216540336
2022-10-12,10:00:00,10,2022,10,12,Wednesday,33.793847,-84.391857,(B) Suspected Minor/Visible Injury,0.0,0.0,1.0,Atlanta,FULTON,I-85 Rp,None and I-85 Rp,Not a Collision with Motor Vehicle,Entrance/Exit Ramp,Daylight,Cloudy,Dry,Atlanta Police Department,"[""Unknown"",""Unknown""]",Motor Vehicle in Motion,Motor Vehicle in Motion,Too Fast for Conditions,R378,133.02937700865357
2022-10-12,07:00:00,7,2022,10,12,Wednesday,33.678,-84.397861,(O) No Injury,0.0,0.0,0.0,Atlanta,FULTON,I-75,I-75 and Exit 241,Rear End,"On Roadway - Managed Lane (HOV, HOT, Reversible)",Daylight,Cloudy,Water (standing or moving),Atlanta Police Department,"[""Lap and Shoulder Belt Used"",""Lap and Shoulder Belt Used""]","[""Motor Vehicle in Motion"",""Motor Vehicle in Motion""]","[""Motor Vehicle in Motion"",""Motor Vehicle in Motion""]","[""Changed Lanes Improperly"",""Following Too Close""]",309,189.9537666635466
2022-10-13,16:23:00,16,2022,10,13,Thursday,33.697463,-84.423956,(O) No Injury,0.0,0.0,0.0,Atlanta,FULTON,Ga-166 Eastbound,Ga-166 Eastbound and Main Street Overpass,Not a Collision with Motor Vehicle,On Shoulder,Daylight,Clear,Dry,Gsp Post 00,Unknown,Guard Rail Face,Fire/Explosion,"[""Too Fast for Conditions"",""Driver Lost Control""]",113,35.737588528301515
2022-10-13,16:49:00,16,2022,10,13,Thursday,33.864993,-84.380784,(O) No Injury,0.0,0.0,0.0,Atlanta,FULTON,Roswell Rd Ne,None and Roswell Rd Ne,Rear End,On Roadway - Non-Intersection,Daylight,Clear,Dry,Atlanta Police Department,"[""Unknown"",""Unknown""]","[""Motor Vehicle in Motion"",""Motor Vehicle in Motion""]","[""Motor Vehicle in Motion"",""Motor Vehicle in Motion""]",Following Too Close,271,32.979360331192375
2022-10-13,08:00:00,8,2022,10,13,Thursday,33.678511,-84.397951,(C) Possible Injury / Complaint,0.0,0.0,0.0,Atlanta,FULTON,I-75 N,I-75 N and Cleveland Ave,Rear End,On Roadway - Non-Intersection,Daylight,Cloudy,Wet,Gsp Post 00,"[""Lap and Shoulder Belt Used"",""Lap and Shoulder Belt Used"",""Lap and Shoulder Belt Used"",""Lap and Shoulder Belt Used""]","[""Motor Vehicle in Motion"",""Motor Vehicle in Motion""]","[""Motor Vehicle in Motion"",""Motor Vehicle in Motion""]",Following Too Close,309,247.13482701217907
2022-10-13,09:01:00,9,2022,10,13,Thursday,33.806766,-84.380441,(C) Possible Injury / Complaint,0.0,0.0,0.0,Atlanta,FULTON,I-85 North,I-85 North and Peachtree St Overpass,Rear End,On Roadway - Non-Intersection,Daylight,Cloudy,Wet,Gsp Post 00,"[""Lap and Shoulder Belt Used"",""Lap and Shoulder Belt Used""]","[""Motor Vehicle in Motion"",""Motor Vehicle in Motion""]","[""Motor Vehicle in Motion"",""Motor Vehicle in Motion""]",Following Too Close,322,74.21680280671255
2022-10-13,18:08:00,18,2022,10,13,Thursday,33.760142,-84.37924,(O) No Injury,0.0,0.0,0.0,Atlanta,FULTON,I-7585 North,Freedom Pkwy and I-7585 North,Rear End,On Roadway - Non-Intersection,Daylight,Clear,Dry,Gsp Post 00,"[""Unknown"",""Lap and Shoulder Belt Used"",""Lap and Shoulder Belt Used"",""Child Restraint System (Properly Used)""]","[""Motor Vehicle in Motion"",""Motor Vehicle in Motion""]","[""Motor Vehicle in Motion"",""Motor Vehicle in Motion""]",,9,173.72294948066587
2022-10-13,11:18:00,11,2022,10,13,Thursday,33.760401,-84.378958,(O) No Injury,0.0,0.0,0.0,Atlanta,FULTON,I-7585 North,Freedom Pkwy and I-7585 North,Rear End,On Roadway - Non-Intersection,Daylight,Cloudy,Wet,Gsp Post 00,"[""Lap and Shoulder Belt Used"",""Lap and Shoulder Belt Used""]","[""Motor Vehicle in Motion"",""Motor Vehicle in Motion""]","[""Motor Vehicle in Motion"",""Motor Vehicle in Motion""]",Following Too Close,9,191.75303921778104
2022-10-13,08:17:00,8,2022,10,13,Thursday,33.743508,-84.379305,(O) No Injury,0.0,0.0,0.0,Atlanta,FULTON,I-20 West,I-20 West and Cherokee Avenue Overpass,Rear End,On Roadway - Non-Intersection,Daylight,Rain,Dry,Gsp Post 00,"[""Lap and Shoulder Belt Used"",""Child Restraint System (Properly Used)"",""Lap and Shoulder Belt Used"",""Lap and Shoulder Belt Used""]","[""Motor Vehicle in Motion"",""Motor Vehicle in Motion""]","[""Motor Vehicle in Motion"",""Motor Vehicle in Motion""]",Following Too Close,77,70.11999544971351
2022-10-13,15:15:00,15,2022,10,13,Thursday,33.87461,-84.446646,(O) No Injury,0.0,0.0,0.0,Atlanta,FULTON,I-75 North,None and I-75 North,Rear End,On Shoulder,Daylight,Clear,Dry,Gsp Post 00,"[""Lap and Shoulder Belt Used"",""Lap and Shoulder Belt Used""]","[""Motor Vehicle in Motion"",""Motor Vehicle in Motion""]","[""Motor Vehicle in Motion"",""Motor Vehicle in Motion""]",Following Too Close,308,58.10305399593381
2022-10-13,04:52:00,4,2022,10,13,Thursday,33.74308,-84.403093,(O) No Injury,0.0,0.0,0.0,Atlanta,FULTON,I-20 West  Mcdaniel Street Ov,None and I-20 West  Mcdaniel Street Ov,Sideswipe-Same Direction,On Roadway - Non-Intersection,Dark-Lighted,Rain,Wet,Gsp Post 00,"[""Lap and Shoulder Belt Used"",""Lap and Shoulder Belt Used""]","[""Motor Vehicle in Motion"",""Motor Vehicle in Motion""]","[""Motor Vehicle in Motion"",""Motor Vehicle in Motion""]",,315,52.88256251674009
2022-10-14,13:00:00,13,2022,10,14,Friday,33.799208,-84.392263,(O) No Injury,0.0,0.0,0.0,Atlanta,FULTON,I-85 S,I-85 S and Peachtree St,Sideswipe-Same Direction,On Roadway - Non-Intersection,Daylight,Clear,Dry,Gsp Post 00,"[""Lap and Shoulder Belt Used"",""Lap and Shoulder Belt Used""]","[""Motor Vehicle in Motion"",""Motor Vehicle in Motion""]","[""Motor Vehicle in Motion"",""Motor Vehicle in Motion""]","[""Changed Lanes Improperly"",""Changed Lanes Improperly""]",R365,246.5515105282993
2022-10-14,10:20:00,10,2022,10,14,Friday,33.795971,-84.393672,(O) No Injury,0.0,0.0,0.0,Atlanta,FULTON,I-85 South,I-75 North and I-85 South,Rear End,On Roadway - Non-Intersection,Daylight,Clear,Dry,Gsp Post 00,"[""Lap and Shoulder Belt Used"",""Lap and Shoulder Belt Used""]","[""Motor Vehicle in Motion"",""Motor Vehicle in Motion""]","[""Motor Vehicle in Motion"",""Motor Vehicle in Motion""]",Following Too Close,R356,83.03305485780928