Date,Time,Hour,Year,Month,Day,DayOfWeek,Crash Latitude,Crash Longitude,KABCO Severity,# of Fatalities per Crash,# Serious Injuries,# Visible Injuries,Geolocated City,Geolocated County,Roadway (From Crash Report),Intersection Name (from Crash Report),Manner of Collision (Crash Level),Location at Impact (Crash Level),Light Conditions (Crash Level),Weather Conditions (Crash Level),Surface Condition (Crash Level),Agency Name (Crash Level),Safety Equipment (Crash Level),First Harmful Event (Unit Order),Most Harmful Event (Crash Level),"Operator/Pedestrian Contrib Factor (excl None, Other, No Contrib Factors)",join_id,Crash_to_TMAS_m
2022-10-14,14:00:00,14,2022,10,14,Friday,33.795107,-84.393526,(C) Possible Injury / Complaint,0.0,0.0,0.0,Atlanta,FULTON,I-85 S,I-85 S and Peachtree St,Sideswipe-Same Direction,On Roadway - Non-Intersection,Daylight,Clear,Dry,Gsp Post 00,"[""Lap and Shoulder Belt Used"",""Lap and Shoulder Belt Used"",""Lap and Shoulder Belt Used""]","[""Motor Vehicle in Motion"",""Motor Vehicle in Motion""]","[""Motor Vehicle in Motion"",""Motor Vehicle in Motion""]",,R378,141.5571392216685
2022-10-14,20:24:00,20,2022,10,14,Friday,33.743476,-84.377528,(C) Possible Injury / Complaint,0.0,0.0,0.0,Atlanta,FULTON,I-20,None and I-20,Rear End,On Roadway - Non-Intersection,Dark-Lighted,Clear,Dry,Atlanta Police Department,"[""Unknown"",""Unknown"",""Unknown"",""Unknown"",""Unknown"",""Unknown"",""Unknown""]","[""Motor Vehicle in Motion"",""Motor Vehicle in Motion"",""Motor Vehicle in Motion"",""Motor Vehicle in Motion"",""Motor Vehicle in Motion"",""Motor Vehicle in Motion"",""Motor Vehicle in Motion""]","[""Motor Vehicle in Motion"",""Motor Vehicle in Motion"",""Motor Vehicle in Motion"",""Motor Vehicle in Motion"",""Motor Vehicle in Motion""]","[""Changed Lanes Improperly"",""Following Too Close"",""Following Too Close""]",77,113.97760796476057
2022-10-15,19:30:00,19,2022,10,15,Saturday,33.797429,-84.39349,(O) No Injury,0.0,0.0,0.0,Atlanta,FULTON,I-85,None and I-85,Rear End,On Roadway - Non-Intersection,Dark-Lighted,Clear,Dry,Atlanta Police Department,"[""Unknown"",""Unknown"",""Unknown"",""Unknown""]","[""Motor Vehicle in Motion"",""Motor Vehicle in Motion""]","[""Motor Vehicle in Motion"",""Motor Vehicle in Motion""]",Following Too Close,R365,59.60630099622474
2022-10-15,03:40:00,3,2022,10,15,Saturday,33.763245,-84.493214,(O) No Injury,0.0,0.0,0.0,Atlanta,FULTON,Exit 10A Rp,None and Exit 10A Rp,Angle Crash,On Roadway - Non-Intersection,Dark-Not Lighted,Clear,Dry,Atlanta Police Department,"[""Unknown"",""Unknown""]","[""Motor Vehicle in Motion"",""Motor Vehicle in Motion"",""Motor Vehicle in Motion""]","[""Motor Vehicle in Motion"",""Motor Vehicle in Motion"",""Motor Vehicle in Motion""]",Improper Passing,R376,154.1098340895883
2022-10-16,00:05:00,0,2022,10,16,Sunday,33.743931,-84.37922,(O) No Injury,0.0,0.0,0.0,Atlanta,FULTON,Hill St Se Exit 58B Rp,None and Hill St Se Exit 58B Rp,Rear End,Entrance/Exit Ramp,Dark-Lighted,Clear,Dry,Atlanta Police Department,"[""Lap and Shoulder Belt Used"",""Lap and Shoulder Belt Used"",""Lap and Shoulder Belt Used""]","[""Motor Vehicle in Motion"",""Motor Vehicle in Motion""]","[""Motor Vehicle in Motion"",""Motor Vehicle in Motion""]",Improper Backing,77,100.57861159287464
2022-10-16,17:30:00,17,2022,10,16,Sunday,33.794408,-84.393594,(O) No Injury,0.0,0.0,0.0,Atlanta,FULTON,I-75,None and I-75,Rear End,On Roadway - Non-Intersection,Daylight,Clear,Dry,Atlanta Police Department,"[""Lap and Shoulder Belt Used"",""Lap and Shoulder Belt Used""]","[""Motor Vehicle in Motion"",""Motor Vehicle in Motion""]","[""Motor Vehicle in Motion"",""Motor Vehicle in Motion""]",Following Too Close,R378,163.46613904866686
2022-10-16,00:00:00,0,2022,10,16,Sunday,33.742734,-84.403279,(O) No Injury,0.0,0.0,0.0,Atlanta,FULTON,I-20,I-20 and Exit 56B,Rear End,On Roadway - Roadway Intersection,Dark-Lighted,Clear,Dry,Atlanta Police Department,"[""Unknown"",""Unknown"",""Unknown"",""Unknown""]","[""Motor Vehicle in Motion"",""Motor Vehicle in Motion""]","[""Motor Vehicle in Motion"",""Motor Vehicle in Motion""]",,315,69.44705707227295
2022-10-17,15:00:00,15,2022,10,17,Monday,33.798819,-84.392644,(O) No Injury,0.0,0.0,0.0,Atlanta,FULTON,I-85 South,I-85 South and Peachtree St,Sideswipe-Same Direction,On Roadway - Non-Intersection,Daylight,Clear,Dry,Gsp Post 00,"[""Lap and Shoulder Belt Used"",""Lap and Shoulder Belt Used""]","[""Motor Vehicle in Motion"",""Motor Vehicle in Motion""]","[""Motor Vehicle in Motion"",""Motor Vehicle in Motion""]","[""Following Too Close"",""Changed Lanes Improperly""]",R365,191.007615310098
2022-10-17,16:14:00,16,2022,10,17,Monday,33.794625,-84.39125,(O) No Injury,0.0,0.0,0.0,Atlanta,FULTON,I-75 I-85 North,University Ave and I-75 I-85 North,Sideswipe-Same Direction,On Roadway - Non-Intersection,Daylight,Clear,Dry,Gsp Post 00,"[""Lap and Shoulder Belt Used"",""Lap and Shoulder Belt Used"",""Lap and Shoulder Belt Used""]","[""Motor Vehicle in Motion"",""Motor Vehicle in Motion""]","[""Motor Vehicle in Motion"",""Motor Vehicle in Motion""]",Changed Lanes Improperly,R378,83.35025637320088
2022-10-17,12:38:00,12,2022,10,17,Monday,33.763205,-84.490653,(O) No Injury,0.0,0.0,0.0,Atlanta,FULTON,I-20 Eb,I-285 and I-20 Eb,Sideswipe-Same Direction,On Roadway - Non-Intersection,Daylight,Clear,Dry,Gsp Post 00,"[""Unknown"",""Lap and Shoulder Belt Used""]","[""Motor Vehicle in Motion"",""Motor Vehicle in Motion""]","[""Motor Vehicle in Motion"",""Motor Vehicle in Motion""]",,R376,97.11686097059058
2022-10-17,08:08:00,8,2022,10,17,Monday,33.743321,-84.402067,(O) No Injury,0.0,0.0,0.0,Atlanta,FULTON,I-20 Eb,I-20 Eb and Mcdaniel St Overpass,Sideswipe-Same Direction,On Roadway - Non-Intersection,Daylight,Clear,Dry,Gsp Post 00,"[""Lap and Shoulder Belt Used"",""Unknown""]","[""Motor Vehicle in Motion"",""Motor Vehicle in Motion""]","[""Motor Vehicle in Motion"",""Motor Vehicle in Motion""]",Changed Lanes Improperly,315,64.55760721583876
2022-10-17,16:20:00,16,2022,10,17,Monday,33.760052,-84.379188,(O) No Injury,0.0,0.0,0.0,Atlanta,FULTON,I-75 N,I-75 N and Freedom Parkway,Sideswipe-Same Direction,On Roadway - Non-Intersection,Daylight,Clear,Dry,Gsp Post 00,"[""Lap and Shoulder Belt Used"",""Lap and Shoulder Belt Used""]","[""Motor Vehicle in Motion"",""Motor Vehicle in Motion""]","[""Motor Vehicle in Motion"",""Motor Vehicle in Motion""]",Changed Lanes Improperly,9,162.6351163211565
2022-10-17,07:58:00,7,2022,10,17,Monday,33.743479,-84.401768,(C) Possible Injury / Complaint,0.0,0.0,0.0,Atlanta,FULTON,I-20 Eb,I-20 Eb and Mcdaniel St Overpass,Rear End,On Roadway - Non-Intersection,Daylight,Clear,Dry,Gsp Post 00,"[""Lap and Shoulder Belt Used"",""Lap and Shoulder Belt Used"",""Lap and Shoulder Belt Used"",""Lap and Shoulder Belt Used""]","[""Motor Vehicle in Motion"",""Motor Vehicle in Motion""]","[""Motor Vehicle in Motion"",""Motor Vehicle in Motion""]",Following Too Close,315,96.8238773537148
2022-10-17,14:00:00,14,2022,10,17,Monday,33.793119,-84.392556,(O) No Injury,0.0,0.0,0.0,Atlanta,FULTON,I-85Sb,I-85Sb and Peachtree Rd,Rear End,On Roadway - Non-Intersection,Daylight,Clear,Dry,Gsp Post 00,"[""Lap and Shoulder Belt Used"",""Lap and Shoulder Belt Used"",""Lap and Shoulder Belt Used"",""Lap and Shoulder Belt Used"",""Child Restraint System (Properly Used)"",""Lap and Shoulder Belt Used"",""Lap and Shoulder Belt Used""]","[""Motor Vehicle in Motion"",""Motor Vehicle in Motion"",""Parked Motor Vehicle"",""Motor Vehicle in Motion""]","[""Motor Vehicle in Motion"",""Motor Vehicle in Motion"",""Parked Motor Vehicle"",""Motor Vehicle in Motion""]",Reaction to Object or Animal,R378,219.2775807718914
2022-10-18,09:10:00,9,2022,10,18,Tuesday,33.798748,-84.396308,(O) No Injury,0.0,0.0,0.0,Atlanta,FULTON,I-75 S,I-75 S and Northside Drive,Sideswipe-Same Direction,On Roadway - Non-Intersection,Daylight,Clear,Dry,Gsp Post 00,"[""Lap and Shoulder Belt Used"",""Lap and Shoulder Belt Used""]","[""Motor Vehicle in Motion"",""Motor Vehicle in Motion""]","[""Motor Vehicle in Motion"",""Motor Vehicle in Motion""]",Changed Lanes Improperly,R365,240.95139566896725
2022-10-19,19:00:00,19,2022,10,19,Wednesday,33.806715,-84.378558,(O) No Injury,0.0,0.0,0.0,Atlanta,FULTON,Ga-13,None and Ga-13,Rear End,On Roadway - Non-Intersection,Daylight,Clear,Dry,Atlanta Police Department,"[""Unknown"",""Unknown""]","[""Motor Vehicle in Motion"",""Motor Vehicle in Motion""]","[""Motor Vehicle in Motion"",""Motor Vehicle in Motion""]",Following Too Close,322,117.1209206272788
2022-10-19,16:13:00,16,2022,10,19,Wednesday,33.743609,-84.40391,(O) No Injury,0.0,0.0,0.0,Atlanta,FULTON,Whitehall St Sw,Mcdaniel St Sw and Whitehall St Sw,Rear End,On Roadway - Roadway Intersection,Daylight,Clear,Dry,Atlanta Police Department,"[""Unknown"",""Unknown""]","[""Motor Vehicle in Motion"",""Motor Vehicle in Motion""]","[""Motor Vehicle in Motion"",""Motor Vehicle in Motion""]",Following Too Close,315,147.21780117656812
2022-10-19,19:51:00,19,2022,10,19,Wednesday,33.758093,-84.379271,(O) No Injury,0.0,0.0,0.0,Atlanta,FULTON,Ellis Street Entrance Ramp To,None and Ellis Street Entrance Ramp To,Not a Collision with Motor Vehicle,On Shoulder,Dark-Lighted,Clear,Dry,Gsp Post 00,"[""None Used"",""Unknown""]",Guard Rail Face,Guard Rail Fence,"[""Driver Lost Control"",""Too Fast for Conditions"",""Reckless Driving"",""Disregard Police - Evasion""]",9,105.21432235718449
2022-10-19,12:30:00,12,2022,10,19,Wednesday,33.675469,-84.397523,(O) No Injury,0.0,0.0,0.0,Atlanta,FULTON,I-75,None and I-75,Sideswipe-Same Direction,"On Roadway - Managed Lane (HOV, HOT, Reversible)",Daylight,Clear,Dry,Atlanta Police Department,"[""Unknown"",""Unknown""]","[""Motor Vehicle in Motion"",""Motor Vehicle in Motion""]",Motor Vehicle in Motion,Changed Lanes Improperly,309,96.1028722519207
2022-10-20,12:00:00,12,2022,10,20,Thursday,33.864968,-84.380779,(O) No Injury,0.0,0.0,0.0,Atlanta,FULTON,Roswell Rd Ne,Roswell Rd Ne and Lakemoore Dr Ne,Not a Collision with Motor Vehicle,Off Roadway - Sidewalk,Dark-Lighted,Clear,Dry,Atlanta Police Department,Unknown,Other Non-Collision,Over Turn,Other Activity - Mobile Device (Distracted),271,35.73749896265927
2022-10-20,15:50:00,15,2022,10,20,Thursday,33.686697,-84.401706,(B) Suspected Minor/Visible Injury,0.0,0.0,1.0,Atlanta,FULTON,85S,85S and Metropolitan Parkway,Not a Collision with Motor Vehicle,Off Roadway,Daylight,Clear,Dry,Gsp Post 00,Lap and Shoulder Belt Used,Guard Rail Face,Median Barrier,Driver Lost Control,R357,73.30680768265346
2022-10-21,07:00:00,7,2022,10,21,Friday,33.79731,-84.395494,(O) No Injury,0.0,0.0,0.0,Atlanta,FULTON,I-75 Southbound,Deering Road and I-75 Southbound,Rear End,On Roadway - Non-Intersection,Dawn,Clear,Dry,Gsp Post 00,"[""Lap and Shoulder Belt Used"",""Lap and Shoulder Belt Used"",""Lap and Shoulder Belt Used""]","[""Motor Vehicle in Motion"",""Motor Vehicle in Motion""]","[""Motor Vehicle in Motion"",""Motor Vehicle in Motion""]",Following Too Close,R365,133.07870762348142
2022-10-21,17:10:00,17,2022,10,21,Friday,33.7583,-84.378473,(O) No Injury,0.0,0.0,0.0,Atlanta,FULTON,I-7585 North,I-7585 North and Freedom Parkway,Sideswipe-Same Direction,On Roadway - Non-Intersection,Daylight,Clear,Dry,Gsp Post 00,"[""Lap and Shoulder Belt Used"",""Lap and Shoulder Belt Used"",""Lap and Shoulder Belt Used"",""Lap and Shoulder Belt Used"",""Lap and Shoulder Belt Used"",""Lap and Shoulder Belt Used"",""Lap and Shoulder Belt Used""]","[""Motor Vehicle in Motion"",""Motor Vehicle in Motion""]","[""Motor Vehicle in Motion"",""Motor Vehicle in Motion""]",,9,47.876482416884414
2022-10-21,20:39:00,20,2022,10,21,Friday,33.760269,-84.380146,(C) Possible Injury / Complaint,0.0,0.0,0.0,Atlanta,FULTON,I-75,None and I-75,Rear End,On Roadway - Non-Intersection,Dark-Lighted,Clear,Dry,Atlanta Police Department,"[""Unknown"",""Unknown"",""Unknown"",""Unknown"",""Unknown"",""Unknown"",""Unknown"",""Unknown""]","[""Motor Vehicle in Motion"",""Motor Vehicle in Motion"",""Motor Vehicle in Motion""]","[""Motor Vehicle in Motion"",""Motor Vehicle in Motion"",""Motor Vehicle in Motion""]","[""Following Too Close"",""Following Too Close""]",9,233.34287759963848
2022-10-21,08:00:00,8,2022,10,21,Friday,33.76259,-84.493671,(O) No Injury,0.0,0.0,0.0,Atlanta,FULTON,I-285 Exit 51A Rp,None and I-285 Exit 51A Rp,Sideswipe-Same Direction,Entrance/Exit Ramp,Daylight,Clear,Dry,Atlanta Police Department,"[""Unknown"",""Lap and Shoulder Belt Used""]","[""Motor Vehicle in Motion"",""Motor Vehicle in Motion""]","[""Motor Vehicle in Motion"",""Motor Vehicle in Motion""]","[""Under the Influence (U.I.)"",""Changed Lanes Improperly"",""Aggressive Driving""]",R376,221.1188422989302
2022-10-21,14:15:00,14,2022,10,21,Friday,33.764504,-84.492749,(O) No Injury,0.0,0.0,0.0,Atlanta,FULTON,I-285 Sb,I-285 Sb and Exit To I-20 Eb,Rear End,On Roadway - Non-Intersection,Daylight,Clear,Dry,Gsp Post 00,"[""Lap and Shoulder Belt Used"",""Lap and Shoulder Belt Used""]","[""Motor Vehicle in Motion"",""Motor Vehicle in Motion""]","[""Motor Vehicle in Motion"",""Motor Vehicle in Motion""]",Following Too Close,R376,147.80220505143927
2022-10-22,01:00:00,1,2022,10,22,Saturday,33.798451,-84.392604,(C) Possible Injury / Complaint,0.0,0.0,0.0,Atlanta,FULTON,I-85,I-85 and Exit 84,Sideswipe-Same Direction,On Roadway - Collector Distributor (CD),Dark-Lighted,Clear,Dry,Atlanta Police Department,"[""Lap and Shoulder Belt Used"",""Lap and Shoulder Belt Used""]","[""Motor Vehicle in Motion"",""Motor Vehicle in Motion""]","[""Motor Vehicle in Motion"",""Motor Vehicle in Motion""]","[""Changed Lanes Improperly"",""Changed Lanes Improperly""]",R365,167.68819806462287
2022-10-22,20:08:00,20,2022,10,22,Saturday,33.743567,-84.404001,(O) No Injury,0.0,0.0,0.0,Atlanta,FULTON,Mcdaniel Strret,Mcdaniel Strret and Whitehall Street,Rear End,On Roadway - Non-Intersection,Dark-Lighted,Clear,Dry,Gsp Post 00,"[""None Used"",""Lap and Shoulder Belt Used""]","[""Motor Vehicle in Motion"",""Motor Vehicle in Motion""]","[""Motor Vehicle in Motion"",""Motor Vehicle in Motion""]",Under the Influence (U.I.),315,152.16466145520388
2022-10-22,10:42:00,10,2022,10,22,Saturday,33.806547,-84.380712,(O) No Injury,0.0,0.0,0.0,Atlanta,FULTON,I-85,None and I-85,Sideswipe-Same Direction,On Roadway - Non-Intersection,Daylight,Cloudy,Dry,Atlanta Police Department,"[""Unknown"",""Unknown""]","[""Motor Vehicle in Motion"",""Motor Vehicle in Motion""]","[""Motor Vehicle in Motion"",""Motor Vehicle in Motion""]",Changed Lanes Improperly,322,108.32956175316716
2022-10-22,16:10:00,16,2022,10,22,Saturday,33.743466,-84.377197,(O) No Injury,0.0,0.0,0.0,Atlanta,FULTON,I-20,None and I-20,Sideswipe-Same Direction,On Roadway - Non-Intersection,Daylight,Clear,Dry,Atlanta Police Department,"[""Lap and Shoulder Belt Used"",""Lap and Shoulder Belt Used""]","[""Motor Vehicle in Motion"",""Motor Vehicle in Motion""]","[""Motor Vehicle in Motion"",""Motor Vehicle in Motion""]",Changed Lanes Improperly,77,143.03824206918313
2022-10-23,06:40:00,6,2022,10,23,Sunday,33.806847,-84.378583,(O) No Injury,0.0,0.0,0.0,Atlanta,FULTON,Buford Hwy,I-85 N and Buford Hwy,Rear End,On Roadway - Non-Intersection,Daylight,Clear,Dry,Atlanta Police Department,Lap and Shoulder Belt Used,"[""Motor Vehicle in Motion"",""Motor Vehicle in Motion""]","[""Motor Vehicle in Motion"",""Motor Vehicle in Motion""]",Aggressive Driving,322,110.50495693491526
2022-10-23,21:05:00,21,2022,10,23,Sunday,33.743956,-84.380414,(O) No Injury,0.0,0.0,0.0,Atlanta,FULTON,Clarke Street,Kelly Street and Clarke Street,Not a Collision with Motor Vehicle,On Roadway - Roadway Intersection,Dark-Not Lighted,Cloudy,Dry,Gsp Post 00,Lap and Shoulder Belt Used,"[""Parked Motor Vehicle"",""Motor Vehicle in Motion""]","[""Parked Motor Vehicle"",""Motor Vehicle in Motion""]","[""Disregard Police - Evasion"",""Reckless Driving""]",77,183.666629470397
2022-10-24,17:20:00,17,2022,10,24,Monday,33.794116,-84.393063,(O) No Injury,0.0,0.0,0.0,Atlanta,FULTON,I-85S,I-85S and 17Th St,Rear End,On Roadway - Non-Intersection,Daylight,Clear,Dry,Gsp Post 00,"[""Lap and Shoulder Belt Used"",""Lap and Shoulder Belt Used""]","[""Motor Vehicle in Motion"",""Motor Vehicle in Motion""]","[""Motor Vehicle in Motion"",""Motor Vehicle in Motion""]",Following Too Close,R378,142.1528080801211
2022-10-24,20:17:00,20,2022,10,24,Monday,33.759564,-84.378664,(O) No Injury,0.0,0.0,0.0,Atlanta,FULTON,Fort St Ne,Fort St Ne and John Lewis Freedom Pkwy Ne,Rear End,On Roadway - Non-Intersection,Dark-Lighted,Clear,Dry,Atlanta Police Department,"[""Lap and Shoulder Belt Used"",""Lap and Shoulder Belt Used""]","[""Motor Vehicle in Motion"",""Motor Vehicle in Motion""]","[""Motor Vehicle in Motion"",""Motor Vehicle in Motion""]",Following Too Close,9,95.0429868844327
2022-10-24,10:30:00,10,2022,10,24,Monday,33.797484,-84.395599,(O) No Injury,0.0,0.0,0.0,Atlanta,FULTON,I-75 S,I-75 S and Deering Road,Sideswipe-Same Direction,On Roadway - Non-Intersection,Daylight,Clear,Dry,Gsp Post 00,"[""Lap and Shoulder Belt Used"",""Lap and Shoulder Belt Used""]","[""Motor Vehicle in Motion"",""Motor Vehicle in Motion""]","[""Motor Vehicle in Motion"",""Motor Vehicle in Motion""]",Changed Lanes Improperly,R365,139.45171369708348
2022-10-24,09:36:00,9,2022,10,24,Monday,33.710962,-84.4019,(O) No Injury,0.0,0.0,0.0,Atlanta,FULTON,I-7585Sb,Ga-166 and I-7585Sb,Rear End,On Roadway - Non-Intersection,Daylight,Clear,Dry,Gsp Post 00,"[""Lap and Shoulder Belt Used"",""Lap and Shoulder Belt Used""]","[""Motor Vehicle in Motion"",""Motor Vehicle in Motion""]","[""Motor Vehicle in Motion"",""Motor Vehicle in Motion""]",Following Too Close,310,241.2211717237393
2022-10-24,15:45:00,15,2022,10,24,Monday,33.793266,-84.392042,(O) No Injury,0.0,0.0,0.0,Atlanta,FULTON,I-85N,I-85N and 17Th St,Rear End,On Roadway - Non-Intersection,Daylight,Clear,Dry,Gsp Post 00,"[""Lap and Shoulder Belt Used"",""Lap and Shoulder Belt Used""]","[""Motor Vehicle in Motion"",""Motor Vehicle in Motion""]","[""Motor Vehicle in Motion"",""Motor Vehicle in Motion""]","[""Too Fast for Conditions"",""Inattentive or Other Distraction (Distracted)""]",R378,196.87089973516692
2022-10-25,22:10:00,22,2022,10,25,Tuesday,33.797448,-84.395578,(O) No Injury,0.0,0.0,0.0,Atlanta,FULTON,I-75,None and I-75,Rear End,On Roadway - Non-Intersection,Dark-Lighted,Rain,Wet,Atlanta Police Department,"[""Lap and Shoulder Belt Used"",""Lap and Shoulder Belt Used"",""Lap and Shoulder Belt Used""]","[""Motor Vehicle in Motion"",""Motor Vehicle in Motion"",""Motor Vehicle in Motion""]","[""Motor Vehicle in Motion"",""Motor Vehicle in Motion"",""Motor Vehicle in Motion""]",Following Too Close,R365,137.94605933851778
2022-10-25,06:57:00,6,2022,10,25,Tuesday,33.798176,-84.395975,(C) Possible Injury / Complaint,0.0,0.0,0.0,Atlanta,FULTON,I-75 Sb,I-75 Sb and Deering Road,Rear End,On Roadway - Non-Intersection,Dark-Lighted,Clear,Dry,Gsp Post 00,"[""Lap and Shoulder Belt Used"",""Lap and Shoulder Belt Used"",""Lap and Shoulder Belt Used""]","[""Motor Vehicle in Motion"",""Motor Vehicle in Motion"",""Motor Vehicle in Motion""]","[""Motor Vehicle in Motion"",""Motor Vehicle in Motion"",""Motor Vehicle in Motion""]",Following Too Close,R365,185.0706302304304
2022-10-25,17:22:00,17,2022,10,25,Tuesday,33.807786,-84.379079,(O) No Injury,0.0,0.0,0.0,Atlanta,FULTON,Interstate 85 North,Georiga 13 and Interstate 85 North,Sideswipe-Same Direction,On Roadway - Non-Intersection,Daylight,Clear,Dry,Gsp Post 00,"[""Lap and Shoulder Belt Used"",""Lap and Shoulder Belt Used""]","[""Motor Vehicle in Motion"",""Motor Vehicle in Motion""]","[""Motor Vehicle in Motion"",""Motor Vehicle in Motion""]",Changed Lanes Improperly,322,98.54946122925703
2022-10-25,22:10:00,22,2022,10,25,Tuesday,33.797319,-84.395499,(O) No Injury,0.0,0.0,0.0,Atlanta,FULTON,I-75,I-75 and Deering Rd Nw,Angle Crash,On Roadway - Non-Intersection,Dark-Lighted,Rain,Wet,Atlanta Police Department,"[""Lap and Shoulder Belt Used"",""Lap and Shoulder Belt Used""]","[""Motor Vehicle in Motion"",""Motor Vehicle in Motion""]","[""Motor Vehicle in Motion"",""Motor Vehicle in Motion""]",Changed Lanes Improperly,R365,133.29106144389206
2022-10-26,16:45:00,16,2022,10,26,Wednesday,33.762363,-84.492646,(O) No Injury,0.0,0.0,0.0,Atlanta,FULTON,I-285,I-285 and Exit 9,Sideswipe-Same Direction,On Roadway - Non-Intersection,Daylight,Clear,Dry,Atlanta Police Department,"[""Unknown"",""Lap Belt Only Used""]","[""Motor Vehicle in Motion"",""Motor Vehicle in Motion""]","[""Motor Vehicle in Motion"",""Motor Vehicle in Motion""]",Changed Lanes Improperly,R376,166.21141556330994
2022-10-26,14:30:00,14,2022,10,26,Wednesday,33.795996,-84.39387,(O) No Injury,0.0,0.0,0.0,Atlanta,FULTON,Exit 84 Rp,None and Exit 84 Rp,Rear End,On Roadway - Non-Intersection,Daylight,Clear,Dry,Atlanta Police Department,"[""Lap and Shoulder Belt Used"",""Lap and Shoulder Belt Used"",""Lap and Shoulder Belt Used""]","[""Motor Vehicle in Motion"",""Motor Vehicle in Motion"",""Motor Vehicle in Motion""]","[""Motor Vehicle in Motion"",""Motor Vehicle in Motion"",""Motor Vehicle in Motion""]",Following Too Close,R356,68.2751780176331
2022-10-26,09:10:00,9,2022,10,26,Wednesday,33.806421,-84.380863,(O) No Injury,0.0,0.0,0.0,Atlanta,FULTON,I-85,None and I-85,Sideswipe-Same Direction,On Roadway - Non-Intersection,Daylight,Cloudy,Dry,Atlanta Police Department,"[""Unknown"",""Unknown""]","[""Motor Vehicle in Motion"",""Motor Vehicle in Motion""]","[""Motor Vehicle in Motion"",""Motor Vehicle in Motion""]",Changed Lanes Improperly,322,127.78616974554708
2022-10-26,18:47:00,18,2022,10,26,Wednesday,33.685594,-84.403236,(B) Suspected Minor/Visible Injury,0.0,0.0,1.0,Atlanta,FULTON,I-85,None and I-85,Rear End,On Roadway - Non-Intersection,Dark-Lighted,Clear,Dry,Atlanta Police Department,"[""Lap and Shoulder Belt Used"",""Lap and Shoulder Belt Used""]","[""Motor Vehicle in Motion"",""Motor Vehicle in Motion""]","[""Motor Vehicle in Motion"",""Motor Vehicle in Motion""]",Following Too Close,R357,225.85337276998013
2022-10-26,05:00:00,5,2022,10,26,Wednesday,33.742963,-84.402801,(O) No Injury,0.0,0.0,0.0,Atlanta,FULTON,I-20,I-20 and Exit 56B,Sideswipe-Same Direction,"On Roadway - Managed Lane (HOV, HOT, Reversible)",Dark-Lighted,Clear,Dry,Atlanta Police Department,"[""Unknown"",""Unknown""]","[""Motor Vehicle in Motion"",""Motor Vehicle in Motion""]","[""Motor Vehicle in Motion"",""Motor Vehicle in Motion""]",,315,23.09961947894908
2022-10-26,07:40:00,7,2022,10,26,Wednesday,33.793409,-84.392701,(O) No Injury,0.0,0.0,0.0,Atlanta,FULTON,I-85,I-85 and Armour Dr,Rear End,On Roadway - Non-Intersection,Daylight,Clear,Dry,Atlanta Police Department,"[""Lap and Shoulder Belt Used"",""Lap and Shoulder Belt Used""]","[""Motor Vehicle in Motion"",""Motor Vehicle in Motion""]","[""Motor Vehicle in Motion"",""Motor Vehicle in Motion""]",Following Too Close,R378,192.26454387134683
2022-10-26,13:10:00,13,2022,10,26,Wednesday,33.795751,-84.393655,(O) No Injury,0.0,0.0,0.0,Atlanta,FULTON,I-85,I-85 and I-75 N,Rear End,On Roadway - Non-Intersection,Daylight,Clear,Dry,Atlanta Police Department,"[""Unknown"",""Unknown""]","[""Motor Vehicle in Motion"",""Motor Vehicle in Motion""]","[""Motor Vehicle in Motion"",""Motor Vehicle in Motion""]",Following Too Close,R356,101.93462690325276
2022-10-27,16:40:00,16,2022,10,27,Thursday,33.742834,-84.403587,(O) No Injury,0.0,0.0,0.0,Atlanta,FULTON,I-20 East,I-20 East and Mcdaniel Street,Rear End,On Roadway - Non-Intersection,Daylight,Clear,Dry,Gsp Post 00,"[""Lap and Shoulder Belt Used"",""None Used"",""Lap and Shoulder Belt Used"",""Lap and Shoulder Belt Used""]","[""Motor Vehicle in Motion"",""Motor Vehicle in Motion"",""Motor Vehicle in Motion""]","[""Motor Vehicle in Motion"",""Motor Vehicle in Motion"",""Motor Vehicle in Motion""]",Following Too Close,315,95.5666774315422
2022-10-27,18:33:00,18,2022,10,27,Thursday,33.708515,-84.402832,(O) No Injury,0.0,0.0,0.0,Atlanta,FULTON,I-7585 Conn S,Langford Pkwy and I-7585 Conn S,Rear End,On Roadway - Non-Intersection,Daylight,Clear,Dry,Gsp Post 00,"[""Unknown"",""Lap and Shoulder Belt Used"",""Lap and Shoulder Belt Used""]","[""Motor Vehicle in Motion"",""Motor Vehicle in Motion""]","[""Motor Vehicle in Motion"",""Motor Vehicle in Motion""]",,310,61.539373357893794