Date,Time,Hour,Year,Month,Day,DayOfWeek,Crash Latitude,Crash Longitude,KABCO Severity,# of Fatalities per Crash,# Serious Injuries,# Visible Injuries,Geolocated City,Geolocated County,Roadway (From Crash Report),Intersection Name (from Crash Report),Manner of Collision (Crash Level),Location at Impact (Crash Level),Light Conditions (Crash Level),Weather Conditions (Crash Level),Surface Condition (Crash Level),Agency Name (Crash Level),Safety Equipment (Crash Level),First Harmful Event (Unit Order),Most Harmful Event (Crash Level),"Operator/Pedestrian Contrib Factor (excl None, Other, No Contrib Factors)",join_id,Crash_to_TMAS_m
2022-11-08,12:45:00,12,2022,11,8,Tuesday,33.796832,-84.393639,(C) Possible Injury / Complaint,0.0,0.0,0.0,Atlanta,FULTON,I-85 S,I-85 S and Peachtree St,Rear End,On Roadway - Non-Intersection,Daylight,Clear,Dry,Gsp Post 00,"[""Lap and Shoulder Belt Used"",""Lap and Shoulder Belt Used"",""Lap and Shoulder Belt Used"",""Unknown""]","[""Motor Vehicle in Motion"",""Motor Vehicle in Motion"",""Motor Vehicle in Motion""]","[""Motor Vehicle in Motion"",""Motor Vehicle in Motion"",""Motor Vehicle in Motion""]",Following Too Close,R356,76.35425447642004
2022-11-08,09:03:00,9,2022,11,8,Tuesday,33.743499,-84.379584,(O) No Injury,0.0,0.0,0.0,Atlanta,FULTON,I-20,I-20 and Hill St Se,Rear End,On Roadway - Non-Intersection,Daylight,Clear,Dry,Atlanta Police Department,"[""Lap and Shoulder Belt Used"",""Unknown""]","[""Motor Vehicle in Motion"",""Motor Vehicle in Motion""]","[""Motor Vehicle in Motion"",""Motor Vehicle in Motion""]",Following Too Close,77,91.94297054000847
2022-11-08,18:25:00,18,2022,11,8,Tuesday,33.764504,-84.492749,(O) No Injury,0.0,0.0,0.0,Atlanta,FULTON,I-285 North,I-285 North and Hollowell Parkway,Rear End,On Roadway - Non-Intersection,Dark-Not Lighted,Clear,Dry,Gsp Post 00,"[""Lap and Shoulder Belt Used"",""Lap and Shoulder Belt Used""]","[""Motor Vehicle in Motion"",""Motor Vehicle in Motion""]","[""Motor Vehicle in Motion"",""Motor Vehicle in Motion""]",Following Too Close,R376,147.80220505143927
2022-11-08,17:10:00,17,2022,11,8,Tuesday,33.743499,-84.378805,(O) No Injury,0.0,0.0,0.0,Atlanta,FULTON,I-20 West,Hill St and I-20 West,Rear End,On Roadway - Non-Intersection,Daylight,Clear,Dry,Gsp Post 00,"[""Unknown"",""Lap and Shoulder Belt Used""]","[""Motor Vehicle in Motion"",""Motor Vehicle in Motion""]","[""Motor Vehicle in Motion"",""Motor Vehicle in Motion""]",Following Too Close,77,41.23414092435353
2022-11-09,06:57:00,6,2022,11,9,Wednesday,33.743503,-84.379027,(C) Possible Injury / Complaint,0.0,0.0,0.0,Atlanta,FULTON,I-20,None and I-20,Sideswipe-Same Direction,On Roadway - Non-Intersection,Daylight,Clear,Dry,Atlanta Police Department,"[""Unknown"",""Unknown"",""Unknown"",""Unknown""]","[""Motor Vehicle in Motion"",""Motor Vehicle in Motion"",""Motor Vehicle in Motion""]","[""Motor Vehicle in Motion"",""Motor Vehicle in Motion"",""Motor Vehicle in Motion""]",,77,50.9700345412382
2022-11-09,10:50:00,10,2022,11,9,Wednesday,33.785964,-84.40682,(O) No Injury,0.0,0.0,0.0,Atlanta,FULTON,Hemphill Ave Nw,14Th St Nw and Hemphill Ave Nw,Angle Crash,On Roadway - Driveway Intersection,Daylight,Clear,Dry,Atlanta Police Department,"[""Lap and Shoulder Belt Used"",""Lap and Shoulder Belt Used""]","[""Motor Vehicle in Motion"",""Motor Vehicle in Motion""]","[""Motor Vehicle in Motion"",""Motor Vehicle in Motion""]",Failure to Yield,86,222.96343396592044
2022-11-09,16:33:00,16,2022,11,9,Wednesday,33.763081,-84.48911,(O) No Injury,0.0,0.0,0.0,Atlanta,FULTON,Exit 51B Rp,None and Exit 51B Rp,Rear End,On Roadway - Non-Intersection,Daylight,Clear,Dry,Atlanta Police Department,"[""Lap and Shoulder Belt Used"",""Lap and Shoulder Belt Used"",""Lap and Shoulder Belt Used""]","[""Motor Vehicle in Motion"",""Motor Vehicle in Motion""]","[""Motor Vehicle in Motion"",""Motor Vehicle in Motion""]",Too Fast for Conditions,R376,237.28445616082848
2022-11-10,16:45:00,16,2022,11,10,Thursday,33.798719,-84.39629,(O) No Injury,0.0,0.0,0.0,Atlanta,FULTON,I-75 South,I-75 South and Northside Ave,Rear End,On Roadway - Non-Intersection,Daylight,Cloudy,Wet,Gsp Post 00,"[""Unknown"",""Lap and Shoulder Belt Used""]","[""Motor Vehicle in Motion"",""Motor Vehicle in Motion""]","[""Motor Vehicle in Motion"",""Motor Vehicle in Motion""]",Following Too Close,R365,237.84230137160955
2022-11-10,19:17:00,19,2022,11,10,Thursday,33.807279,-84.379778,(O) No Injury,0.0,0.0,0.0,Atlanta,FULTON,I-85 South,Ga-400 and I-85 South,Rear End,On Roadway - Non-Intersection,Daylight,Cloudy,Wet,Gsp Post 00,"[""Lap and Shoulder Belt Used"",""Lap and Shoulder Belt Used"",""Lap and Shoulder Belt Used"",""Lap and Shoulder Belt Used"",""Lap and Shoulder Belt Used""]","[""Motor Vehicle in Motion"",""Motor Vehicle in Motion""]","[""Motor Vehicle in Motion"",""Motor Vehicle in Motion""]",Following Too Close,322,21.26381284422222
2022-11-10,18:45:00,18,2022,11,10,Thursday,33.79731,-84.395494,(O) No Injury,0.0,0.0,0.0,Atlanta,FULTON,I-75 S,I-75 S and Deering Rd,Sideswipe-Same Direction,On Roadway - Non-Intersection,Dark-Lighted,Rain,Wet,Gsp Post 00,"[""Unknown"",""Lap and Shoulder Belt Used"",""Lap and Shoulder Belt Used""]","[""Motor Vehicle in Motion"",""Motor Vehicle in Motion""]","[""Motor Vehicle in Motion"",""Motor Vehicle in Motion""]",Changed Lanes Improperly,R365,133.07870762348142
2022-11-10,18:24:00,18,2022,11,10,Thursday,33.874072,-84.446098,(O) No Injury,0.0,0.0,0.0,Atlanta,FULTON,I-75 Nb,I-75 Nb and Mount Paran Road,Rear End,On Roadway - Non-Intersection,Dark-Not Lighted,Rain,Wet,Gsp Post 00,"[""Lap and Shoulder Belt Used"",""Lap and Shoulder Belt Used"",""Lap and Shoulder Belt Used""]","[""Motor Vehicle in Motion"",""Motor Vehicle in Motion"",""Motor Vehicle in Motion""]","[""Motor Vehicle in Motion"",""Motor Vehicle in Motion"",""Motor Vehicle in Motion""]","[""Following Too Close"",""Too Fast for Conditions""]",308,25.59395188619949
2022-11-10,19:20:00,19,2022,11,10,Thursday,33.759615,-84.48079,(O) No Injury,0.0,0.0,0.0,Atlanta,FULTON,I-20 Wb,I-20 Wb and Hamilton E. Holmes Drive,Rear End,On Roadway - Non-Intersection,Daylight,Rain,Wet,Gsp Post 00,"[""Lap and Shoulder Belt Used"",""Lap and Shoulder Belt Used"",""Lap and Shoulder Belt Used"",""Lap and Shoulder Belt Used""]","[""Motor Vehicle in Motion"",""Motor Vehicle in Motion"",""Motor Vehicle in Motion"",""Motor Vehicle in Motion""]","[""Motor Vehicle in Motion"",""Motor Vehicle in Motion"",""Motor Vehicle in Motion"",""Motor Vehicle in Motion""]","[""Too Fast for Conditions"",""Following Too Close""]",313,192.2493002091293
2022-11-10,13:45:00,13,2022,11,10,Thursday,33.80694,-84.378435,(O) No Injury,0.0,0.0,0.0,Atlanta,FULTON,Ga-13 S,Ga-13 S and Armour Dr,Sideswipe-Same Direction,On Roadway - Non-Intersection,Daylight,Rain,Wet,Gsp Post 00,"[""Lap and Shoulder Belt Used"",""Lap and Shoulder Belt Used""]","[""Motor Vehicle in Motion"",""Motor Vehicle in Motion""]","[""Motor Vehicle in Motion"",""Motor Vehicle in Motion""]","[""Following Too Close"",""Changed Lanes Improperly""]",322,122.01389491372662
2022-11-10,18:50:00,18,2022,11,10,Thursday,33.79731,-84.395494,(O) No Injury,0.0,0.0,0.0,Atlanta,FULTON,I-85 N,I-85 N and Peachtree St,Rear End,On Roadway - Non-Intersection,Dark-Lighted,Rain,Wet,Gsp Post 00,"[""Lap and Shoulder Belt Used"",""Lap and Shoulder Belt Used""]","[""Motor Vehicle in Motion"",""Motor Vehicle in Motion""]","[""Motor Vehicle in Motion"",""Motor Vehicle in Motion""]",Following Too Close,R365,133.07870762348142
2022-11-10,14:49:00,14,2022,11,10,Thursday,33.756833,-84.378313,(C) Possible Injury / Complaint,0.0,0.0,0.0,Atlanta,FULTON,I-7585 Nb,I-7585 Nb and Edgewood Avenue,Rear End,On Roadway - Non-Intersection,Daylight,Cloudy,Wet,Gsp Post 00,"[""Lap and Shoulder Belt Used"",""Lap and Shoulder Belt Used""]","[""Motor Vehicle in Motion"",""Motor Vehicle in Motion""]","[""Motor Vehicle in Motion"",""Motor Vehicle in Motion""]",Following Too Close,9,210.7593853306714
2022-11-10,21:25:00,21,2022,11,10,Thursday,33.687906,-84.401123,(C) Possible Injury / Complaint,0.0,0.0,0.0,Atlanta,FULTON,I-85,None and I-85,Angle Crash,On Roadway - Non-Intersection,Dark-Lighted,Rain,Wet,Atlanta Police Department,"[""Unknown"",""Lap and Shoulder Belt Used"",""Lap and Shoulder Belt Used""]","[""Motor Vehicle in Motion"",""Motor Vehicle in Motion""]","[""Motor Vehicle in Motion"",""Motor Vehicle in Motion""]",Changed Lanes Improperly,R357,167.4823434915676
2022-11-11,14:17:00,14,2022,11,11,Friday,33.796453,-84.394391,(C) Possible Injury / Complaint,0.0,0.0,0.0,Atlanta,FULTON,I-85 N On Ramp From I-75 S,None and I-85 N On Ramp From I-75 S,Rear End,On Roadway - Non-Intersection,Daylight,Cloudy,Wet,Gsp Post 00,"[""Lap and Shoulder Belt Used"",""Lap and Shoulder Belt Used"",""Lap and Shoulder Belt Used"",""Lap and Shoulder Belt Used""]","[""Motor Vehicle in Motion"",""Motor Vehicle in Motion"",""Motor Vehicle in Motion""]","[""Motor Vehicle in Motion"",""Motor Vehicle in Motion"",""Motor Vehicle in Motion""]",Following Too Close,R356,5.086955665106223
2022-11-11,08:15:00,8,2022,11,11,Friday,33.685363,-84.398623,(O) No Injury,0.0,0.0,0.0,Atlanta,FULTON,I-7585 Northbound,Langford Parkway and I-7585 Northbound,Rear End,On Roadway - Non-Intersection,Daylight,Rain,Wet,Gsp Post 00,"[""Unknown"",""Lap and Shoulder Belt Used""]","[""Motor Vehicle in Motion"",""Motor Vehicle in Motion""]","[""Motor Vehicle in Motion"",""Motor Vehicle in Motion""]",Following Too Close,R357,248.6898042977562
2022-11-11,22:07:00,22,2022,11,11,Friday,33.797995,-84.393241,(O) No Injury,0.0,0.0,0.0,Atlanta,FULTON,I-85,None and I-85,Rear End,On Roadway - Non-Intersection,Dark-Lighted,Clear,Dry,Atlanta Police Department,"[""Unknown"",""None Used""]","[""Motor Vehicle in Motion"",""Motor Vehicle in Motion""]",Motor Vehicle in Motion,,R365,90.8426680261798
2022-11-11,00:45:00,0,2022,11,11,Friday,33.796848,-84.394446,(A) Suspected Serious Injury,0.0,1.0,0.0,Atlanta,FULTON,I-75 85 Nb Expy Nw,I-75 Nb Expy Nw and I-75 85 Nb Expy Nw,Not a Collision with Motor Vehicle,On Roadway - Non-Intersection,Dark-Lighted,Rain,Wet,Atlanta Police Department,"[""Lap and Shoulder Belt Used"",""Lap and Shoulder Belt Used""]",Other Non-Collision,Over Turn,Changed Lanes Improperly,R356,43.074688465861605
2022-11-11,18:35:00,18,2022,11,11,Friday,33.794421,-84.393218,(C) Possible Injury / Complaint,0.0,0.0,0.0,Atlanta,FULTON,I-85 Sb,17Th St and I-85 Sb,Rear End,On Roadway - Non-Intersection,Dark-Lighted,Cloudy,Wet,Gsp Post 00,"[""Lap and Shoulder Belt Used"",""Lap and Shoulder Belt Used"",""Lap and Shoulder Belt Used"",""Lap and Shoulder Belt Used"",""Lap and Shoulder Belt Used"",""Lap and Shoulder Belt Used""]","[""Motor Vehicle in Motion"",""Motor Vehicle in Motion""]","[""Motor Vehicle in Motion"",""Motor Vehicle in Motion""]",Following Too Close,R378,132.08990378602235
2022-11-11,08:08:00,8,2022,11,11,Friday,33.697354,-84.42504,(O) No Injury,0.0,0.0,0.0,Atlanta,FULTON,Ga 166 Eastbound,Ga 166 Eastbound and Sylvan Road On Ramp,Angle Crash,On Roadway - Non-Intersection,Daylight,Rain,Wet,Gsp Post 00,"[""Lap and Shoulder Belt Used"",""Lap and Shoulder Belt Used""]","[""Motor Vehicle in Motion"",""Motor Vehicle in Motion""]","[""Motor Vehicle in Motion"",""Motor Vehicle in Motion""]",Driver Lost Control,113,65.55181122910568
2022-11-11,12:20:00,12,2022,11,11,Friday,33.760142,-84.37924,(O) No Injury,0.0,0.0,0.0,Atlanta,FULTON,I-7585 North,I-7585 North and Freedom Parkway,Sideswipe-Same Direction,On Roadway - Non-Intersection,Daylight,Rain,Wet,Gsp Post 00,"[""Shoulder Belt Only Used"",""Lap and Shoulder Belt Used""]","[""Motor Vehicle in Motion"",""Motor Vehicle in Motion""]","[""Motor Vehicle in Motion"",""Motor Vehicle in Motion""]",Changed Lanes Improperly,9,173.72294948066587
2022-11-11,16:55:00,16,2022,11,11,Friday,33.79731,-84.395494,(O) No Injury,0.0,0.0,0.0,Atlanta,FULTON,I-75 S,I-75 S and Deering Rd,Angle Crash,On Roadway - Non-Intersection,Daylight,Cloudy,Dry,Gsp Post 00,"[""Lap and Shoulder Belt Used"",""Lap and Shoulder Belt Used""]","[""Motor Vehicle in Motion"",""Motor Vehicle in Motion""]","[""Motor Vehicle in Motion"",""Motor Vehicle in Motion""]",Following Too Close,R365,133.07870762348142
2022-11-11,12:00:00,12,2022,11,11,Friday,33.759316,-84.379504,(O) No Injury,0.0,0.0,0.0,Atlanta,FULTON,I-7585S,I-7585S and Freedom Parkway,Rear End,On Roadway - Non-Intersection,Daylight,Rain,Wet,Gsp Post 00,"[""Lap and Shoulder Belt Used"",""Lap and Shoulder Belt Used""]","[""Motor Vehicle in Motion"",""Motor Vehicle in Motion""]","[""Motor Vehicle in Motion"",""Motor Vehicle in Motion""]","[""Too Fast for Conditions"",""Following Too Close""]",9,118.8878693408042
2022-11-12,19:20:00,19,2022,11,12,Saturday,33.797545,-84.39513,(O) No Injury,0.0,0.0,0.0,Atlanta,FULTON,I-75,I-75 and Deering Rd Nw,Rear End,On Roadway - Non-Intersection,Dark-Not Lighted,Clear,Dry,Atlanta Police Department,"[""Shoulder Belt Only Used"",""Shoulder Belt Only Used"",""Shoulder Belt Only Used"",""Shoulder Belt Only Used""]","[""Motor Vehicle in Motion"",""Motor Vehicle in Motion""]","[""Motor Vehicle in Motion"",""Motor Vehicle in Motion""]",Following Too Close,R365,95.60666963908798
2022-11-12,05:48:00,5,2022,11,12,Saturday,33.743322,-84.379342,(O) No Injury,0.0,0.0,0.0,Atlanta,FULTON,Hill St Se,I-20 E and Hill St Se,Rear End,Entrance/Exit Ramp,Dark-Lighted,Clear,Dry,Atlanta Police Department,"[""Unknown"",""Lap and Shoulder Belt Used""]","[""Motor Vehicle in Motion"",""Motor Vehicle in Motion""]","[""Motor Vehicle in Motion"",""Motor Vehicle in Motion""]",,77,63.71972171244818
2022-11-13,22:10:00,22,2022,11,13,Sunday,33.806208,-84.380381,(C) Possible Injury / Complaint,0.0,0.0,0.0,Atlanta,FULTON,I-75 Exit 84,I-75 N and I-75 Exit 84,Rear End,On Roadway - Collector Distributor (CD),Dark-Lighted,Clear,Dry,Atlanta Police Department,"[""Lap and Shoulder Belt Used"",""Lap and Shoulder Belt Used""]","[""Motor Vehicle in Motion"",""Motor Vehicle in Motion""]","[""Motor Vehicle in Motion"",""Motor Vehicle in Motion""]",Following Too Close,322,114.46411713389936
2022-11-13,19:30:00,19,2022,11,13,Sunday,33.795534,-84.394276,(O) No Injury,0.0,0.0,0.0,Atlanta,FULTON,I-75,None and I-75,Rear End,On Roadway - Non-Intersection,Dark-Lighted,Clear,Dry,Atlanta Police Department,"[""Unknown"",""Lap and Shoulder Belt Used"",""Lap and Shoulder Belt Used"",""Lap and Shoulder Belt Used""]","[""Motor Vehicle in Motion"",""Motor Vehicle in Motion"",""Motor Vehicle in Motion""]","[""Motor Vehicle in Motion"",""Motor Vehicle in Motion""]",,R356,104.021953723915
2022-11-13,14:17:00,14,2022,11,13,Sunday,33.759899,-84.379942,(O) No Injury,0.0,0.0,0.0,Atlanta,FULTON,Andrew Young International Blvd Ne,I-75 S and Andrew Young International Blvd Ne,Sideswipe-Same Direction,On Roadway - Non-Intersection,Daylight,Clear,Dry,Atlanta Police Department,"[""Unknown"",""Unknown""]","[""Motor Vehicle in Motion"",""Motor Vehicle in Motion""]","[""Motor Vehicle in Motion"",""Motor Vehicle in Motion""]",Changed Lanes Improperly,9,190.9406469973281
2022-11-13,19:20:00,19,2022,11,13,Sunday,33.798376,-84.392991,(C) Possible Injury / Complaint,0.0,0.0,0.0,Atlanta,FULTON,I-85,None and I-85,Sideswipe-Same Direction,On Roadway - Non-Intersection,Dark-Lighted,Clear,Dry,Atlanta Police Department,"[""Lap and Shoulder Belt Used"",""Lap and Shoulder Belt Used"",""Lap and Shoulder Belt Used"",""Lap and Shoulder Belt Used""]","[""Motor Vehicle in Motion"",""Motor Vehicle in Motion"",""Motor Vehicle in Motion""]","[""Motor Vehicle in Motion"",""Motor Vehicle in Motion"",""Motor Vehicle in Motion""]","[""Inattentive or Other Distraction (Distracted)"",""Changed Lanes Improperly""]",R365,134.03941129062233
2022-11-13,01:55:00,1,2022,11,13,Sunday,33.785994,-84.406838,(O) No Injury,0.0,0.0,0.0,Atlanta,FULTON,Hemphill Ave Nw,14Th St Nw and Hemphill Ave Nw,Angle Crash,On Roadway - Roadway Intersection,Daylight,Clear,Dry,Atlanta Police Department,"[""Unknown"",""Unknown""]","[""Motor Vehicle in Motion"",""Motor Vehicle in Motion""]","[""Motor Vehicle in Motion"",""Motor Vehicle in Motion""]",Failure to Yield,86,224.25588112314009
2022-11-13,14:47:00,14,2022,11,13,Sunday,33.797804,-84.393701,(C) Possible Injury / Complaint,0.0,0.0,0.0,Atlanta,FULTON,Exit 85 Rp,None and Exit 85 Rp,Rear End,Entrance/Exit Ramp,Daylight,Cloudy,Dry,Atlanta Police Department,"[""Unknown"",""Unknown""]","[""Motor Vehicle in Motion"",""Motor Vehicle in Motion""]",Motor Vehicle in Motion,Following Too Close,R365,43.34049096768005
2022-11-14,18:32:00,18,2022,11,14,Monday,33.864971,-84.380779,(O) No Injury,0.0,0.0,0.0,Atlanta,FULTON,Roswell Rd Ne,Roswell Rd Ne and Lakemoore Dr Ne,Sideswipe-Opposite Direction,On Roadway - Roadway Intersection,Dark-Lighted,Clear,Dry,Atlanta Police Department,"[""Unknown"",""Unknown""]","[""Motor Vehicle in Motion"",""Motor Vehicle in Motion""]","[""Motor Vehicle in Motion"",""Motor Vehicle in Motion""]",Failure to Yield,271,35.404722670392104
2022-11-14,18:25:00,18,2022,11,14,Monday,33.75906,-84.379347,(O) No Injury,0.0,0.0,0.0,Atlanta,FULTON,I-7585 South,Freedom Pkwy and I-7585 South,Rear End,On Roadway - Non-Intersection,Dusk,Cloudy,Dry,Gsp Post 00,"[""Lap and Shoulder Belt Used"",""Unknown""]","[""Motor Vehicle in Motion"",""Motor Vehicle in Motion""]","[""Motor Vehicle in Motion"",""Motor Vehicle in Motion""]",Following Too Close,9,92.53537189714513
2022-11-14,16:01:00,16,2022,11,14,Monday,33.764504,-84.492749,(O) No Injury,0.0,0.0,0.0,Atlanta,FULTON,I-285 Southbound,Before 10B and I-285 Southbound,Sideswipe-Same Direction,On Roadway - Non-Intersection,Daylight,Cloudy,Dry,Gsp Post 00,"[""Lap and Shoulder Belt Used"",""Lap and Shoulder Belt Used""]","[""Motor Vehicle in Motion"",""Motor Vehicle in Motion""]","[""Motor Vehicle in Motion"",""Motor Vehicle in Motion""]",Changed Lanes Improperly,R376,147.80220505143927
2022-11-14,10:18:00,10,2022,11,14,Monday,33.764101,-84.49205,(O) No Injury,0.0,0.0,0.0,Atlanta,FULTON,I-20 Eb,I-285 and I-20 Eb,Rear End,On Roadway - Non-Intersection,Daylight,Clear,Dry,Gsp Post 00,"[""None Used"",""Lap and Shoulder Belt Used""]","[""Motor Vehicle in Motion"",""Motor Vehicle in Motion""]","[""Motor Vehicle in Motion"",""Motor Vehicle in Motion""]",Following Too Close,R376,71.27456306425135
2022-11-14,18:57:00,18,2022,11,14,Monday,33.764272,-84.493741,(O) No Injury,0.0,0.0,0.0,Atlanta,FULTON,I-285 South,I-20 and I-285 South,Sideswipe-Same Direction,On Roadway - Non-Intersection,Dark-Not Lighted,Clear,Dry,Gsp Post 00,"[""Lap and Shoulder Belt Used"",""Lap and Shoulder Belt Used"",""Lap and Shoulder Belt Used"",""Lap and Shoulder Belt Used"",""Lap and Shoulder Belt Used""]","[""Motor Vehicle in Motion"",""Motor Vehicle in Motion"",""Motor Vehicle in Motion""]","[""Motor Vehicle in Motion"",""Motor Vehicle in Motion"",""Motor Vehicle in Motion""]",,R376,212.7313290931567
2022-11-15,15:30:00,15,2022,11,15,Tuesday,33.684851,-84.400931,(O) No Injury,0.0,0.0,0.0,Atlanta,FULTON,Cleveland Cir Sw,Beeler Dr Sw and Cleveland Cir Sw,Head On,On Roadway - In Crosswalk,Daylight,Rain,Wet,Atlanta Police Department,"[""Lap and Shoulder Belt Used"",""Lap and Shoulder Belt Used""]","[""Motor Vehicle in Motion"",""Motor Vehicle in Motion""]","[""Motor Vehicle in Motion"",""Motor Vehicle in Motion""]",Failure to Yield,R357,171.9833546530062
2022-11-15,06:54:00,6,2022,11,15,Tuesday,33.710672,-84.40166,(C) Possible Injury / Complaint,0.0,0.0,0.0,Atlanta,FULTON,I-7585Nb,I-7585Nb and University Ave,Sideswipe-Same Direction,On Roadway - Non-Intersection,Dark-Lighted,Rain,Wet,Gsp Post 00,"[""Unknown"",""Lap Belt Only Used"",""None Used"",""Lap and Shoulder Belt Used"",""Lap and Shoulder Belt Used""]","[""Motor Vehicle in Motion"",""Motor Vehicle in Motion"",""Motor Vehicle in Motion"",""Motor Vehicle in Motion"",""Motor Vehicle in Motion""]","[""Motor Vehicle in Motion"",""Other - Fixed Object"",""Other - Fixed Object"",""Motor Vehicle in Motion"",""Motor Vehicle in Motion""]",Changed Lanes Improperly,310,214.1961362831795
2022-11-15,15:00:00,15,2022,11,15,Tuesday,33.685538,-84.402625,(O) No Injury,0.0,0.0,0.0,Atlanta,FULTON,I-85 North,I-85 North and Langford Parkway Split,Rear End,On Roadway - Non-Intersection,Daylight,Cloudy,Wet,Gsp Post 00,"[""Lap and Shoulder Belt Used"",""Unknown""]","[""Motor Vehicle in Motion"",""Motor Vehicle in Motion""]","[""Motor Vehicle in Motion"",""Motor Vehicle in Motion""]",Following Too Close,R357,178.5062566499578
2022-11-15,18:15:00,18,2022,11,15,Tuesday,33.758693,-84.378568,(O) No Injury,0.0,0.0,0.0,Atlanta,FULTON,I-75I-85Nb,Auburn Ave and I-75I-85Nb,Rear End,On Roadway - Non-Intersection,Dark-Lighted,Cloudy,Wet,Gsp Post 00,"[""Lap and Shoulder Belt Used"",""Lap and Shoulder Belt Used""]","[""Motor Vehicle in Motion"",""Motor Vehicle in Motion""]","[""Motor Vehicle in Motion"",""Motor Vehicle in Motion""]",Following Too Close,9,13.43195946953712
2022-11-15,16:00:00,16,2022,11,15,Tuesday,33.872658,-84.445044,(O) No Injury,0.0,0.0,0.0,Atlanta,FULTON,I-75 Sb,I-75 Sb and Cumberland Blvd,Sideswipe-Same Direction,On Roadway - Non-Intersection,Daylight,Rain,Wet,Gsp Post 00,"[""Unknown"",""Lap and Shoulder Belt Used""]","[""Cargo/Equipment Loss or Shift"",""Motor Vehicle in Motion""]","[""Cargo/Equipment Lost or Shift"",""Motor Vehicle in Motion""]",,308,208.5170859685414
2022-11-15,19:36:00,19,2022,11,15,Tuesday,33.798463,-84.39293,(O) No Injury,0.0,0.0,0.0,Atlanta,FULTON,Interstate 85 South,State Route 13 and Interstate 85 South,Rear End,On Roadway - Non-Intersection,Daylight,Clear,Dry,Gsp Post 00,"[""Lap and Shoulder Belt Used"",""Lap and Shoulder Belt Used""]","[""Parked Motor Vehicle"",""Motor Vehicle in Motion""]","[""Motor Vehicle in Motion"",""Parked Motor Vehicle""]",Following Too Close,R365,144.6197512968446
2022-11-15,19:50:00,19,2022,11,15,Tuesday,33.794411,-84.393213,(O) No Injury,0.0,0.0,0.0,Atlanta,FULTON,I-85S,I-85S and 17Th St,Sideswipe-Same Direction,On Roadway - Non-Intersection,Dark-Lighted,Cloudy,Wet,Gsp Post 00,"[""Lap and Shoulder Belt Used"",""Lap and Shoulder Belt Used"",""Lap Belt Only Used""]","[""Motor Vehicle in Motion"",""Motor Vehicle in Motion"",""Motor Vehicle in Motion""]","[""Motor Vehicle in Motion"",""Motor Vehicle in Motion"",""Motor Vehicle in Motion""]",Changed Lanes Improperly,R378,132.2765127525355
2022-11-15,21:30:00,21,2022,11,15,Tuesday,33.797222,-84.395439,(C) Possible Injury / Complaint,0.0,0.0,0.0,Atlanta,FULTON,I-75,I-75 and Deering Rd Nw,Rear End,On Roadway - Non-Intersection,Dark-Lighted,Cloudy,Wet,Atlanta Police Department,"[""Lap and Shoulder Belt Used"",""Lap and Shoulder Belt Used"",""Lap and Shoulder Belt Used""]","[""Motor Vehicle in Motion"",""Motor Vehicle in Motion"",""Motor Vehicle in Motion""]","[""Motor Vehicle in Motion"",""Motor Vehicle in Motion"",""Motor Vehicle in Motion""]",Following Too Close,R365,130.93435515590335
2022-11-15,22:15:00,22,2022,11,15,Tuesday,33.742785,-84.403172,(C) Possible Injury / Complaint,0.0,0.0,0.0,Atlanta,FULTON,I-20,I-20 and Exit 56B,Angle Crash,On Roadway - Non-Intersection,Dark-Lighted,Clear,Dry,Atlanta Police Department,"[""Unknown"",""Lap and Shoulder Belt Used"",""Child Restraint System (Properly Used)"",""Lap and Shoulder Belt Used""]","[""Motor Vehicle in Motion"",""Motor Vehicle in Motion"",""Motor Vehicle in Motion""]","[""Motor Vehicle in Motion"",""Motor Vehicle in Motion""]",Changed Lanes Improperly,315,58.39788040102371
2022-11-16,16:00:00,16,2022,11,16,Wednesday,33.797545,-84.39513,(O) No Injury,0.0,0.0,0.0,Atlanta,FULTON,I-75,I-75 and Deering Rd Nw,Rear End,On Roadway - Non-Intersection,Dark-Not Lighted,Clear,Dry,Atlanta Police Department,"[""Shoulder Belt Only Used"",""Shoulder Belt Only Used""]","[""Motor Vehicle in Motion"",""Motor Vehicle in Motion""]","[""Motor Vehicle in Motion"",""Motor Vehicle in Motion""]","[""Changed Lanes Improperly"",""Changed Lanes Improperly""]",R365,95.60666963908798
2022-11-16,10:42:00,10,2022,11,16,Wednesday,33.762454,-84.492533,(O) No Injury,0.0,0.0,0.0,Atlanta,FULTON,I-285 Exit 10B Rp,None and I-285 Exit 10B Rp,Sideswipe-Same Direction,On Roadway - Non-Intersection,Daylight,Cloudy,Dry,Atlanta Police Department,"[""Lap and Shoulder Belt Used"",""Lap and Shoulder Belt Used""]","[""Motor Vehicle in Motion"",""Motor Vehicle in Motion""]","[""Motor Vehicle in Motion"",""Motor Vehicle in Motion""]",Inattentive or Other Distraction (Distracted),R376,151.9258611126887