Date,Time,Hour,Year,Month,Day,DayOfWeek,Crash Latitude,Crash Longitude,KABCO Severity,# of Fatalities per Crash,# Serious Injuries,# Visible Injuries,Geolocated City,Geolocated County,Roadway (From Crash Report),Intersection Name (from Crash Report),Manner of Collision (Crash Level),Location at Impact (Crash Level),Light Conditions (Crash Level),Weather Conditions (Crash Level),Surface Condition (Crash Level),Agency Name (Crash Level),Safety Equipment (Crash Level),First Harmful Event (Unit Order),Most Harmful Event (Crash Level),"Operator/Pedestrian Contrib Factor (excl None, Other, No Contrib Factors)",join_id,Crash_to_TMAS_m
2022-12-06,02:50:00,2,2022,12,6,Tuesday,33.675144,-84.397983,(O) No Injury,0.0,0.0,0.0,Atlanta,FULTON,I-75,None and I-75,Rear End,On Roadway - Non-Intersection,Dark-Lighted,Rain,Wet,Atlanta Police Department,"[""Unknown"",""Lap and Shoulder Belt Used""]","[""Motor Vehicle in Motion"",""Motor Vehicle in Motion""]","[""Motor Vehicle in Motion"",""Motor Vehicle in Motion""]","[""Changed Lanes Improperly"",""Following Too Close""]",309,141.91872359076797
2022-12-06,14:40:00,14,2022,12,6,Tuesday,33.794129,-84.393069,(O) No Injury,0.0,0.0,0.0,Atlanta,FULTON,I-85 S,I-85 S and Peachtree St,Rear End,On Roadway - Non-Intersection,Daylight,Cloudy,Wet,Gsp Post 00,"[""Lap and Shoulder Belt Used"",""Lap and Shoulder Belt Used""]","[""Motor Vehicle in Motion"",""Motor Vehicle in Motion""]","[""Motor Vehicle in Motion"",""Motor Vehicle in Motion""]",Following Too Close,R378,141.50448466310493
2022-12-07,08:56:00,8,2022,12,7,Wednesday,33.796549,-84.393673,(O) No Injury,0.0,0.0,0.0,Atlanta,FULTON,I-85,None and I-85,Rear End,Entrance/Exit Ramp,Daylight,Fog,Water (standing or moving),Atlanta Police Department,"[""Unknown"",""Unknown""]","[""Motor Vehicle in Motion"",""Motor Vehicle in Motion""]","[""Motor Vehicle in Motion"",""Motor Vehicle in Motion""]",Following Too Close,R356,62.40546798045499
2022-12-07,19:15:00,19,2022,12,7,Wednesday,33.807055,-84.378267,(B) Suspected Minor/Visible Injury,0.0,0.0,1.0,Atlanta,FULTON,Ga-13,None and Ga-13,Rear End,On Roadway - Non-Intersection,Dark-Not Lighted,Rain,Water (standing or moving),Atlanta Police Department,"[""Shoulder Belt Only Used"",""Shoulder Belt Only Used""]","[""Motor Vehicle in Motion"",""Motor Vehicle in Motion""]","[""Motor Vehicle in Motion"",""Motor Vehicle in Motion""]",Following Too Close,322,136.48935020398122
2022-12-07,08:05:00,8,2022,12,7,Wednesday,33.806646,-84.38059,(C) Possible Injury / Complaint,0.0,0.0,0.0,Atlanta,FULTON,I-85,None and I-85,Rear End,On Roadway - Non-Intersection,Daylight,Cloudy,Dry,Atlanta Police Department,"[""Unknown"",""Unknown""]","[""Motor Vehicle in Motion"",""Motor Vehicle in Motion""]","[""Motor Vehicle in Motion"",""Motor Vehicle in Motion""]",Following Too Close,322,92.87272598177807
2022-12-07,17:35:00,17,2022,12,7,Wednesday,33.806424,-84.379428,(O) No Injury,0.0,0.0,0.0,Atlanta,FULTON,Ga-13,Ga-13 and I-85 N,Angle Crash,On Roadway - Non-Intersection,Dark-Lighted,Clear,Dry,Atlanta Police Department,"[""Lap and Shoulder Belt Used"",""Lap and Shoulder Belt Used""]","[""Motor Vehicle in Motion"",""Motor Vehicle in Motion""]","[""Motor Vehicle in Motion"",""Motor Vehicle in Motion""]",Changed Lanes Improperly,322,79.34576027319831
2022-12-08,07:34:00,7,2022,12,8,Thursday,33.760493,-84.379496,(B) Suspected Minor/Visible Injury,0.0,0.0,1.0,Atlanta,FULTON,I-7585 North,Freedom Pkwy and I-7585 North,Rear End,On Roadway - Non-Intersection,Daylight,Cloudy,Wet,Gsp Post 00,"[""Lap and Shoulder Belt Used"",""Lap and Shoulder Belt Used"",""Lap and Shoulder Belt Used"",""Lap and Shoulder Belt Used"",""Lap and Shoulder Belt Used""]","[""Motor Vehicle in Motion"",""Motor Vehicle in Motion"",""Motor Vehicle in Motion"",""Motor Vehicle in Motion"",""Motor Vehicle in Motion""]","[""Motor Vehicle in Motion"",""Motor Vehicle in Motion"",""Motor Vehicle in Motion"",""Motor Vehicle in Motion"",""Motor Vehicle in Motion""]","[""Following Too Close"",""Too Fast for Conditions""]",9,219.1434758222432
2022-12-09,07:00:00,7,2022,12,9,Friday,33.797016,-84.392859,(O) No Injury,0.0,0.0,0.0,Atlanta,FULTON,Ga-13 Nb,Ga-13 Nb and Peachtree St,Not a Collision with Motor Vehicle,Median,Dawn,Cloudy,Wet,Gsp Post 00,Lap and Shoulder Belt Used,Median Barrier,Median Barrier,"[""Driver Lost Control"",""Too Fast for Conditions""]",R365,131.96184579749226
2022-12-09,16:34:00,16,2022,12,9,Friday,33.759252,-84.478292,(O) No Injury,0.0,0.0,0.0,Atlanta,FULTON,I-20 West,I-20 West and H E Holmes Dr,Rear End,On Roadway - Non-Intersection,Daylight,Rain,Wet,Gsp Post 00,"[""Lap and Shoulder Belt Used"",""Lap and Shoulder Belt Used""]","[""Motor Vehicle in Motion"",""Motor Vehicle in Motion""]","[""Motor Vehicle in Motion"",""Motor Vehicle in Motion""]",Changed Lanes Improperly,313,44.21300850003169
2022-12-09,22:15:00,22,2022,12,9,Friday,33.80583,-84.381601,(O) No Injury,0.0,0.0,0.0,Atlanta,FULTON,I-85,None and I-85,Sideswipe-Same Direction,"On Roadway - Managed Lane (HOV, HOT, Reversible)",Dark-Not Lighted,Cloudy,Dry,Atlanta Police Department,"[""Unknown"",""Lap and Shoulder Belt Used""]","[""Motor Vehicle in Motion"",""Motor Vehicle in Motion""]",Motor Vehicle in Motion,,322,221.9400508561729
2022-12-09,19:56:00,19,2022,12,9,Friday,33.764516,-84.492774,(C) Possible Injury / Complaint,0.0,0.0,0.0,Atlanta,FULTON,I-20,None and I-20,Rear End,On Roadway - Non-Intersection,Dark-Not Lighted,Rain,Water (standing or moving),Atlanta Police Department,"[""Lap and Shoulder Belt Used"",""Lap and Shoulder Belt Used""]","[""Motor Vehicle in Motion"",""Motor Vehicle in Motion""]","[""Motor Vehicle in Motion"",""Motor Vehicle in Motion""]","[""Too Fast for Conditions"",""Following Too Close""]",R376,150.39581926970163
2022-12-09,16:30:00,16,2022,12,9,Friday,33.687841,-84.401137,(O) No Injury,0.0,0.0,0.0,Atlanta,FULTON,I-85S,I-85S and Mm 77.2,Not a Collision with Motor Vehicle,On Shoulder,Daylight,Rain,Wet,Gsp Post 00,Lap and Shoulder Belt Used,Median Barrier,Median Barrier,"[""Too Fast for Conditions"",""Driver Lost Control""]",R357,160.38563366037565
2022-12-09,17:03:00,17,2022,12,9,Friday,33.687075,-84.399919,(O) No Injury,0.0,0.0,0.0,Atlanta,FULTON,I-85 N Exit Ramp To Ga-166,None and I-85 N Exit Ramp To Ga-166,Sideswipe-Same Direction,Entrance/Exit Ramp,Daylight,Rain,Wet,Gsp Post 00,"[""Unknown"",""Lap and Shoulder Belt Used"",""Lap and Shoulder Belt Used"",""Lap and Shoulder Belt Used""]","[""Motor Vehicle in Motion"",""Motor Vehicle in Motion""]","[""Motor Vehicle in Motion"",""Motor Vehicle in Motion""]",Changed Lanes Improperly,R357,125.1474889463033
2022-12-09,08:00:00,8,2022,12,9,Friday,33.756855,-84.378087,(O) No Injury,0.0,0.0,0.0,Atlanta,FULTON,I-7585 N,I-7585 N and Freedom Prwy,Rear End,On Roadway - Non-Intersection,Daylight,Clear,Dry,Gsp Post 00,"[""Lap and Shoulder Belt Used"",""Lap and Shoulder Belt Used""]","[""Motor Vehicle in Motion"",""Motor Vehicle in Motion""]","[""Motor Vehicle in Motion"",""Motor Vehicle in Motion""]",Following Too Close,9,210.45385494524132
2022-12-09,14:30:00,14,2022,12,9,Friday,33.808497,-84.378431,(O) No Injury,0.0,0.0,0.0,Atlanta,FULTON,Interstate 85 South,Georgia 400 and Interstate 85 South,Rear End,On Roadway - Non-Intersection,Daylight,Rain,Wet,Gsp Post 00,"[""Lap and Shoulder Belt Used"",""Lap and Shoulder Belt Used""]","[""Parked Motor Vehicle"",""Motor Vehicle in Motion""]","[""Motor Vehicle in Motion"",""Motor Vehicle in Motion""]",Following Too Close,322,197.66469244686647
2022-12-09,02:55:00,2,2022,12,9,Friday,33.674318,-84.413913,(O) No Injury,0.0,0.0,0.0,Atlanta,FULTON,I-85,None and I-85,Rear End,On Roadway - Non-Intersection,Dark-Lighted,Cloudy,Dry,Atlanta Police Department,"[""Unknown"",""Unknown""]","[""Motor Vehicle in Motion"",""Motor Vehicle in Motion""]","[""Motor Vehicle in Motion"",""Motor Vehicle in Motion""]",,195,218.64058507310065
2022-12-09,15:14:00,15,2022,12,9,Friday,33.757597,-84.378829,(O) No Injury,0.0,0.0,0.0,Atlanta,FULTON,I-7585 South,I-7585 South and Piedmont Road Overpass,Rear End,On Roadway - Non-Intersection,Daylight,Rain,Wet,Gsp Post 00,"[""Lap and Shoulder Belt Used"",""Lap and Shoulder Belt Used""]","[""Motor Vehicle in Motion"",""Motor Vehicle in Motion""]","[""Motor Vehicle in Motion"",""Motor Vehicle in Motion""]",Following Too Close,9,131.03685173094502
2022-12-09,17:12:00,17,2022,12,9,Friday,33.759191,-84.378815,(O) No Injury,0.0,0.0,0.0,Atlanta,FULTON,Ellis St Ne,Fort St Ne and Ellis St Ne,Head On,On Roadway - Non-Intersection,Dark-Lighted,Rain,Wet,Atlanta Police Department,"[""Unknown"",""Unknown"",""Unknown""]","[""Motor Vehicle in Motion"",""Motor Vehicle in Motion""]","[""Motor Vehicle in Motion"",""Motor Vehicle in Motion""]",Wrong Side of Road,9,62.364840926857084
2022-12-10,09:00:00,9,2022,12,10,Saturday,33.786207,-84.402098,(O) No Injury,0.0,0.0,0.0,Atlanta,FULTON,14Th St Nw,14Th St Nw and Snyder St Nw,Sideswipe-Same Direction,On Roadway - Non-Intersection,Daylight,Clear,Dry,Atlanta Police Department,"[""Lap and Shoulder Belt Used"",""Lap and Shoulder Belt Used""]","[""Motor Vehicle in Motion"",""Motor Vehicle in Motion""]","[""Motor Vehicle in Motion"",""Motor Vehicle in Motion""]",Changed Lanes Improperly,86,216.04849640987783
2022-12-10,14:54:00,14,2022,12,10,Saturday,33.795876,-84.394512,(O) No Injury,0.0,0.0,0.0,Atlanta,FULTON,I-75,I-75 and Exit 250,Rear End,On Roadway - Non-Intersection,Daylight,Cloudy,Dry,Atlanta Police Department,"[""Unknown"",""Unknown"",""Unknown""]","[""Motor Vehicle in Motion"",""Motor Vehicle in Motion"",""Motor Vehicle in Motion""]","[""Motor Vehicle in Motion"",""Motor Vehicle in Motion"",""Motor Vehicle in Motion""]","[""Following Too Close"",""Following Too Close""]",R356,67.80521189189093
2022-12-10,19:30:00,19,2022,12,10,Saturday,33.795575,-84.393334,(O) No Injury,0.0,0.0,0.0,Atlanta,FULTON,I-85,None and I-85,Rear End,On Roadway - Non-Intersection,Dark-Lighted,Cloudy,Wet,Atlanta Police Department,"[""Lap and Shoulder Belt Used"",""Lap and Shoulder Belt Used"",""Lap and Shoulder Belt Used""]","[""Motor Vehicle in Motion"",""Motor Vehicle in Motion"",""Motor Vehicle in Motion""]","[""Motor Vehicle in Motion"",""Motor Vehicle in Motion"",""Motor Vehicle in Motion""]",Following Too Close,R356,136.18246759782625
2022-12-10,18:25:00,18,2022,12,10,Saturday,33.743457,-84.380669,(C) Possible Injury / Complaint,0.0,0.0,0.0,Atlanta,FULTON,I-20,None and I-20,Rear End,On Roadway - Non-Intersection,Dark-Lighted,Clear,Dry,Atlanta Police Department,"[""Unknown"",""Unknown""]","[""Motor Vehicle in Motion"",""Motor Vehicle in Motion""]","[""Motor Vehicle in Motion"",""Motor Vehicle in Motion""]",,77,186.7790312066848
2022-12-10,23:52:00,23,2022,12,10,Saturday,33.759958,-84.37773,(O) No Injury,0.0,0.0,0.0,Atlanta,FULTON,John Lewis Freedom Pkwy Ne,Fort St Ne and John Lewis Freedom Pkwy Ne,Sideswipe-Same Direction,On Roadway - Non-Intersection,Dark-Not Lighted,Clear,Dry,Atlanta Police Department,"[""Unknown"",""Unknown""]","[""Motor Vehicle in Motion"",""Motor Vehicle in Motion""]","[""Other - Fixed Object"",""Other - Fixed Object""]",Changed Lanes Improperly,9,150.9072761393886
2022-12-10,13:00:00,13,2022,12,10,Saturday,33.795379,-84.391917,(O) No Injury,0.0,0.0,0.0,Atlanta,FULTON,I-75-85 Sb Nw,10Th St Nw and I-75-85 Sb Nw,Angle Crash,On Roadway - Non-Intersection,Daylight,Clear,Dry,Atlanta Police Department,"[""Lap and Shoulder Belt Used"",""Lap and Shoulder Belt Used""]","[""Motor Vehicle in Motion"",""Motor Vehicle in Motion""]","[""Motor Vehicle in Motion"",""Motor Vehicle in Motion""]",Changed Lanes Improperly,R378,38.39122731607098
2022-12-11,21:30:00,21,2022,12,11,Sunday,33.742503,-84.404255,(A) Suspected Serious Injury,0.0,1.0,2.0,Atlanta,FULTON,I-20,None and I-20,Rear End,On Roadway - Non-Intersection,Dark-Lighted,Clear,Dry,Atlanta Police Department,"[""Unknown"",""Unknown"",""Unknown"",""Unknown""]","[""Motor Vehicle in Motion"",""Motor Vehicle in Motion""]",Motor Vehicle in Motion,,315,163.47289276210748
2022-12-11,13:00:00,13,2022,12,11,Sunday,33.758959,-84.378654,(C) Possible Injury / Complaint,0.0,0.0,0.0,Atlanta,FULTON,I-75,I-75 and Ellis St Ne,Rear End,On Roadway - Non-Intersection,Daylight,Rain,Water (standing or moving),Atlanta Police Department,"[""Unknown"",""Unknown"",""Unknown""]","[""Motor Vehicle in Motion"",""Motor Vehicle in Motion""]","[""Motor Vehicle in Motion"",""Motor Vehicle in Motion""]",,9,32.81068101675995
2022-12-11,11:45:00,11,2022,12,11,Sunday,33.794853,-84.391409,(O) No Injury,0.0,0.0,0.0,Atlanta,FULTON,I-75,None and I-75,Sideswipe-Same Direction,Entrance/Exit Ramp,Daylight,Rain,Wet,Atlanta Police Department,"[""Unknown"",""Lap and Shoulder Belt Used""]","[""Motor Vehicle in Motion"",""Motor Vehicle in Motion""]","[""Motor Vehicle in Motion"",""Motor Vehicle in Motion""]",Changed Lanes Improperly,R378,58.5474840413548
2022-12-11,15:30:00,15,2022,12,11,Sunday,33.674794,-84.397783,(B) Suspected Minor/Visible Injury,0.0,0.0,1.0,Atlanta,FULTON,I-75,None and I-75,Rear End,On Roadway - Non-Intersection,Daylight,Rain,Water (standing or moving),Atlanta Police Department,"[""Unknown"",""Unknown"",""Unknown""]","[""Motor Vehicle in Motion"",""Motor Vehicle in Motion""]","[""Motor Vehicle in Motion"",""Motor Vehicle in Motion""]",Following Too Close,309,173.8989956421326
2022-12-11,19:30:00,19,2022,12,11,Sunday,33.80721,-84.378059,(O) No Injury,0.0,0.0,0.0,Atlanta,FULTON,Ga-13,None and Ga-13,Rear End,On Roadway - Non-Intersection,Dark-Lighted,Cloudy,Dry,Atlanta Police Department,"[""Lap and Shoulder Belt Used"",""Bicycle Helmet"",""Lap and Shoulder Belt Used""]","[""Motor Vehicle in Motion"",""Motor Vehicle in Motion"",""Motor Vehicle in Motion""]","[""Motor Vehicle in Motion"",""Motor Vehicle in Motion"",""Motor Vehicle in Motion""]","[""Following Too Close"",""Following Too Close""]",322,156.2678640591266
2022-12-11,09:30:00,9,2022,12,11,Sunday,33.763784,-84.492853,(C) Possible Injury / Complaint,0.0,0.0,0.0,Atlanta,FULTON,Exit 51A Rp,None and Exit 51A Rp,Angle Crash,Entrance/Exit Ramp,Daylight,Rain,Wet,Atlanta Police Department,"[""Lap and Shoulder Belt Used"",""Lap and Shoulder Belt Used"",""Lap and Shoulder Belt Used""]","[""Motor Vehicle in Motion"",""Motor Vehicle in Motion""]","[""Motor Vehicle in Motion"",""Motor Vehicle in Motion""]",Following Too Close,R376,118.2938870006644
2022-12-12,10:00:00,10,2022,12,12,Monday,33.675291,-84.397509,(O) No Injury,0.0,0.0,0.0,Atlanta,FULTON,I-75,None and I-75,Sideswipe-Same Direction,On Roadway - Non-Intersection,Daylight,Clear,Dry,Atlanta Police Department,"[""Unknown"",""Unknown""]","[""Motor Vehicle in Motion"",""Motor Vehicle in Motion""]",Motor Vehicle in Motion,Driver Lost Control,309,115.64413264142352
2022-12-12,02:22:00,2,2022,12,12,Monday,33.743953,-84.376501,(O) No Injury,0.0,0.0,0.0,Atlanta,FULTON,Piedmont Ave Ne,Pine St Ne and Piedmont Ave Ne,Sideswipe-Same Direction,On Roadway - Roadway Intersection,Dark-Not Lighted,Cloudy,Wet,Atlanta Police Department,"[""Unknown"",""Unknown""]","[""Motor Vehicle in Motion"",""Motor Vehicle in Motion""]","[""Motor Vehicle in Motion"",""Motor Vehicle in Motion""]",Improper Passing,77,222.0505997763831
2022-12-12,01:00:00,1,2022,12,12,Monday,33.762851,-84.493589,(O) No Injury,0.0,0.0,0.0,Atlanta,FULTON,I-285,None and I-285,Sideswipe-Same Direction,On Roadway - Non-Intersection,Dark-Lighted,Clear,Dry,Atlanta Police Department,"[""Unknown"",""None Used""]","[""Motor Vehicle in Motion"",""Motor Vehicle in Motion""]",Motor Vehicle in Motion,,R376,201.27598967545168
2022-12-12,21:30:00,21,2022,12,12,Monday,33.806219,-84.381103,(O) No Injury,0.0,0.0,0.0,Atlanta,FULTON,I-85,None and I-85,Sideswipe-Same Direction,"On Roadway - Managed Lane (HOV, HOT, Reversible)",Dark-Not Lighted,Cloudy,Dry,Atlanta Police Department,"[""Lap and Shoulder Belt Used"",""Lap and Shoulder Belt Used"",""Lap and Shoulder Belt Used"",""Lap and Shoulder Belt Used"",""Lap and Shoulder Belt Used""]","[""Motor Vehicle in Motion"",""Motor Vehicle in Motion""]","[""Motor Vehicle in Motion"",""Motor Vehicle in Motion""]",,322,158.98960167368435
2022-12-12,06:45:00,6,2022,12,12,Monday,33.798317,-84.393032,(C) Possible Injury / Complaint,0.0,0.0,0.0,Atlanta,FULTON,85S,75N and 85S,Rear End,On Roadway - Non-Intersection,Dark-Not Lighted,Cloudy,Dry,Gsp Post 00,"[""Lap and Shoulder Belt Used"",""Lap and Shoulder Belt Used"",""Lap and Shoulder Belt Used"",""Lap and Shoulder Belt Used""]","[""Motor Vehicle in Motion"",""Motor Vehicle in Motion"",""Motor Vehicle in Motion"",""Motor Vehicle in Motion""]","[""Motor Vehicle in Motion"",""Motor Vehicle in Motion"",""Motor Vehicle in Motion"",""Motor Vehicle in Motion""]",Following Too Close,R365,126.94982284253896
2022-12-12,07:45:00,7,2022,12,12,Monday,33.806738,-84.380929,(O) No Injury,0.0,0.0,0.0,Atlanta,FULTON,85S,75N and 85S,Rear End,On Roadway - Non-Intersection,Daylight,Cloudy,Dry,Gsp Post 00,"[""Lap and Shoulder Belt Used"",""Lap and Shoulder Belt Used""]","[""Motor Vehicle in Motion"",""Motor Vehicle in Motion""]","[""Motor Vehicle in Motion"",""Motor Vehicle in Motion""]",Following Too Close,322,116.84957747751744
2022-12-12,01:39:00,1,2022,12,12,Monday,33.686523,-84.40185,(C) Possible Injury / Complaint,0.0,0.0,0.0,Atlanta,FULTON,I-85,I-85 and Metropolitan Pkwy Sw,Angle Crash,On Roadway - Non-Intersection,Dark-Lighted,Rain,Wet,Atlanta Police Department,"[""Unknown"",""Lap and Shoulder Belt Used""]","[""Motor Vehicle in Motion"",""Motor Vehicle in Motion""]",Motor Vehicle in Motion,Reckless Driving,R357,80.01169544847306
2022-12-12,15:21:00,15,2022,12,12,Monday,33.798654,-84.395849,(O) No Injury,0.0,0.0,0.0,Atlanta,FULTON,I-75 North,I-75 North and Northside Dr,Sideswipe-Same Direction,On Roadway - Non-Intersection,Daylight,Clear,Dry,Gsp Post 00,"[""Lap and Shoulder Belt Used"",""Lap and Shoulder Belt Used""]","[""Motor Vehicle in Motion"",""Motor Vehicle in Motion""]","[""Motor Vehicle in Motion"",""Motor Vehicle in Motion""]",,R365,199.811484788844
2022-12-13,16:04:00,16,2022,12,13,Tuesday,33.759693,-84.379735,(C) Possible Injury / Complaint,0.0,0.0,0.0,Atlanta,FULTON,I-7585 South,I-7585 South and Freeedom Parkway Overpass,Rear End,On Roadway - Non-Intersection,Daylight,Clear,Dry,Gsp Post 00,"[""Lap and Shoulder Belt Used"",""Lap and Shoulder Belt Used"",""Lap and Shoulder Belt Used""]","[""Motor Vehicle in Motion"",""Motor Vehicle in Motion""]","[""Motor Vehicle in Motion"",""Motor Vehicle in Motion""]","[""Inattentive or Other Distraction (Distracted)"",""Following Too Close""]",9,161.37954989644973
2022-12-13,12:02:00,12,2022,12,13,Tuesday,33.743307,-84.379296,(O) No Injury,0.0,0.0,0.0,Atlanta,FULTON,I-20 West,Hill St and I-20 West,Sideswipe-Same Direction,On Roadway - Non-Intersection,Daylight,Cloudy,Dry,Gsp Post 00,"[""Lap and Shoulder Belt Used"",""Lap and Shoulder Belt Used"",""Lap and Shoulder Belt Used""]","[""Motor Vehicle in Motion"",""Motor Vehicle in Motion""]","[""Motor Vehicle in Motion"",""Motor Vehicle in Motion""]",Changed Lanes Improperly,77,59.14866609472824
2022-12-13,18:30:00,18,2022,12,13,Tuesday,33.786215,-84.404236,(O) No Injury,0.0,0.0,0.0,Atlanta,FULTON,14Th St Nw,14Th St Nw and Mcmillan St Nw,Sideswipe-Same Direction,On Roadway - Roadway Intersection,Dark-Lighted,Clear,Dry,Atlanta Police Department,"[""Unknown"",""Unknown""]","[""Motor Vehicle in Motion"",""Motor Vehicle in Motion""]","[""Motor Vehicle in Motion"",""Motor Vehicle in Motion""]",,86,18.049924358763803
2022-12-14,17:52:00,17,2022,12,14,Wednesday,33.80695,-84.380652,(O) No Injury,0.0,0.0,0.0,Atlanta,FULTON,I-85 Sb,I-85 Sb and Buford Hwy Connector,Rear End,On Roadway - Non-Intersection,Dark-Lighted,Rain,Wet,Atlanta Police Department,Unknown,"[""Motor Vehicle in Motion"",""Motor Vehicle in Motion""]","[""Motor Vehicle in Motion"",""Motor Vehicle in Motion""]",Following Too Close,322,85.88880484260295
2022-12-14,17:00:00,17,2022,12,14,Wednesday,33.79784,-84.393321,(O) No Injury,0.0,0.0,0.0,Atlanta,FULTON,I-85,I-85 and Exit 84,Angle Crash,On Roadway - Non-Intersection,Dark-Lighted,Rain,Wet,Atlanta Police Department,"[""Lap and Shoulder Belt Used"",""Lap and Shoulder Belt Used""]","[""Motor Vehicle in Motion"",""Motor Vehicle in Motion""]","[""Motor Vehicle in Motion"",""Motor Vehicle in Motion""]",Driver Lost Control,R365,76.91738335533645
2022-12-14,18:00:00,18,2022,12,14,Wednesday,33.759564,-84.480437,(C) Possible Injury / Complaint,0.0,0.0,0.0,Atlanta,FULTON,I-20,None and I-20,Rear End,On Roadway - Non-Intersection,Dark-Lighted,Rain,Water (standing or moving),Atlanta Police Department,"[""Lap and Shoulder Belt Used"",""Lap and Shoulder Belt Used"",""Lap and Shoulder Belt Used"",""Lap and Shoulder Belt Used"",""Lap and Shoulder Belt Used"",""Lap and Shoulder Belt Used"",""Lap and Shoulder Belt Used"",""Lap and Shoulder Belt Used"",""Lap and Shoulder Belt Used"",""Lap and Shoulder Belt Used""]","[""Motor Vehicle in Motion"",""Motor Vehicle in Motion"",""Motor Vehicle in Motion"",""Motor Vehicle in Motion"",""Motor Vehicle in Motion"",""Motor Vehicle in Motion"",""Motor Vehicle in Motion""]","[""Motor Vehicle in Motion"",""Motor Vehicle in Motion"",""Motor Vehicle in Motion"",""Motor Vehicle in Motion"",""Motor Vehicle in Motion"",""Motor Vehicle in Motion"",""Motor Vehicle in Motion""]",Misjudged Clearance,313,159.1069531322596
2022-12-14,22:25:00,22,2022,12,14,Wednesday,33.786225,-84.406975,(C) Possible Injury / Complaint,0.0,0.0,0.0,Atlanta,FULTON,14Th St Nw,14Th St Nw and Hemphill Ave Nw,Sideswipe-Opposite Direction,On Roadway - Roadway Intersection,Dark-Lighted,Rain,Wet,Atlanta Police Department,"[""Lap and Shoulder Belt Used"",""Lap and Shoulder Belt Used"",""Lap and Shoulder Belt Used""]","[""Motor Vehicle in Motion"",""Motor Vehicle in Motion""]","[""Motor Vehicle in Motion"",""Motor Vehicle in Motion""]",Failure to Yield,86,235.7963659706259
2022-12-14,19:07:00,19,2022,12,14,Wednesday,33.75921,-84.378776,(O) No Injury,0.0,0.0,0.0,Atlanta,FULTON,Ellis St Ne,I-75 N and Ellis St Ne,Rear End,On Roadway - Non-Intersection,Dark-Lighted,Rain,Water (standing or moving),Atlanta Police Department,"[""Unknown"",""Unknown""]","[""Motor Vehicle in Motion"",""Motor Vehicle in Motion""]","[""Motor Vehicle in Motion"",""Motor Vehicle in Motion""]",Following Too Close,9,62.166100410377545
2022-12-14,19:00:00,19,2022,12,14,Wednesday,33.759162,-84.477677,(O) No Injury,0.0,0.0,0.0,Atlanta,FULTON,I-20,None and I-20,Rear End,On Roadway - Non-Intersection,Dark-Lighted,Rain,Water (standing or moving),Atlanta Police Department,"[""Unknown"",""Unknown"",""Unknown"",""Unknown""]","[""Motor Vehicle in Motion"",""Motor Vehicle in Motion"",""Motor Vehicle in Motion"",""Motor Vehicle in Motion""]","[""Motor Vehicle in Motion"",""Motor Vehicle in Motion"",""Motor Vehicle in Motion"",""Motor Vehicle in Motion""]","[""Following Too Close"",""Too Fast for Conditions""]",313,101.38637670359188
2022-12-14,19:30:00,19,2022,12,14,Wednesday,33.797859,-84.393312,(O) No Injury,0.0,0.0,0.0,Atlanta,FULTON,I-85,I-85 and Exit 84,Rear End,On Roadway - Non-Intersection,Dark-Lighted,Rain,Wet,Atlanta Police Department,"[""Lap and Shoulder Belt Used"",""Lap and Shoulder Belt Used""]","[""Motor Vehicle in Motion"",""Motor Vehicle in Motion""]","[""Motor Vehicle in Motion"",""Motor Vehicle in Motion""]",Following Too Close,R365,78.44753876055587
2022-12-14,20:17:00,20,2022,12,14,Wednesday,33.742574,-84.404114,(O) No Injury,0.0,0.0,0.0,Atlanta,FULTON,I-20,None and I-20,Rear End,On Roadway - Non-Intersection,Dark-Lighted,Rain,Wet,Atlanta Police Department,"[""None Used"",""None Used""]","[""Motor Vehicle in Motion"",""Motor Vehicle in Motion""]","[""Motor Vehicle in Motion"",""Motor Vehicle in Motion""]",,315,148.78851485008823
2022-12-15,17:12:00,17,2022,12,15,Thursday,33.758139,-84.378441,(O) No Injury,0.0,0.0,0.0,Atlanta,FULTON,I-7585 Nb,I-7585 Nb and Freedom Parkway,Sideswipe-Same Direction,On Roadway - Non-Intersection,Daylight,Clear,Dry,Gsp Post 00,"[""Lap and Shoulder Belt Used"",""Lap and Shoulder Belt Used"",""Lap and Shoulder Belt Used""]","[""Motor Vehicle in Motion"",""Motor Vehicle in Motion""]","[""Motor Vehicle in Motion"",""Motor Vehicle in Motion""]",Changed Lanes Improperly,9,65.58190782348534
2022-12-15,12:42:00,12,2022,12,15,Thursday,33.75809,-84.377951,(O) No Injury,0.0,0.0,0.0,Atlanta,FULTON,Exit 248C,Exit 248C and Irwin St Ne,Rear End,Entrance/Exit Ramp,Daylight,Clear,Dry,Atlanta Police Department,"[""Unknown"",""Unknown""]","[""Motor Vehicle in Motion"",""Motor Vehicle in Motion""]","[""Motor Vehicle in Motion"",""Motor Vehicle in Motion""]",Following Too Close,9,83.74455712435282