Date,Time,Hour,Year,Month,Day,DayOfWeek,Crash Latitude,Crash Longitude,KABCO Severity,# of Fatalities per Crash,# Serious Injuries,# Visible Injuries,Geolocated City,Geolocated County,Roadway (From Crash Report),Intersection Name (from Crash Report),Manner of Collision (Crash Level),Location at Impact (Crash Level),Light Conditions (Crash Level),Weather Conditions (Crash Level),Surface Condition (Crash Level),Agency Name (Crash Level),Safety Equipment (Crash Level),First Harmful Event (Unit Order),Most Harmful Event (Crash Level),"Operator/Pedestrian Contrib Factor (excl None, Other, No Contrib Factors)",join_id,Crash_to_TMAS_m
2022-12-15,20:08:00,20,2022,12,15,Thursday,33.798651,-84.396253,(C) Possible Injury / Complaint,0.0,0.0,0.0,Atlanta,FULTON,I-75,None and I-75,Angle Crash,On Roadway - Non-Intersection,Dark-Lighted,Clear,Dry,Atlanta Police Department,"[""Unknown"",""Unknown"",""Unknown"",""Unknown"",""Unknown""]","[""Motor Vehicle in Motion"",""Motor Vehicle in Motion""]","[""Motor Vehicle in Motion"",""Motor Vehicle in Motion""]","[""Too Fast for Conditions"",""Changed Lanes Improperly""]",R365,231.02721596521187
2022-12-15,00:15:00,0,2022,12,15,Thursday,33.762256,-84.492652,(O) No Injury,0.0,0.0,0.0,Atlanta,FULTON,I-285,None and I-285,Sideswipe-Same Direction,"On Roadway - Managed Lane (HOV, HOT, Reversible)",Dark-Lighted,Clear,Dry,Atlanta Police Department,"[""Unknown"",""Lap and Shoulder Belt Used""]","[""Motor Vehicle in Motion"",""Motor Vehicle in Motion""]","[""Motor Vehicle in Motion"",""Motor Vehicle in Motion""]",Changed Lanes Improperly,R376,176.29829778460905
2022-12-15,07:20:00,7,2022,12,15,Thursday,33.793991,-84.392623,(O) No Injury,0.0,0.0,0.0,Atlanta,FULTON,I-85 N,I-85 N and 17Th Street,Sideswipe-Same Direction,On Roadway - Non-Intersection,Dark-Not Lighted,Rain,Wet,Gsp Post 00,"[""Unknown"",""Lap and Shoulder Belt Used""]","[""Motor Vehicle in Motion"",""Motor Vehicle in Motion""]","[""Motor Vehicle in Motion"",""Median Barrier""]",Changed Lanes Improperly,R378,129.91351786432756
2022-12-15,12:20:00,12,2022,12,15,Thursday,33.79365,-84.392824,(C) Possible Injury / Complaint,0.0,0.0,0.0,Atlanta,FULTON,I-85Sb,I-85Sb and Peachtree Rd,Sideswipe-Same Direction,On Roadway - Non-Intersection,Daylight,Clear,Dry,Gsp Post 00,"[""Lap Belt Only Used"",""Lap and Shoulder Belt Used"",""Lap and Shoulder Belt Used"",""Lap and Shoulder Belt Used""]","[""Motor Vehicle in Motion"",""Motor Vehicle in Motion"",""Motor Vehicle in Motion""]","[""Motor Vehicle in Motion"",""Motor Vehicle in Motion"",""Motor Vehicle in Motion""]",Changed Lanes Improperly,R378,172.08226727898435
2022-12-16,21:07:00,21,2022,12,16,Friday,33.764329,-84.492435,(O) No Injury,0.0,0.0,0.0,Atlanta,FULTON,I-20,None and I-20,Sideswipe-Same Direction,On Roadway - Roadway Intersection,Dark-Not Lighted,Clear,Dry,Atlanta Police Department,Unknown,"[""Motor Vehicle in Motion"",""Motor Vehicle in Motion""]","[""Motor Vehicle in Motion"",""Motor Vehicle in Motion""]","[""Changed Lanes Improperly"",""Failure to Yield""]",R376,113.54460989714072
2022-12-16,15:39:00,15,2022,12,16,Friday,33.744181,-84.400754,(O) No Injury,0.0,0.0,0.0,Atlanta,FULTON,I-20 Eb,I-20 Eb and Windsor Street,Sideswipe-Same Direction,On Roadway - Non-Intersection,Daylight,Clear,Dry,Gsp Post 00,"[""Lap and Shoulder Belt Used"",""Lap and Shoulder Belt Used""]","[""Motor Vehicle in Motion"",""Motor Vehicle in Motion""]","[""Motor Vehicle in Motion"",""Motor Vehicle in Motion""]",Changed Lanes Improperly,315,218.88209305191344
2022-12-16,12:59:00,12,2022,12,16,Friday,33.797419,-84.393201,(O) No Injury,0.0,0.0,0.0,Atlanta,FULTON,I-85 North,17Th St and I-85 North,Rear End,On Roadway - Non-Intersection,Daylight,Clear,Dry,Gsp Post 00,"[""Lap and Shoulder Belt Used"",""Lap and Shoulder Belt Used""]","[""Motor Vehicle in Motion"",""Motor Vehicle in Motion""]","[""Motor Vehicle in Motion"",""Motor Vehicle in Motion""]",Following Too Close,R365,85.66423413690949
2022-12-16,16:00:00,16,2022,12,16,Friday,33.793418,-84.39299,(O) No Injury,0.0,0.0,0.0,Atlanta,FULTON,I-75,None and I-75,Sideswipe-Same Direction,On Roadway - Non-Intersection,Daylight,Clear,Dry,Atlanta Police Department,"[""Unknown"",""Lap and Shoulder Belt Used""]","[""Motor Vehicle in Motion"",""Motor Vehicle in Motion""]",Motor Vehicle in Motion,Aggressive Driving,R378,201.98762715314007
2022-12-17,08:41:00,8,2022,12,17,Saturday,33.759259,-84.379468,(O) No Injury,0.0,0.0,0.0,Atlanta,FULTON,I-75,I-75 and Ellis St Ne,Not a Collision with Motor Vehicle,Entrance/Exit Ramp,Daylight,Cloudy,Dry,Atlanta Police Department,Lap and Shoulder Belt Used,Motor Vehicle in Motion,Motor Vehicle in Motion,Driver Lost Control,9,112.68940403980687
2022-12-17,23:19:00,23,2022,12,17,Saturday,33.764507,-84.492754,(O) No Injury,0.0,0.0,0.0,Atlanta,FULTON,I-20,I-20 and I-285 N,Not a Collision with Motor Vehicle,On Roadway - Non-Intersection,Dark-Not Lighted,Clear,Dry,Atlanta Police Department,Unknown,Motor Vehicle in Motion,Motor Vehicle in Motion,Driver Lost Control,R376,148.36684301087877
2022-12-17,16:00:00,16,2022,12,17,Saturday,33.806584,-84.380667,(O) No Injury,0.0,0.0,0.0,Atlanta,FULTON,I-85,None and I-85,Rear End,On Roadway - Non-Intersection,Daylight,Clear,Dry,Atlanta Police Department,"[""Lap and Shoulder Belt Used"",""Lap and Shoulder Belt Used""]","[""Motor Vehicle in Motion"",""Motor Vehicle in Motion""]","[""Motor Vehicle in Motion"",""Motor Vehicle in Motion""]",Following Too Close,322,102.5881871639984
2022-12-17,18:55:00,18,2022,12,17,Saturday,33.759871,-84.379084,(O) No Injury,0.0,0.0,0.0,Atlanta,FULTON,I-75,I-75 and Andrew Young International Blvd Ne,Sideswipe-Same Direction,On Roadway - Non-Intersection,Dark-Lighted,Clear,Dry,Atlanta Police Department,"[""Lap and Shoulder Belt Used"",""Lap and Shoulder Belt Used""]","[""Motor Vehicle in Motion"",""Motor Vehicle in Motion""]","[""Motor Vehicle in Motion"",""Motor Vehicle in Motion""]",Changed Lanes Improperly,9,140.3593801859627
2022-12-17,18:43:00,18,2022,12,17,Saturday,33.743578,-84.376932,(C) Possible Injury / Complaint,0.0,0.0,0.0,Atlanta,FULTON,I-20 Rp,None and I-20 Rp,Not a Collision with Motor Vehicle,Off Roadway,Daylight,Clear,Dry,Atlanta Police Department,"[""Unknown"",""Unknown""]","[""Motor Vehicle in Motion"",""Motor Vehicle in Motion""]","[""Motor Vehicle in Motion"",""Motor Vehicle in Motion""]",,77,170.04500662259807
2022-12-17,18:20:00,18,2022,12,17,Saturday,33.74349,-84.37828,(O) No Injury,0.0,0.0,0.0,Atlanta,FULTON,I-20,None and I-20,Sideswipe-Same Direction,On Roadway - Non-Intersection,Dark-Lighted,Clear,Dry,Atlanta Police Department,"[""Unknown"",""Unknown"",""Unknown"",""Unknown""]","[""Motor Vehicle in Motion"",""Motor Vehicle in Motion"",""Motor Vehicle in Motion""]","[""Motor Vehicle in Motion"",""Motor Vehicle in Motion"",""Motor Vehicle in Motion""]",,77,54.33559749106898
2022-12-17,15:57:00,15,2022,12,17,Saturday,33.757637,-84.378844,(O) No Injury,0.0,0.0,0.0,Atlanta,FULTON,John Wesley Dobbs Ave Ne,I-75 S and John Wesley Dobbs Ave Ne,Rear End,On Roadway - Non-Intersection,Dark-Lighted,Cloudy,Dry,Atlanta Police Department,"[""Unknown"",""Unknown""]","[""Motor Vehicle in Motion"",""Motor Vehicle in Motion""]","[""Motor Vehicle in Motion"",""Motor Vehicle in Motion""]",Following Too Close,9,127.19763626997111
2022-12-18,01:30:00,1,2022,12,18,Sunday,33.676625,-84.39764,(C) Possible Injury / Complaint,0.0,0.0,0.0,Atlanta,FULTON,I-75,None and I-75,Sideswipe-Same Direction,On Roadway - Non-Intersection,Dark-Lighted,Clear,Dry,Atlanta Police Department,"[""Lap and Shoulder Belt Used"",""Lap and Shoulder Belt Used""]","[""Motor Vehicle in Motion"",""Motor Vehicle in Motion"",""Motor Vehicle in Motion""]","[""Motor Vehicle in Motion"",""Motor Vehicle in Motion""]",Aggressive Driving,309,39.0705408124992
2022-12-19,17:50:00,17,2022,12,19,Monday,33.806567,-84.378815,(O) No Injury,0.0,0.0,0.0,Atlanta,FULTON,Ga-13Sb,Ga-13Sb and Armour Dr,Rear End,On Roadway - Non-Intersection,Dusk,Cloudy,Dry,Gsp Post 00,"[""Lap and Shoulder Belt Used"",""Lap and Shoulder Belt Used""]","[""Motor Vehicle in Motion"",""Motor Vehicle in Motion""]","[""Motor Vehicle in Motion"",""Motor Vehicle in Motion""]",Following Too Close,322,103.47911833152632
2022-12-19,09:40:00,9,2022,12,19,Monday,33.677611,-84.397785,(O) No Injury,0.0,0.0,0.0,Atlanta,FULTON,I-75,I-75 and Exit 241,Sideswipe-Same Direction,"On Roadway - Managed Lane (HOV, HOT, Reversible)",Daylight,Clear,Dry,Atlanta Police Department,"[""Unknown"",""Unknown""]","[""Motor Vehicle in Motion"",""Motor Vehicle in Motion""]","[""Motor Vehicle in Motion"",""Motor Vehicle in Motion""]",Driver Condition,309,146.3242487585074
2022-12-19,20:06:00,20,2022,12,19,Monday,33.807029,-84.378304,(C) Possible Injury / Complaint,0.0,0.0,0.0,Atlanta,FULTON,Buford Hwy Ne,Buford Hwy Ne and Lenox Pointe Ne,Rear End,On Roadway - Non-Intersection,Dark-Lighted,Cloudy,Dry,Atlanta Police Department,"[""Lap and Shoulder Belt Used"",""Lap and Shoulder Belt Used"",""Lap and Shoulder Belt Used""]","[""Motor Vehicle in Motion"",""Motor Vehicle in Motion""]","[""Motor Vehicle in Motion"",""Motor Vehicle in Motion""]",,322,133.17914530254802
2022-12-19,09:09:00,9,2022,12,19,Monday,33.762698,-84.493574,(O) No Injury,0.0,0.0,0.0,Atlanta,FULTON,I-285 Sb,I-285 Sb and Martin Luther King Dr,Sideswipe-Same Direction,On Roadway - Non-Intersection,Daylight,Clear,Dry,Gsp Post 00,"[""Lap and Shoulder Belt Used"",""Lap and Shoulder Belt Used""]","[""Motor Vehicle in Motion"",""Motor Vehicle in Motion""]","[""Motor Vehicle in Motion"",""Motor Vehicle in Motion""]",,R376,207.45044544440165
2022-12-20,23:00:00,23,2022,12,20,Tuesday,33.793261,-84.392038,(B) Suspected Minor/Visible Injury,0.0,0.0,2.0,Atlanta,FULTON,I-75,None and I-75,Sideswipe-Same Direction,"On Roadway - Managed Lane (HOV, HOT, Reversible)",Dark-Not Lighted,Cloudy,Dry,Atlanta Police Department,"[""Unknown"",""None Used"",""None Used""]","[""Motor Vehicle in Motion"",""Motor Vehicle in Motion""]","[""Motor Vehicle in Motion"",""Motor Vehicle in Motion""]","[""Changed Lanes Improperly"",""Driver Condition"",""Driver Lost Control"",""Under the Influence (U.I.)""]",R378,197.41860711981536
2022-12-20,06:37:00,6,2022,12,20,Tuesday,33.874676,-84.447082,(O) No Injury,0.0,0.0,0.0,Atlanta,FULTON,I-75 Sb,I-75 Sb and Mt Paran Rd,Not a Collision with Motor Vehicle,On Roadway - Non-Intersection,Dark-Not Lighted,Clear,Dry,Gsp Post 00,"[""Lap and Shoulder Belt Used"",""Lap and Shoulder Belt Used"",""Lap and Shoulder Belt Used""]","[""Other Non-Collision"",""Other Object (Not Fixed)""]","[""Other Non-Collision"",""Impact Attenuate""]",,308,96.64690122062947
2022-12-20,10:40:00,10,2022,12,20,Tuesday,33.756556,-84.378288,(C) Possible Injury / Complaint,0.0,0.0,0.0,Atlanta,FULTON,I-7585 North,I-7585 North and Freedom Parkway,Rear End,On Roadway - Non-Intersection,Daylight,Rain,Wet,Gsp Post 00,"[""Lap and Shoulder Belt Used"",""Lap and Shoulder Belt Used""]","[""Motor Vehicle in Motion"",""Motor Vehicle in Motion""]","[""Motor Vehicle in Motion"",""Motor Vehicle in Motion""]",Following Too Close,9,241.57332834016503
2022-12-20,14:40:00,14,2022,12,20,Tuesday,33.764362,-84.492494,(C) Possible Injury / Complaint,0.0,0.0,0.0,Atlanta,FULTON,I-20 Eb,I-285 and I-20 Eb,Rear End,On Roadway - Non-Intersection,Daylight,Clear,Wet,Gsp Post 00,"[""Lap and Shoulder Belt Used"",""Lap and Shoulder Belt Used""]","[""Motor Vehicle in Motion"",""Motor Vehicle in Motion""]","[""Impact Attenuate"",""Motor Vehicle in Motion""]",Following Too Close,R376,119.9592110009362
2022-12-20,12:00:00,12,2022,12,20,Tuesday,33.807554,-84.379404,(A) Suspected Serious Injury,0.0,1.0,0.0,Atlanta,FULTON,I-85Nb,I-85Nb and Peachtree Rd,Rear End,On Roadway - Non-Intersection,Daylight,Clear,Dry,Gsp Post 00,"[""Lap and Shoulder Belt Used"",""Lap and Shoulder Belt Used"",""Lap and Shoulder Belt Used"",""Lap and Shoulder Belt Used"",""Lap and Shoulder Belt Used""]","[""Motor Vehicle in Motion"",""Motor Vehicle in Motion"",""Motor Vehicle in Motion"",""Motor Vehicle in Motion"",""Motor Vehicle in Motion""]","[""Motor Vehicle in Motion"",""Motor Vehicle in Motion"",""Motor Vehicle in Motion"",""Motor Vehicle in Motion"",""Motor Vehicle in Motion""]","[""Following Too Close"",""Following Too Close""]",322,60.15852909885045
2022-12-20,06:24:00,6,2022,12,20,Tuesday,33.759599,-84.379677,(O) No Injury,0.0,0.0,0.0,Atlanta,FULTON,I-7585 S,I-7585 S and Freedom Parkway,Sideswipe-Same Direction,On Roadway - Non-Intersection,Dark-Not Lighted,Rain,Wet,Gsp Post 00,"[""Lap and Shoulder Belt Used"",""Lap and Shoulder Belt Used""]","[""Motor Vehicle in Motion"",""Motor Vehicle in Motion""]","[""Motor Vehicle in Motion"",""Motor Vehicle in Motion""]",Changed Lanes Improperly,9,150.50612081864216
2022-12-21,15:43:00,15,2022,12,21,Wednesday,33.806642,-84.380595,(O) No Injury,0.0,0.0,0.0,Atlanta,FULTON,I-85 North,None and I-85 North,Sideswipe-Same Direction,On Roadway - Roadway Intersection,Daylight,Clear,Dry,Atlanta Police Department,"[""Unknown"",""Unknown""]","[""Motor Vehicle in Motion"",""Motor Vehicle in Motion""]","[""Motor Vehicle in Motion"",""Motor Vehicle in Motion""]",Failure to Yield,322,93.5008342417574
2022-12-21,18:30:00,18,2022,12,21,Wednesday,33.742937,-84.402819,(O) No Injury,0.0,0.0,0.0,Atlanta,FULTON,I-20 Exit 56B Rp,None and I-20 Exit 56B Rp,Sideswipe-Same Direction,On Roadway - Non-Intersection,Dark-Lighted,Clear,Dry,Atlanta Police Department,"[""Unknown"",""Unknown"",""Unknown""]","[""Motor Vehicle in Motion"",""Motor Vehicle in Motion""]","[""Motor Vehicle in Motion"",""Motor Vehicle in Motion""]",Changed Lanes Improperly,315,24.19321743303467
2022-12-22,18:30:00,18,2022,12,22,Thursday,33.807131,-84.38041,(O) No Injury,0.0,0.0,0.0,Atlanta,FULTON,I-85 Sb,I-85 Sb and Armour Dr,Rear End,On Roadway - Non-Intersection,Dark-Lighted,Cloudy,Wet,Gsp Post 00,"[""Lap and Shoulder Belt Used"",""Lap and Shoulder Belt Used""]","[""Motor Vehicle in Motion"",""Motor Vehicle in Motion""]","[""Motor Vehicle in Motion"",""Motor Vehicle in Motion""]",Following Too Close,322,62.224049420331546
2022-12-22,02:42:00,2,2022,12,22,Thursday,33.759261,-84.478354,(O) No Injury,0.0,0.0,0.0,Atlanta,FULTON,I-20,None and I-20,Rear End,On Roadway - Non-Intersection,Dark-Lighted,Other,Dry,Atlanta Police Department,"[""Lap and Shoulder Belt Used"",""Lap and Shoulder Belt Used"",""Lap and Shoulder Belt Used""]","[""Motor Vehicle in Motion"",""Motor Vehicle in Motion""]","[""Motor Vehicle in Motion"",""Motor Vehicle in Motion""]",Following Too Close,313,38.5665087165488
2022-12-22,07:34:00,7,2022,12,22,Thursday,33.807398,-84.380046,(O) No Injury,0.0,0.0,0.0,Atlanta,FULTON,I-85 S,I-85 S and Piedmont Road,Rear End,On Roadway - Non-Intersection,Dawn,Rain,Wet,Gsp Post 00,"[""Lap and Shoulder Belt Used"",""Lap and Shoulder Belt Used""]","[""Motor Vehicle in Motion"",""Motor Vehicle in Motion""]","[""Motor Vehicle in Motion"",""Motor Vehicle in Motion""]",Following Too Close,322,44.3979451180405
2022-12-22,23:15:00,23,2022,12,22,Thursday,33.79887,-84.392598,(C) Possible Injury / Complaint,0.0,0.0,0.0,Atlanta,FULTON,I-85 Sb Expy Nw  I75 Nb Expy Nw,None and I-85 Sb Expy Nw  I75 Nb Expy Nw,Sideswipe-Same Direction,On Roadway - Roadway Intersection,Dark-Lighted,Rain,Wet,Atlanta Police Department,"[""Lap and Shoulder Belt Used"",""Lap and Shoulder Belt Used""]","[""Motor Vehicle in Motion"",""Motor Vehicle in Motion""]","[""Motor Vehicle in Motion"",""Motor Vehicle in Motion""]",Changed Lanes Improperly,R365,198.0257009036876
2022-12-23,19:00:00,19,2022,12,23,Friday,33.797943,-84.395836,(O) No Injury,0.0,0.0,0.0,Atlanta,FULTON,I-75Sb,I-75Sb and Deering Rd,Rear End,On Roadway - Non-Intersection,Dark-Lighted,Clear,Dry,Gsp Post 00,"[""Lap and Shoulder Belt Used"",""Lap and Shoulder Belt Used""]","[""Motor Vehicle in Motion"",""Motor Vehicle in Motion""]","[""Motor Vehicle in Motion"",""Motor Vehicle in Motion""]",Following Too Close,R365,165.25196517455225
2022-12-23,12:50:00,12,2022,12,23,Friday,33.797081,-84.394704,(O) No Injury,0.0,0.0,0.0,Atlanta,FULTON,I-75Sb,I-75Sb and Northside Dr,Rear End,On Roadway - Non-Intersection,Daylight,Clear,Dry,Gsp Post 00,"[""Lap and Shoulder Belt Used"",""Lap and Shoulder Belt Used""]","[""Motor Vehicle in Motion"",""Motor Vehicle in Motion""]","[""Motor Vehicle in Motion"",""Motor Vehicle in Motion""]",Following Too Close,R356,75.71536033142887
2022-12-25,10:45:00,10,2022,12,25,Sunday,33.795582,-84.393336,(O) No Injury,0.0,0.0,0.0,Atlanta,FULTON,I-85,None and I-85,Not a Collision with Motor Vehicle,On Roadway - Non-Intersection,Daylight,Clear,Dry,Atlanta Police Department,Unknown,Motor Vehicle in Motion,Bridge Rail,Driver Lost Control,R356,135.48991383266068
2022-12-25,20:15:00,20,2022,12,25,Sunday,33.743502,-84.379528,(C) Possible Injury / Complaint,0.0,0.0,0.0,Atlanta,FULTON,I-20,None and I-20,Not a Collision with Motor Vehicle,On Roadway - Non-Intersection,Dark-Lighted,Clear,Dry,Atlanta Police Department,Lap and Shoulder Belt Used,Motor Vehicle in Motion,Motor Vehicle in Motion,Driver Lost Control,77,87.44599124391723
2022-12-27,16:02:00,16,2022,12,27,Tuesday,33.758549,-84.378526,(O) No Injury,0.0,0.0,0.0,Atlanta,FULTON,I-7585 Nb,I-7585 Nb and Edgewood Avenue,Sideswipe-Same Direction,On Roadway - Non-Intersection,Daylight,Clear,Dry,Gsp Post 00,"[""Lap and Shoulder Belt Used"",""Lap and Shoulder Belt Used"",""Lap and Shoulder Belt Used"",""Lap and Shoulder Belt Used"",""Lap and Shoulder Belt Used"",""Lap and Shoulder Belt Used"",""Lap and Shoulder Belt Used""]","[""Motor Vehicle in Motion"",""Motor Vehicle in Motion""]","[""Motor Vehicle in Motion"",""Motor Vehicle in Motion""]",Changed Lanes Improperly,9,21.965196561828947
2022-12-27,19:00:00,19,2022,12,27,Tuesday,33.764164,-84.493729,(O) No Injury,0.0,0.0,0.0,Atlanta,FULTON,I-285,None and I-285,Sideswipe-Same Direction,On Roadway - Non-Intersection,Dark-Lighted,Cloudy,Dry,Atlanta Police Department,"[""Unknown"",""Unknown""]","[""Motor Vehicle in Motion"",""Motor Vehicle in Motion""]","[""Motor Vehicle in Motion"",""Motor Vehicle in Motion""]",Changed Lanes Improperly,R376,207.6496126527816
2022-12-28,07:55:00,7,2022,12,28,Wednesday,33.761835,-84.492671,(C) Possible Injury / Complaint,0.0,0.0,0.0,Atlanta,FULTON,I-285,None and I-285,Sideswipe-Same Direction,On Roadway - Non-Intersection,Daylight,Clear,Dry,Atlanta Police Department,"[""Unknown"",""Lap and Shoulder Belt Used""]","[""Motor Vehicle in Motion"",""Motor Vehicle in Motion""]","[""Motor Vehicle in Motion"",""Motor Vehicle in Motion""]","[""Changed Lanes Improperly"",""Under the Influence (U.I.)""]",R376,217.55870011974145
2022-12-28,18:50:00,18,2022,12,28,Wednesday,33.79696,-84.394575,(O) No Injury,0.0,0.0,0.0,Atlanta,FULTON,I-75,None and I-75,Rear End,On Roadway - Non-Intersection,Dark-Lighted,Clear,Dry,Atlanta Police Department,"[""Unknown"",""Unknown""]","[""Motor Vehicle in Motion"",""Motor Vehicle in Motion""]","[""Motor Vehicle in Motion"",""Motor Vehicle in Motion""]",,R356,58.56365847565095
2022-12-28,14:35:00,14,2022,12,28,Wednesday,33.797319,-84.395499,(O) No Injury,0.0,0.0,0.0,Atlanta,FULTON,I-75,I-75 and Deering Rd Nw,Angle Crash,On Roadway - Non-Intersection,Daylight,Clear,Dry,Atlanta Police Department,"[""Unknown"",""Unknown""]","[""Motor Vehicle in Motion"",""Motor Vehicle in Motion""]","[""Motor Vehicle in Motion"",""Motor Vehicle in Motion""]",Changed Lanes Improperly,R365,133.29106144389206
2022-12-28,20:50:00,20,2022,12,28,Wednesday,33.798983,-84.392661,(O) No Injury,0.0,0.0,0.0,Atlanta,FULTON,Exit 85 Rp,None and Exit 85 Rp,Rear End,On Roadway - Non-Intersection,Dark-Lighted,Cloudy,Dry,Atlanta Police Department,"[""Lap and Shoulder Belt Used"",""Lap and Shoulder Belt Used"",""Lap and Shoulder Belt Used"",""Lap and Shoulder Belt Used""]","[""Motor Vehicle in Motion"",""Motor Vehicle in Motion""]","[""Motor Vehicle in Motion"",""Motor Vehicle in Motion""]",,R365,203.26075845246908
2022-12-29,12:54:00,12,2022,12,29,Thursday,33.743472,-84.380277,(O) No Injury,0.0,0.0,0.0,Atlanta,FULTON,I-20 Wb,I-20 Wb and Hill Street,Rear End,On Roadway - Non-Intersection,Daylight,Clear,Dry,Gsp Post 00,"[""Lap and Shoulder Belt Used"",""Lap and Shoulder Belt Used"",""Lap and Shoulder Belt Used""]","[""Motor Vehicle in Motion"",""Motor Vehicle in Motion"",""Motor Vehicle in Motion""]","[""Motor Vehicle in Motion"",""Motor Vehicle in Motion"",""Motor Vehicle in Motion""]",Following Too Close,77,151.64433942440024
2022-12-29,05:00:00,5,2022,12,29,Thursday,33.797955,-84.395842,(O) No Injury,0.0,0.0,0.0,Atlanta,FULTON,I-75 Exit 251,I-75 S and I-75 Exit 251,Head On,On Roadway - Roadway Intersection,Dark-Lighted,Clear,Dry,Atlanta Police Department,"[""Unknown"",""Lap and Shoulder Belt Used"",""Lap and Shoulder Belt Used""]","[""Motor Vehicle in Motion"",""Motor Vehicle in Motion""]","[""Motor Vehicle in Motion"",""Motor Vehicle in Motion""]",Changed Lanes Improperly,R365,166.1035429817897
2022-12-29,05:53:00,5,2022,12,29,Thursday,33.793909,-84.391735,(O) No Injury,0.0,0.0,0.0,Atlanta,FULTON,I-75 S,I-85 N and I-75 S,Sideswipe-Same Direction,On Roadway - Non-Intersection,Dark-Lighted,Clear,Dry,Gsp Post 00,"[""Unknown"",""Lap and Shoulder Belt Used""]","[""Motor Vehicle in Motion"",""Motor Vehicle in Motion""]","[""Motor Vehicle in Motion"",""Tree""]","[""Changed Lanes Improperly"",""Too Fast for Conditions""]",R378,127.8676228184995
2022-12-30,14:11:00,14,2022,12,30,Friday,33.743307,-84.379296,(O) No Injury,0.0,0.0,0.0,Atlanta,FULTON,I-20 West,Hill St and I-20 West,Rear End,On Roadway - Non-Intersection,Daylight,Cloudy,Dry,Gsp Post 00,"[""Lap and Shoulder Belt Used"",""Lap and Shoulder Belt Used""]","[""Motor Vehicle in Motion"",""Motor Vehicle in Motion""]","[""Motor Vehicle in Motion"",""Motor Vehicle in Motion""]",Following Too Close,77,59.14866609472824
2022-12-31,07:40:00,7,2022,12,31,Saturday,33.74334,-84.402573,(O) No Injury,0.0,0.0,0.0,Atlanta,FULTON,I-20,None and I-20,Not a Collision with Motor Vehicle,On Roadway - Non-Intersection,Daylight,Cloudy,Wet,Atlanta Police Department,Unknown,Motor Vehicle in Motion,Motor Vehicle in Motion,"[""Too Fast for Conditions"",""Under the Influence (U.I.)""]",315,47.72481640071784
2022-12-31,15:24:00,15,2022,12,31,Saturday,33.797916,-84.394676,(O) No Injury,0.0,0.0,0.0,Atlanta,FULTON,Alden Ave Nw,Alden Ave Nw and Deering Rd Nw,Rear End,On Roadway - Non-Intersection,Daylight,Cloudy,Wet,Atlanta Police Department,"[""Lap and Shoulder Belt Used"",""Lap and Shoulder Belt Used""]","[""Motor Vehicle in Motion"",""Motor Vehicle in Motion""]","[""Motor Vehicle in Motion"",""Motor Vehicle in Motion""]",Improper Backing,R365,63.845160967435234
2022-12-31,21:55:00,21,2022,12,31,Saturday,33.80712,-84.379988,(C) Possible Injury / Complaint,0.0,0.0,0.0,Atlanta,FULTON,I-75,None and I-75,Sideswipe-Same Direction,On Roadway - Non-Intersection,Dark-Not Lighted,Clear,Dry,Atlanta Police Department,"[""Unknown"",""Unknown"",""Unknown""]","[""Motor Vehicle in Motion"",""Motor Vehicle in Motion""]","[""Other - Fixed Object"",""Other - Fixed Object""]",,322,23.21047740113121
2022-12-31,14:00:00,14,2022,12,31,Saturday,33.798957,-84.392516,(B) Suspected Minor/Visible Injury,0.0,0.0,1.0,Atlanta,FULTON,I-85,None and I-85,Rear End,On Roadway - Roadway Intersection,Daylight,Cloudy,Dry,Atlanta Police Department,"[""Lap and Shoulder Belt Used"",""Lap Belt Only Used"",""Lap and Shoulder Belt Used"",""Lap and Shoulder Belt Used"",""Lap and Shoulder Belt Used"",""Lap and Shoulder Belt Used""]","[""Motor Vehicle in Motion"",""Motor Vehicle in Motion"",""Motor Vehicle in Motion"",""Motor Vehicle in Motion"",""Motor Vehicle in Motion""]","[""Motor Vehicle in Motion"",""Motor Vehicle in Motion"",""Motor Vehicle in Motion"",""Motor Vehicle in Motion"",""Motor Vehicle in Motion""]",Following Too Close,R365,210.2359202989963
2022-12-31,04:40:00,4,2022,12,31,Saturday,33.760153,-84.379247,(O) No Injury,0.0,0.0,0.0,Atlanta,FULTON,I-75,I-75 and Andrew Young International Blvd Ne,Sideswipe-Same Direction,On Roadway - Non-Intersection,Dark-Lighted,Clear,Wet,Atlanta Police Department,"[""Unknown"",""Lap and Shoulder Belt Used""]","[""Motor Vehicle in Motion"",""Motor Vehicle in Motion""]",Motor Vehicle in Motion,Misjudged Clearance,9,175.1039456130836